batch,slot,pic50_on_rescore,valid_connected,pb_fast_pass,energy_status,mmff_relief_per_heavy,smiles
137,0,7.256681442260742,True,True,converged,0.7160867119547123,CCc1cccc2c1[nH]c1c3c(c4cnccc4c12)C=CC(=O)C3=O
137,1,6.935947418212891,True,True,converged,1.0281020847687308,Clc1ccc2c(c1)[C@H](c1nc3cccc(Cl)c3[nH]1)c1ccncc1O2
137,2,8.020865440368652,True,True,converged,0.4335048779010378,O=C([O-])c1ccc2c(c1)nc(Nc1cccc(Cl)c1)c1ccncc12
137,3,8.02336597442627,True,True,converged,0.5268182475726203,O=C(O)c1ccc2c(c1)nc(Nc1cccc(Cl)c1)c1ccncc12
137,4,7.177493095397949,True,True,converged,1.2407616344955124,O=c1cccc2c3c(c4[nH]c5ccccc5c4cc13)-c1ccncc1-2
137,5,7.933218002319336,True,True,converged,0.4368817361011994,O=C(O)c1ccc2c(c1)nc(Nc1cccc(Cl)c1)c1ccncc12
137,6,7.630847930908203,True,True,converged,1.1188777017916989,O=C(O)c1ccc2c(c1)c1ccncc1c1ccc3ccccc3c12
137,7,7.907302379608154,True,True,converged,0.5791552183659746,O=C(O)c1ccc2c3cnccc3c3c4cccc(Cl)c4[nH]c3c2c1
137,8,7.242074012756348,True,True,converged,0.8652034272204068,O=C(O)c1ccc2c(c1)nc(-c1cc(Cl)ccc1O)c1ccncc12
137,9,7.893385887145996,True,True,converged,0.4356669710558705,O=C([O-])c1ccc2c(c1)nc(Nc1cccc(Cl)c1)c1ccncc12
137,10,7.404134750366211,False,False,not_applicable,,
137,11,7.839389801025391,True,True,converged,0.416293365585791,O=C(O)c1ccc2c3cnccc3c3nc4ccccc4nc3c2c1
137,12,7.217374801635742,True,True,converged,0.9646778690468124,N=c1c2c(ccn1O)c1cnccc1c1c(=O)c3ccccc3[nH]c12
137,13,7.503002166748047,True,True,converged,0.6392247248486705,Oc1cc2c(cc1F)C(=C1Nc3cccc(Cl)c3N1)c1ccncc1-2
137,14,7.873234748840332,True,True,converged,0.4404148347510801,O=C([O-])c1ccc2c(c1)nc(Nc1cccc(Cl)c1)c1ccncc12
137,15,7.72939920425415,True,True,converged,1.0633250565287713,O=C(O)c1ccc2c(c1)nc(-c1cc(Cl)ccc1O)c1ccncc12
137,16,7.033161163330078,True,True,converged,0.2072748594614165,O=c1c2ccccc2oc2c3cc(O)c(O)cc3c3ccccc3c12
137,17,7.922642230987549,True,True,converged,0.4861814719977778,O=C(O)c1ccc2c(c1)nc(Nc1cccc(Cl)c1)c1ccncc12
137,18,7.534632682800293,True,True,converged,1.3962264568346712,OCc1ccc2c(c1)nc(-n1ccc3c1C=CCC3)c1ccncc12
137,19,8.01907730102539,True,True,converged,0.4858461291745476,O=C(O)c1ccc2c(c1)nc(Nc1cccc(Cl)c1)c1ccncc12
137,20,7.171774864196777,True,True,converged,0.4145678855978798,O=C(O)c1cc2c3cnccc3c3oc4ccccc4c(=O)c3c2[nH]1
137,21,7.637478828430176,True,True,converged,0.5524693659119027,O=C(O)c1ccc2c3cnccc3n3c4cccc(Cl)c4nc3c2c1
137,22,6.942843914031982,True,True,converged,0.8781504203494968,Oc1cc2c3c(c4ccncc4nc3c1Cl)-c1cc(Cl)cc(Cl)c1O2
137,23,8.02446460723877,True,True,converged,0.7243083350601447,Nc1nccc2c1c1ccc(C(=O)O)cc1c1[nH]c3ccccc3c21
137,24,7.934439659118652,True,True,converged,0.3852661495343488,O=C(O)c1ccc2c3cnccc3c3nc4ccccc4nc3c2c1
137,25,8.074956893920898,True,True,converged,0.4808820080102613,O=C(O)c1ccc2c(c1)nc(Nc1cccc(Cl)c1)c1ccncc12
137,26,7.59915018081665,True,True,converged,0.4571616018327256,O=C(O)c1ccc2c3cnccc3c3nc4ccccc4nc3c2c1
137,27,7.838566303253174,True,True,converged,0.7220590740688902,O=C(O)c1ccc2c(c1)c1cc3c(Cl)cccc3nc1c1sncc21
137,28,6.692437171936035,True,True,converged,0.364528581304354,O=c1c2ccccc2oc2c3cc(CO)ccc3c3cnccc3c12
137,29,7.596077919006348,True,True,converged,0.597782509099261,O=C(O)c1ccc2c3cnccc3c3[nH]c4ccc(Cl)cc4c3c2c1
137,30,7.806232452392578,True,True,converged,0.4621867819548433,O=C([O-])c1ccc2c(c1)nc(Nc1cccc(Cl)c1)c1ccncc12
137,31,7.446589946746826,True,True,converged,0.2410297430854075,Oc1cc2c3cnccc3c3nc4cccc(O)c4nc3c2cc1O
137,32,7.732412338256836,True,True,converged,0.6005234447153276,O=C(O)c1ccc2c(c1)nc(Oc1cccc(Cl)c1)c1ccncc12
137,33,8.121562004089355,True,True,converged,0.5086948636999915,O=C(O)c1ccc2c(c1)nc(Nc1cccc(Cl)c1)c1ccncc12
137,34,7.791049480438232,True,True,converged,0.4835253198085311,O=C(O)c1ccc2c3cnccc3c3c4cccc(Cl)c4[nH]c3c2c1
137,35,7.636486530303955,True,True,converged,0.2713026094318785,Cc1ccc(Cl)cc1Nc1nc(-c2c[nH]nc2C)nc2cnccc12
137,36,8.011968612670898,True,True,converged,0.4957796333956247,O=C(O)c1ccc2c3cnccc3c3c4cccc(Cl)c4[nH]c3c2c1
137,37,7.816531181335449,True,True,converged,0.4452915631841619,O=C([O-])c1ccc2c(c1)nc(Nc1cccc(Cl)c1)c1ccncc12
137,38,8.11754322052002,True,True,converged,0.4041146649058555,O=C(O)c1ccc2c3cnccc3c3nc4ccccc4nc3c2c1
137,39,7.783293724060059,True,True,converged,0.5231612034388604,O=C(O)c1ccc2c3cnccc3c3c4cccc(Cl)c4[nH]c3c2c1
137,40,7.875641822814941,True,True,converged,0.4504562739998053,O=C([O-])c1ccc2c(c1)nc(Nc1cccc(Cl)c1)c1ccncc12
137,41,6.681341171264648,True,True,converged,0.2337308403661302,Oc1cc2c3ccccc3c3nc4cccc(Cl)c4nc3c2cc1O
137,42,8.016332626342773,True,True,converged,0.4463745172278608,O=C(O)c1ccc2c(c1)nc(Nc1cccc(Cl)c1)c1ccncc12
137,43,7.815576076507568,True,True,converged,0.4267502494234804,O=C(O)c1ccc2c3cnccc3c3nc4ccccc4nc3c2c1
137,44,7.403054237365723,True,True,converged,0.4951357687106201,NC(=O)c1cc2c3cnccc3c3cc4c(Cl)cccc4nc3n2n1
137,45,7.905885696411133,True,True,converged,0.4657014998059256,O=C(O)c1ccc2c3cnccc3c3c4cccc(Cl)c4[nH]c3c2c1
137,46,7.761886596679687,True,True,converged,0.9557049000149184,Nc1nccc2c(-c3cccc(Cl)c3)nc3cc(C(=O)O)ccc3c12
137,47,7.524032115936279,True,True,converged,0.5625227392650379,O=C(O)c1ccc2c(c1)c1c(c3ccncc32)C(=O)c2ccccc2-1
137,48,7.760329246520996,True,True,converged,2.7956711170461563,Cn1c2ccccc2c2c3cc(C(O)O)ccc3c3cnccc3c21
137,49,7.683008193969727,True,True,converged,0.4806322313755595,O=C(O)c1ccc2c3cnccc3c3nc4ccccc4nc3c2c1
138,0,7.870437622070312,False,False,not_applicable,,
138,1,7.839928150177002,True,True,converged,0.6419064823717179,O=C(O)c1ccc2c3cncnc3n(-c3cc4ccccc4o3)c2c1
138,2,7.955072402954102,True,True,converged,0.57585794354056,O=C(O)c1ccc2c(c1)nc(Nc1cccc(Cl)c1)c1ccncc12
138,3,7.611412048339844,True,True,converged,0.4178465052927595,O=C(O)c1ccc2c3cnccc3c3nc4ccccc4nc3c2c1
138,4,7.800088882446289,True,True,converged,0.4153644415002657,O=C(O)c1ccc2c3cnccc3c3nc4ccccc4nc3c2c1
138,5,7.658184051513672,True,True,converged,0.9331043490944226,Nc1nccc2c(-c3cccc(Cl)c3)nc3cc(C(=O)O)ccc3c12
138,6,7.934181213378906,True,True,converged,0.5236003254255672,O=C(O)c1ccc2c3cnccc3c3c4cccc(Cl)c4[nH]c3c2c1
138,7,8.117850303649902,True,True,converged,0.3895132597931308,O=C(O)c1ccc2c3cnccc3c3nc4ccccc4nc3c2c1
138,8,6.644428253173828,True,True,converged,0.4855644977721738,O=C(O)c1cc2c3c(cccc3c1)C(=O)C1=C2c2ccccc2C1=O
138,9,7.965390682220459,True,True,converged,0.531957331228298,O=C(O)c1ccc2c(c1)nc(Nc1cccc(Cl)c1)c1ccncc12
138,10,7.555670738220215,True,True,converged,0.8724223924366601,NC(=O)c1ccn2c1nc(-c1c[nH]c3ccccc13)c1ccncc12
138,11,8.03788948059082,True,True,converged,0.7525969304708844,Nc1nccc2c1c1ccc(C(=O)O)cc1c1[nH]c3ccccc3c21
138,12,8.075709342956543,True,True,converged,0.5821301913626672,O=C(O)c1ccc2c(c1)c1c(c3ccncc32)Nc2ccccc2N1
138,13,7.646285057067871,True,True,converged,0.5431758265857581,O=C(O)c1ccc2c3cnccc3n3c4cccc(Cl)c4nc3c2c1
138,14,7.210455894470215,True,True,converged,3.7730846355041465,Oc1cc2c(cc1O)C1Nc3c(Cl)cccc3NC1c1cnccc1-2
138,15,6.984638214111328,True,True,converged,2.597186792892886,CC1CC(=c2c3c(c(O)c4c(=O)c5ccccc5oc24)N=CC=3)ON1
138,16,7.971663475036621,True,True,converged,0.5176130440531443,O=C(O)c1ccc2c(c1)nc(Nc1cccc(Cl)c1)c1ccncc12
138,17,7.870251655578613,True,True,converged,0.4786247778175971,O=C(O)c1ccc2c3cnccc3c3nc4ccccc4nc3c2c1
138,18,7.793298721313477,True,True,converged,2.7679836669493487,O=C(O)c1ccc2c(c1O)-n1c(nc3ccc(Cl)cc31)C1C=NC=C21
138,19,7.816802978515625,True,True,converged,0.4370132106291134,O=C(O)c1ccc2c3cnccc3c3nc4ccccc4nc3c2c1
138,20,7.796709537506103,False,False,not_applicable,,
138,21,7.918535232543945,True,True,converged,0.5327505136816609,O=C(O)c1ccc2c3cnccc3c3c4cccc(Cl)c4[nH]c3c2c1
138,22,7.803419589996338,False,False,not_applicable,,
138,23,7.529391288757324,True,True,converged,0.2240639330116039,Nc1nccc2c3cc(O)c(F)cc3c3nc4ccccc4nc3c12
138,24,7.127865791320801,True,True,converged,0.3653097883232078,O=c1c2ccccc2[nH]c2c3c(O)c(O)ccc3c3cnccc3c12
138,25,7.683908462524414,True,True,converged,0.4007666306740145,O=C(O)c1ccc2c3cnccc3c3nc4ccccc4nc3c2c1
138,26,7.827755451202393,True,True,converged,0.4617666703922378,O=C(O)c1ccc2c3cnccc3n(-c3nc4ccccc4[nH]3)c2c1
138,27,7.910334587097168,False,False,not_applicable,,
138,28,7.380528450012207,True,True,converged,0.7029426451677552,O=C(O)c1ccc(-c2cncc3cc(-c4cccc(Cl)c4)oc23)cc1
138,29,7.948486328125,True,True,converged,0.4642545701648063,O=C(O)c1ccc2c(c1)nc(Nc1cccc(Cl)c1)c1ccncc12
138,30,7.702385902404785,True,True,converged,0.5324139652953204,O=C(O)c1ccc2c3cnccc3c3c4cccc(Cl)c4[nH]c3c2c1
138,31,8.112405776977539,True,True,converged,0.4077823824048869,O=C(O)c1ccc2c(c1)nc(Nc1cccc(Cl)c1)c1ccncc12
138,32,7.878111839294434,True,True,converged,0.4753814557848232,O=C(O)c1ccc2c(c1)nc(Nc1cccc(Cl)c1)c1ccncc12
138,33,7.623226165771484,True,True,converged,0.4794941307870931,O=C(O)c1ccc2c3cnccc3n(-c3cc4ccccc4o3)c2c1
138,34,8.078956604003906,True,True,converged,0.5696539564666585,O=C(O)c1ccc2c3cnccc3c3c4cccc(Cl)c4[nH]c3c2c1
138,35,7.386232376098633,True,True,converged,0.2465036983216453,Oc1cc2c3ccncc3c3nc4cccc(Cl)c4nc3c2cc1O
138,36,8.1124849319458,True,True,converged,0.638113756582942,O=C(O)c1cc2c3cnccc3c(=C3Oc4ccccc4C3=O)n2c1
138,37,7.973667621612549,True,True,converged,0.4580302228031994,O=C(O)c1ccc2c(c1)nc(Nc1cccc(Cl)c1)c1ccncc12
138,38,7.896811485290527,True,True,converged,0.4782470535708499,O=C(O)c1ccc2c(c1)nc(Nc1cccc(Cl)c1)c1ccncc12
138,39,7.51826286315918,True,True,converged,2.5670688497060548,O=C(O)c1cc2n(c1)C(c1ccc3ccccc3c1)c1ccncc1-2
138,40,8.587993621826172,True,True,converged,0.8063351129773696,NC(=O)c1cc2c3cnccc3c(=C3Oc4ccccc4C3=O)n2n1
138,41,7.965995311737059,True,True,converged,0.4630696714536866,O=C(O)c1ccc2c(c1)nc(Nc1cccc(Cl)c1)c1ccncc12
138,42,7.990022659301758,True,True,converged,0.4276541564588164,O=C(O)c1ccc2c(c1)nc(Nc1cccc(Cl)c1)c1ccncc12
138,43,7.988871574401855,True,True,converged,0.4301669629933555,O=C(O)c1ccc2c(c1)nc(Nc1cccc(Cl)c1)c1ccncc12
138,44,6.839392185211182,True,True,converged,0.4821840419163368,OCc1ccc2c(c1)nc(Nc1cc(Cl)ccc1O)c1ccncc12
138,45,7.943742752075195,False,False,not_applicable,,
138,46,6.809079170227051,True,True,converged,0.3011001018553532,COc1ccc2c3cnccc3c3nc4cccc(C)c4nc3c2c1
138,47,7.721063613891602,True,True,converged,1.0402331118557004,O=C(O)c1ccc2c(c1)c1c(c3ccncc32)-c2cccc(Cl)c2C1
138,48,7.410059928894043,True,True,converged,0.2296689885102375,Oc1cc2c3cnccc3c3nc4cccc(Cl)c4nc3c2cc1O
138,49,7.765440940856934,True,True,converged,0.5909770327548199,O=C(O)c1ccc2c3cnccc3c3[nH]c4ccc(Cl)cc4c3c2c1
139,0,7.316558837890625,True,True,converged,0.5578831380849044,O=C(O)c1cc2c3cc4c(Cl)cccc4nc3c3ccncc3c2s1
139,1,7.909669876098633,True,True,converged,0.473575307868228,O=C(O)c1ccc2c(c1)nc(Nc1cccc(Cl)c1)c1ccncc12
139,2,7.064484119415283,True,True,converged,0.3925134360888137,O=c1c2ccccc2[nH]c2c3cc(CO)ccc3c3cnccc3c12
139,3,8.02293586730957,True,True,converged,0.4356612947822482,O=C(O)c1ccc2c(c1)nc(Nc1cccc(Cl)c1)c1ccncc12
139,4,7.948379039764404,True,True,converged,0.4538426095144335,O=C(O)c1ccc2c(c1)nc(Nc1cccc(Cl)c1)c1ccncc12
139,5,7.25280237197876,True,True,converged,0.7501823440691433,NC(=O)c1ccc2c3cn[nH]c3c3c(=O)[nH]c4ccccc4c3c2c1
139,6,7.521933555603027,True,True,converged,0.6118915416332669,O=C([O-])c1cc2c3cc4c(Cl)cccc4nc3c3ccncc3c2s1
139,7,7.512623786926269,True,True,converged,0.5416877222249196,O=C(O)c1ccc2c3cnccc3c3cc4ccccc4nc3c2c1
139,8,7.5981764793396,True,True,converged,0.6453281906371131,O=C(O)c1ccc2c3cnccc3n(-c3ccc4c(c3)CCO4)c2c1
139,9,7.381585121154785,True,True,converged,2.8491675634722857,NC(=O)C1=C2C3=C(Cc4ccc(Cl)cc4C3=N1)c1ccncc1C2O
139,10,7.033634185791016,True,True,converged,0.9015228760981792,N[C@H]1OCc2c1c1c(=O)oc3ccccc3c1c1cc(O)c(O)cc21
139,11,7.95221996307373,False,False,not_applicable,,
139,12,7.271977424621582,False,False,not_applicable,,
139,13,7.724748611450195,True,True,converged,0.8466519362516363,O=C(O)c1ccc2c(c1)C(=C1Nc3ccccc3O1)c1ccncc1-2
139,14,8.116390228271484,True,True,converged,0.5008257993274308,O=C(O)c1ccc2c(c1)nc(Nc1cccc(Cl)c1)c1ccncc12
139,15,7.015883445739746,True,True,converged,0.5067499943014611,Cc1ccc(Cl)cc1Nc1nc2cc(CO)ccc2c2cnccc12
139,16,7.828769683837891,True,False,converged,59.10583535937956,O=C(O)c1ccc2c(c1)NC(c1cccc(Cl)c1)=CC=CN1CC2N1
139,17,7.48017692565918,True,True,converged,0.23217890034552,Oc1cc2c3c(c4ccncc4c2cc1O)Oc1cccc(Cl)c1N3
139,18,8.130970001220703,True,True,converged,0.3864631139147388,O=C(O)c1ccc2c3cnccc3c3nc4ccccc4nc3c2c1
139,19,7.349898338317871,True,True,converged,0.2825336599449127,Oc1cc2c3c(c4cnccc4c2cc1O)Oc1cccc(Cl)c1N3
139,20,7.890507698059082,True,True,converged,0.4995539373375237,O=C(O)c1ccc2c(c1)nc(Nc1cccc(Cl)c1)c1ccncc12
139,21,7.035576343536377,True,True,converged,1.0812904428062209,O=C(O)c1ccc2c3cnccc3c(-c3cnc4ccccn34)nn12
139,22,8.007917404174805,True,True,converged,0.4463106218192451,O=C(O)c1ccc2c3cnccc3c3c4cccc(Cl)c4[nH]c3c2c1
139,23,8.235076904296875,True,True,converged,0.3763507220967904,O=C(O)c1ccc2c3cnccc3c3nc4ccccc4nc3c2c1
139,24,7.448538780212402,True,True,converged,0.3345821918755263,Oc1cc2c3c(c4cnccc4c2cc1O)Nc1cccc(O)c1N3
139,25,7.808956623077393,True,True,converged,0.3841948123082636,O=C(O)c1ccc2c3cnccc3c3nc4ccccc4nc3c2c1
139,26,7.596599578857422,True,True,converged,2.835154022378957,O=C(O)c1ccc2c(c1)C(c1cc3ccncc3[nH]1)c1ccncc1-2
139,27,7.957363128662109,True,True,converged,0.573321136964874,O=C(O)c1ccc2c3cnccc3c3c4cccc(Cl)c4[nH]c3c2c1
139,28,8.000859260559082,True,True,converged,0.4534502768843012,O=C([O-])c1ccc2c(c1)nc(Nc1cccc(Cl)c1)c1ccncc12
139,29,7.47426700592041,True,True,converged,0.7295948743827,O=C(O)c1cc2c3cc4c(Cl)cccc4cc3c3ccncc3c2s1
139,30,7.028789520263672,True,True,converged,0.4354432760868951,OCc1ccc2c3cnccc3c3nc4cccc(Cl)c4nc3c2c1
139,31,7.981790542602539,True,True,converged,0.4500352318165129,O=C(O)c1ccc2c(c1)nc(Nc1cccc(Cl)c1)c1ccncc12
139,32,7.911952018737793,True,True,converged,0.5334291427975841,O=C(O)c1ccc2c3cnccc3c3c4cccc(Cl)c4[nH]c3c2c1
139,33,8.014686584472656,True,True,converged,0.4448761095419425,O=C(O)c1ccc2c(c1)nc(Nc1cccc(Cl)c1)c1ccncc12
139,34,8.124692916870117,True,True,converged,0.4676687184351414,O=C(O)c1ccc2c(c1)nc(Nc1cccc(Cl)c1)c1ccncc12
139,35,7.020392417907715,True,True,converged,0.3443518825169343,O=c1c2ccncc2oc2c3cc(CO)ccc3c3cnccc3c12
139,36,6.391663551330566,True,True,converged,0.2857850819000959,O=c1c2c(O)cccc2oc2c3ccncc3c3ccc(O)cc3c12
139,37,7.491004943847656,True,True,converged,0.9245906766266132,O=C(O)c1ccc2c(c1)C(=C1Cc3ccccc3O1)c1ccncc1-2
139,38,7.222332000732422,True,True,converged,0.2569698488261883,O=Cc1ccc2c3cnccc3c3nc4cccc(Cl)c4nc3c2c1
139,39,7.627570629119873,True,True,converged,0.1893647682886921,Oc1cc2c3cnccc3c3nc4cccc(Cl)c4nc3c2cc1O
139,40,7.675998687744141,True,True,converged,0.4706959878465966,O=C(O)c1ccc2c3cnccc3c3nc4ccccc4nc3c2c1
139,41,7.932071685791016,True,True,converged,0.5299741250642662,O=C(O)c1ccc2c3cnccc3c3c4cccc(Cl)c4[nH]c3c2c1
139,42,8.031068801879883,True,True,converged,0.5023217905152925,O=C(O)c1ccc2c(c1)nc(Nc1cccc(Cl)c1)c1ccncc12
139,43,8.030086517333984,True,True,converged,0.4444794800806773,O=C([O-])c1ccc2c(c1)nc(Nc1cccc(Cl)c1)c1ccncc12
139,44,7.469856262207031,True,True,converged,0.5683158242272964,O=C(O)c1cc2c3cc4c(Cl)cccc4nc3c3ccncc3c2s1
139,45,7.05595588684082,True,True,converged,0.4017443339481235,O=c1c2ccccc2[nH]c2c3cc(CO)ccc3c3cnccc3c12
139,46,8.100297927856445,True,True,converged,0.4197050906176105,O=C(O)c1ccc2c3cnccc3c3nc4ccccc4nc3c2c1
139,47,7.921585559844971,True,True,converged,0.4506782287619723,O=C([O-])c1ccc2c(c1)nc(Nc1cccc(Cl)c1)c1ccncc12
139,48,7.909152984619141,True,True,converged,0.4675031803570528,O=C(O)c1ccc2c3cnccc3c3c4cccc(Cl)c4[nH]c3c2c1
139,49,7.679263591766357,True,True,converged,0.4045191497446842,O=C(O)c1ccc2c3cnccc3c3nc4ccccc4nc3c2c1
140,0,7.041175842285156,True,True,converged,0.5606694682499034,O=C([O-])c1ccc(-c2cncc3sc(-c4cccc(Cl)c4)nc23)cc1
140,1,6.113401412963867,True,True,converged,2.453843911936364,O=c1c2c(oc3c(O)cccc13)C1C=C(O)C=C(O)C1=C1C=CC=C12
140,2,7.058762073516846,True,True,converged,0.3896719044263181,O=c1c2ccccc2[nH]c2c3cc(CO)ccc3c3cnccc3c12
140,3,7.855178833007812,True,True,converged,0.468746945693042,O=C(O)c1ccc2c(c1)nc(Nc1cccc(Cl)c1)c1ccncc12
140,4,7.774402618408203,True,True,converged,0.5411317565909479,O=C(O)c1ccc2c3cnccc3c3c4cccc(Cl)c4[nH]c3c2c1
140,5,6.680210113525391,True,True,converged,2.36426095968477,Oc1ccc(C2=C3C=NNC3C=C(c3cc(Cl)ccc3O)O2)cc1O
140,6,7.764185905456543,True,True,converged,0.5484852643724668,Cc1cccc2c1nc1c3cc(C(=O)O)ccc3c3cnccc3n21
140,7,7.881462574005127,True,True,converged,0.47907256876931,O=C(O)c1ccc2c3cnccc3c3nc4ccccc4nc3c2c1
140,8,7.408828735351562,True,True,converged,0.2373151773107576,Cc1cccc2nc3c4cnccc4c4cc(O)c(O)cc4c3nc12
140,9,7.783646583557129,True,True,converged,0.4460253810585368,O=C(O)c1ccc2c3cnccc3c3nc4ccccc4nc3c2c1
140,10,7.191632270812988,True,True,converged,0.760963198626157,O=C1C=CC2=C(C1=O)C(=C1Nc3cccc(Cl)c3N1)c1ccncc12
140,11,7.88047981262207,True,True,converged,0.389683383291914,O=C(O)c1ccc2c3cnccc3c3nc4ccccc4nc3c2c1
140,12,7.723059177398682,True,True,converged,0.4739060497567641,O=C(O)c1ccc2c3cnccc3c3cc4ccccc4nc3c2c1
140,13,6.080223560333252,True,True,converged,0.6278456346803761,O=c1c2ccccc2nc2c3cc(CO)ccc3c3cnccc3n12
140,14,7.34580135345459,True,True,converged,3.1230063867897098,OC(O)c1cc2c3cc4c(Cl)cccc4cc3c3ccncc3c2s1
140,15,7.694587230682373,True,True,converged,0.4421317139757519,O=C(O)c1ccc2c3cnccc3c3cc4ccccc4nc3c2c1
140,16,7.86573600769043,True,True,converged,0.3959894079598826,O=C(O)c1ccc2c3cnccc3c3nc4ccccc4nc3c2c1
140,17,7.810820579528809,True,True,converged,0.4146122591368475,O=C(O)c1ccc2c3cnccc3c3nc4ccccc4nc3c2c1
140,18,7.968115329742432,True,True,converged,0.5698540346491734,O=C(O)c1ccc2c3cnccc3c3c4cccc(Cl)c4[nH]c3c2c1
140,19,7.69849967956543,True,True,converged,0.5877820052475823,O=c1cc2nc(Nc3cc(Cl)ccc3Cl)c3cnccc3c2cn1O
140,20,7.598616600036621,True,True,converged,0.5234041277307785,O=C(O)c1cc2c3cnccc3c3cc4c(Br)cccc4cc3n2n1
140,21,7.951904296875,True,True,converged,0.5229170504777042,O=C(O)c1ccc2c(c1)nc(Nc1cccc(Cl)c1)c1ccncc12
140,22,7.996102809906006,True,True,converged,0.5018879223175765,O=C(O)c1ccc2c(c1)nc(Nc1cccc(Cl)c1)c1ccncc12
140,23,6.753186225891113,True,True,converged,0.4364378954764152,OCc1ccc2c3cnccc3c3nc4cccc(O)c4nc3c2c1
140,24,7.811522483825684,True,True,converged,0.6189716779445894,O=C(O)c1ccc2c3cnccc3c3nc4ccc(Cl)cc4n3c2c1
140,25,7.861709594726562,True,True,converged,0.4180788676429472,O=C([O-])c1ccc2c3cnccc3c3c4cccc(Cl)c4[nH]c3c2c1
140,26,6.486435413360596,True,True,converged,0.4715348409071396,OCc1ccc2c3cnccc3c3nc4cccc(O)c4nc3c2c1
140,27,7.8228759765625,True,True,converged,0.5669776577859039,O=C(O)c1ccc2c3cnccc3n3c4cccc(Cl)c4nc3c2c1
140,28,7.034848213195801,True,True,converged,0.3722094539459391,O=c1c2ccccc2[nH]c2c3cc(CO)ccc3c3cnccc3c12
140,29,7.890458106994629,True,True,converged,0.4938212922553728,O=C(O)c1ccc2c(c1)nc(Nc1cccc(Cl)c1)c1ccncc12
140,30,7.044535160064697,True,True,converged,0.633581988626894,O=C(O)c1cc2cc3ncoc3c(-c3ccc4ccccc4c3)c2o1
140,31,8.01076602935791,True,True,converged,0.5165096104986688,O=C(O)c1ccc2c(c1)nc(Nc1cccc(Cl)c1)c1ccncc12
140,32,7.556092262268066,True,True,converged,1.4826601854272434,O=C(O)C1=CC=c2c1c1c(c3ccncc23)=Nc2ccccc2C1=O
140,33,8.09424114227295,True,True,converged,0.3984350013371329,O=C(O)c1ccc2c3cnccc3c3nc4ccccc4nc3c2c1
140,34,8.130095481872559,True,True,converged,0.4044377339334574,O=C(O)c1ccc2c3cnccc3c3nc4ccccc4nc3c2c1
140,35,7.303251266479492,True,True,converged,1.085013048222151,O=C(O)C(=O)c1ccc2cnccc2c1-c1nc2cccc(Cl)c2[nH]1
140,36,7.541482925415039,True,True,converged,0.6076062561140497,O=C(O)c1nc2c3oc4ccccc4c(=O)c3c3ccncc3c2s1
140,37,7.925988674163818,True,True,converged,0.4547550885759562,O=C([O-])c1ccc2c(c1)nc(Nc1cccc(Cl)c1)c1ccncc12
140,38,7.922542572021484,True,True,converged,0.4524313228484777,O=C(O)c1ccc2c3cnccc3c3nc4ccccc4nc3c2c1
140,39,7.774200439453125,True,True,converged,0.5287683976482702,O=C(O)c1ccc2c3cnccc3c3c4cccc(Cl)c4[nH]c3c2c1
140,40,7.698446750640869,True,True,converged,0.5135304182728061,O=C(O)c1ccc2c3cnccc3c3c4cccc(Cl)c4[nH]c3c2c1
140,41,8.017547607421875,True,True,converged,0.4225288805778522,O=C(O)c1ccc2c(c1)nc(Nc1cccc(Cl)c1)c1ccncc12
140,42,8.060760498046875,True,True,converged,0.4730792280584805,O=C(O)c1ccc2c(c1)nc(Nc1cccc(Cl)c1)c1ccncc12
140,43,7.264388084411621,True,True,converged,1.0228367100047868,Nc1nccc2c(-c3ccncc3)c3[nH]c4ccccc4c3c(O)c12
140,44,7.717820167541504,True,True,converged,0.2503445695039357,Oc1cc2c(cc1F)c1c(c3cnccc32)Oc2cccc(Cl)c2N1
140,45,8.036224365234375,True,True,converged,0.5179548439463705,O=C(O)c1ccc2c(c1)nc(Nc1cccc(Cl)c1)c1ccncc12
140,46,7.186027526855469,True,True,converged,0.4317622748273459,O=C(O)c1cn2c3ccccc3c(=O)c3c4ccncc4c(O)c1c32
140,47,8.03896427154541,True,True,converged,0.4562164621087824,O=C(O)c1ccc2c(c1)nc(Nc1cccc(Cl)c1)c1ccncc12
140,48,8.147342681884766,True,True,converged,0.397331946417064,O=C(O)c1ccc2c3cnccc3c3nc4ccccc4nc3c2c1
140,49,7.601564407348633,True,True,converged,0.5080000502331359,O=C([O-])c1ccc2c3cnccc3n3c4cccc(Cl)c4nc3c2c1
