arm,batch,time,reference_time,n_available,mean_deficit,inside_fraction_available,ck2:A:ASN117::hetero_distance_softmin,ck2:A:VAL116::hetero_distance_softmin,d_dt_mean_deficit,d_dt_inside_fraction_available,d_dt_ck2:A:ASN117::hetero_distance_softmin,d_dt_ck2:A:VAL116::hetero_distance_softmin
gradient,0,0.0,0.0,50,0.7758287153427956,0.58,7.305614315026553,4.701016504304977,12.018670362334294,-3.9999999999999925,-14.956321178448295,-9.889365854429055
gradient,0,0.01,0.01,50,0.8960154189661386,0.54,7.15605110324207,4.602122845760687,16.67451465700838,-2.9999999999999964,-22.491480244577986,-17.76935116506351
gradient,0,0.02,0.02,50,1.1093190084829632,0.52,6.855784710134993,4.345629481003707,68.11116316655539,-5.0,-17.142109350083558,-15.49816125523131
gradient,0,0.03,0.03,50,2.258238682297246,0.44,6.813208916240398,4.292159620656061,44.47157009722215,-3.0,-10.72993469473198,-10.282045364487686
gradient,0,0.04,0.04,50,1.9987504104274054,0.46,6.641186016240353,4.139988573713953,-36.21403183279277,-4.0,-15.872631798638224,-14.175506616850384
gradient,0,0.05,0.05,50,1.5339580456413902,0.36,6.495756280267634,4.008649488319053,0.5878322116834624,-5.0,-7.219245869676854,-6.923355058518638
gradient,0,0.06,0.06,50,2.010507054661074,0.36,6.496801098846816,4.00152147254358,23.840675184826125,1.0,-0.07428392599751987,-0.300571801922473
gradient,0,0.07,0.07,50,2.010771549337912,0.38,6.494270601747684,4.002638052280603,-2.7865975124045264,2.0000000000000036,0.023491077346477596,-0.13983922655097558
gradient,0,0.08,0.08,50,1.9547751044129833,0.4,6.497270920393745,3.99872468801256,-75.84957856663395,1.0000000000000036,-6.138532091346065,-5.295138562073646
gradient,0,0.09,0.09,50,0.4937799780052339,0.4,6.3714999599207625,3.8967352810391302,-74.14741880379982,3.9999999999999893,-5.9820985782184835,-5.149495619770846
gradient,0,0.1,0.1,50,0.47182672833698885,0.48,6.377628948829376,3.8957347756171434,2.7387359022832563,-3.0000000000000178,1.1122547384363202,0.5211786528821278
gradient,0,0.11,0.11,50,0.5485546960508988,0.34,6.3937450546894885,3.9071588540967723,2.7595864602620708,-3.0000000000000036,0.8561730824847587,0.6252652869294195
gradient,0,0.12,0.12,50,0.5270184575422302,0.42,6.394752410479071,3.908240081355732,-5.659283133110851,5.0,-0.030954622405147347,-0.17700714423386898
gradient,0,0.13,0.13,50,0.4353690333886817,0.44,6.393125962241386,3.9036187112120957,-7.0455637058529135,4.9999999999999964,-0.008590025291653092,-0.554477483106325
gradient,0,0.14,0.14,50,0.3861071834251718,0.52,6.394580609973238,3.8971505316936055,-5.2844561528068645,6.0,-0.12754548524782194,-0.775268388416066
gradient,0,0.15,0.15,50,0.3296799103325445,0.56,6.390575052536429,3.8881133434437745,-3.4682871736908805,2.0000000000000107,-0.4675989617255709,-0.6926834649173657
gradient,0,0.16,0.16,50,0.31674143995135434,0.56,6.385228630738727,3.883296862395258,-3.0961196141185994,-4.0,-0.0872062126878177,-0.0022422873421419354
gradient,0,0.17,0.17,50,0.26775751805017245,0.48,6.388830928282673,3.8880684976969313,-2.4930785080497575,-2.999999999999993,0.5003589011913618,0.42857310060890086
gradient,0,0.18,0.18,50,0.2668798697903591,0.5,6.395235808762553,3.8918683244074357,0.19784262786358475,3.552713678800501e-15,0.6169790568943085,0.38059758856584835
gradient,0,0.19,0.19,50,0.27171437060744413,0.48,6.40117050942056,3.895680449468248,-2.3616066817384116,0.0,0.11066220855326492,-0.0046179154148831
gradient,0,0.2,0.2,50,0.21964773615559083,0.5,6.397449052933618,3.891775966099138,-3.158009272235745,6.000000000000014,-0.23342272860355706,-0.16392843812187152
gradient,0,0.21,0.21,50,0.20855418516272917,0.6,6.396502054848488,3.8924018807058105,0.3655590293336175,2.000000000000025,-0.383223339671531,-0.3170908273298494
gradient,0,0.22,0.22,50,0.22695891674226323,0.54,6.389784586140188,3.8854341495525415,1.6668658606473254,0.0,-0.20840418345522949,-0.4029626189932287
gradient,0,0.23,0.23,50,0.2418915023756757,0.6,6.392333971179384,3.8843426283259457,2.247599322736864,-2.000000000000025,0.06252987195830428,-0.29151012897719397
gradient,0,0.24,0.24,50,0.27191090319700045,0.5,6.391035183579353,3.8796039469729977,5.028300177810378,-7.000000000000007,-0.15711975853389504,-0.4520517625878995
gradient,0,0.25,0.25,50,0.34245750593188334,0.46,6.389191576008707,3.8753015930741874,7.52076570071965,-4.999999999999993,-0.011137348737463526,-0.23308735037485917
gradient,0,0.26,0.26,50,0.4223262172113936,0.4,6.3908124366046035,3.8749421999655,1.6966930725126197,-2.9999999999999964,-0.6380052893018728,-0.015446846792599445
gradient,0,0.27,0.27,50,0.37639136738213574,0.4,6.376431470222669,3.8749926561383354,-0.16312288257240226,1.9999999999999964,-0.8855828262659315,0.11320231203123399
gradient,0,0.28,0.28,50,0.41906375955994557,0.44,6.373100780079285,3.877206246206125,5.331057577154596,3.0,-0.6128400926953077,-0.22666464456094104
gradient,0,0.29,0.29,50,0.4830125189252273,0.46,6.364174668368762,3.8704593632471163,10.020177843323346,2.0,0.0406896464733677,0.46209703390579193
gradient,0,0.3,0.3,50,0.6194673164264126,0.48,6.373914573008753,3.886448186884241,0.5564833794851367,0.9999999999999964,-0.7306938304078017,-0.5764197494049768
gradient,0,0.31,0.31,50,0.49414218651493,0.48,6.349560791760607,3.858930968259017,-7.0796784396196735,1.0,-1.3284857983462075,-1.506386473850796
gradient,0,0.32,0.32,50,0.477873747634019,0.5,6.347344857041829,3.856320457407225,0.16062910907927375,-1.9999999999999964,0.026478026373752073,-0.08880612028039536
gradient,0,0.33,0.33,50,0.4973547686965155,0.44,6.350090352288082,3.857154845853409,11.750522598537405,-5.999999999999993,1.4103905214777797,1.8613531964269612
gradient,0,0.34,0.34,50,0.7128841996047673,0.38,6.375552667471385,3.893547521335764,16.88253617239454,-2.999999999999986,1.5492045879248622,1.8829256793576405
gradient,0,0.35,0.35,50,0.835005492144406,0.38,6.381074444046578,3.8948133594405614,-0.23931026251618448,-1.999999999999993,-0.9397518887364527,-1.8833829949063556
gradient,0,0.36,0.36,50,0.7080979943544424,0.34,6.356757629696657,3.855879861437637,-1.8991172006578196,1.0,-0.12448970791035663,-0.2509374510502198
gradient,0,0.37,0.37,50,0.7970231481312495,0.4,6.378584649888371,3.889794610419557,5.108842853907966,0.9999999999999964,0.7627266734607474,1.4387011471384028
gradient,0,0.38,0.38,50,0.8102748514326018,0.36,6.372012163165872,3.884653884380405,-0.9247527114176819,-1.0,-0.6576343935996647,-0.6128372720809239
gradient,0,0.39,0.39,50,0.7785280939028959,0.38,6.365431962016378,3.8775378649779384,-0.2597808139355422,-0.9999999999999964,-0.43092780594076885,-0.5935203970212228
gradient,0,0.4,0.4,50,0.8050792351538909,0.34,6.3633936070470565,3.872783476439981,-1.0649963730431224,1.0000000000000355,0.04100928128707437,-0.022268931268058623
gradient,0,0.41,0.41,50,0.757228166442034,0.4,6.366252147642118,3.877092486352577,-2.2144522066764694,3.552713678800501e-14,0.4968767258558273,0.2613483890554278
gradient,0,0.42,0.42,50,0.7607901910203619,0.34,6.373331141564174,3.87801044422109,6.439528740526818,-2.0000000000000036,0.4288735667365131,-0.029242630723018692
gradient,0,0.43,0.43,50,0.8860187412525704,0.36,6.3748296189768485,3.876507633738117,3.981723830580094,0.9999999999999964,-0.0007626259901485355,-0.10917901942704589
gradient,0,0.44,0.44,50,0.8404246676319639,0.36,6.373315889044371,3.8758268638325486,-2.0283415797493305,1.0000000000000036,-0.08490250937734345,-0.10108903441664552
gradient,0,0.45,0.45,50,0.8454519096575838,0.38,6.373131568789301,3.874485853049784,14.341428205972711,2.0000000000000036,2.5781257618903055,3.117486327073948
gradient,0,0.46,0.46,50,1.1272532317514183,0.4,6.424878404282177,3.938176590374028,15.393747378791339,2.0000000000000036,2.641672558958305,3.2042641800827596
gradient,0,0.47,0.47,50,1.1533268572334112,0.42,6.425965019968467,3.938571136651439,-2.6128933167430617,1.0000000000000036,0.2173864373838228,0.18504718519875496
gradient,0,0.48,0.48,50,1.0749953654165567,0.42,6.429226133029854,3.9418775340780035,0.4035341611279222,2.0,0.28656339921263907,0.25572356308981625
gradient,0,0.49,0.49,50,1.1613975404559698,0.46,6.431696287952719,3.9436856079132356,3.2517913106449825,3.9999999999999964,0.26951463751112215,0.3275443258335713
gradient,0,0.5,0.5,50,1.1400311916294563,0.5,6.434616425780076,3.948428420594675,-2.136634882651343,3.9999999999999947,0.2920137827357114,0.47428126814392746
gradient,1,0.0,0.0,50,1.2961404376819283,0.52,7.758056766152138,5.120878370092746,-2.4879019027975957,5.999999999999994,-31.223063296103337,-26.575172191168495
gradient,1,0.01,0.01,50,1.2712614186539524,0.58,7.445826133191105,4.855126648181061,10.379481330432014,1.0,-38.132231860282786,-32.48650886587393
gradient,1,0.02,0.02,50,1.5037300642905687,0.54,6.995412128946482,4.471148192775267,48.485173610671346,-4.9999999999999964,-32.350571570486636,-28.427279936934212
gradient,1,0.03,0.03,50,2.240964890867379,0.48,6.798814701781372,4.286581049442376,23.794875143619407,-2.0,-17.644811625917384,-16.253282982915948
gradient,1,0.04,0.04,50,1.9796275671629564,0.5,6.642515896428134,4.146082533116948,10.382844433066523,0.0,-8.393849005817685,-8.128021139881525
gradient,1,0.05,0.05,50,2.4486217795287093,0.48,6.630937721665018,4.124020626644746,1.8296698152207114,-5.0,-7.258847756074999,-6.990328313686575
gradient,1,0.06,0.06,50,2.0162209634673713,0.4,6.497338941306634,4.006275966843216,-16.371443998960785,-5.0,-6.016047953222426,-5.6802435855249485
gradient,1,0.07,0.07,50,2.121192899549494,0.38,6.51061676260057,4.010415754934247,7.282831573064755,-1.0,0.6673706357201468,-0.21954813963606057
gradient,1,0.08,0.08,50,2.1618775949286664,0.38,6.510686354021036,4.001885004050495,-2.171164648397138,0.0,0.3447210009993569,-0.0834450539906868
gradient,1,0.09,0.09,50,2.0777696065815516,0.38,6.517511182620558,4.008746853854433,-7.178075102347577,2.999999999999993,-0.9875604622132528,0.18384872095350602
gradient,1,0.1,0.1,50,2.018316092881715,0.44,6.490935144776771,4.005561978469565,-5.750019310002983,2.9999999999999964,-0.7635454585149546,0.2001389148993269
gradient,1,0.11,0.11,50,1.962769220381492,0.44,6.5022402734502585,4.01274963215242,-15.076585188969617,3.0,1.0451703314698193,0.6677135773882412
gradient,1,0.12,0.12,50,1.7167843891023231,0.5,6.511838551406169,4.01891625001733,-20.897208391336676,3.0000000000000036,0.9108535453943887,0.5123014393702476
gradient,1,0.13,0.13,50,1.5448250525547587,0.5,6.520457344358147,4.0229956609398245,-29.555327830040348,-1.9999999999999964,-1.5421374036081943,-1.8578826360207188
gradient,1,0.14,0.14,50,1.1256778325015155,0.46,6.480995803334005,3.9817585972969156,-13.20662290409473,1.0000000000000142,-0.5492783656746951,-1.049569977941502
gradient,1,0.15,0.15,50,1.2806925944728624,0.52,6.509471777044653,4.0020042613809945,4.255874341262,2.1316282072803006e-14,1.9575853327836512,1.342143384641247
gradient,1,0.16,0.16,50,1.2107953193267549,0.46,6.520147509989678,4.008601464989741,-27.921398468462897,-2.9999999999999964,-2.415337734941204,-2.3320439258987733
gradient,1,0.17,0.17,50,0.722264625103604,0.46,6.461165022345829,3.955363382863019,-25.77115036362421,2.0000000000000036,-3.120221783130262,-2.9282233547324665
gradient,1,0.18,0.18,50,0.6953723120542696,0.5,6.457743074327073,3.9500369978950918,-15.346266713233604,1.000000000000007,-1.3590562809228572,-1.7985839280901814
gradient,1,0.19,0.19,50,0.4153392908389314,0.48,6.43398389672737,3.919391704301215,-5.085612165787531,2.0,0.14473485473683922,-0.03444212132748703
gradient,1,0.2,0.2,50,0.593660068738519,0.54,6.46063777142181,3.949348155468542,1.0204345119396692,1.999999999999993,0.05191568325676599,-0.1392026526408472
gradient,1,0.21,0.21,50,0.43574798107772567,0.52,6.435022210392506,3.9166076512483983,-7.023015519351844,-3.552713678800501e-15,-1.2106559746678158,-1.661024445342889
gradient,1,0.22,0.22,50,0.45319975835148263,0.54,6.436424651928454,3.9161276665616844,0.24560734594721367,0.0,0.5381802257440427,0.20374834760511362
gradient,1,0.23,0.23,50,0.4406601279966699,0.52,6.445785814907388,3.9206826182005003,30.922532761892434,-3.000000000000007,5.411144733606932,5.570695785439824
gradient,1,0.24,0.24,50,1.0716504135893292,0.48,6.544647546600592,4.02754158227048,52.609779826452794,-3.0,7.855473854992908,8.618708685170986
gradient,1,0.25,0.25,50,1.4928557245257246,0.46,6.602895292007246,4.09305679190392,40.421303510639035,-3.999999999999993,5.487688470012699,6.2610202269605395
gradient,1,0.26,0.26,50,1.8800764838021105,0.4,6.654401316000846,4.152761986809691,9.07650580363979,-3.9999999999999964,0.15853622692242197,-0.14160291379900514
gradient,1,0.27,0.27,50,1.6743858405985206,0.38,6.606066016545694,4.09022473362794,0.12355894592778327,-3.9999999999999982,-1.3659390722773423,-1.4396925037849542
gradient,1,0.28,0.28,50,1.882547662720666,0.32,6.627082534555298,4.123968136733992,1.095077945719325,-1.9999999999999787,-2.354237217181378,-1.8938631992760406
gradient,1,0.29,0.29,50,1.6962873995129093,0.34,6.558981272202066,4.052347469642419,-15.459752002796549,2.0,-5.073321351006598,-5.89185197075804
gradient,1,0.3,0.3,50,1.5733526226647363,0.36,6.525616107535169,4.006131097318832,-5.5135358257196,0.9999999999999964,-1.612217267596236,-2.3336209417823
gradient,1,0.31,0.31,50,1.5860166829985172,0.36,6.526736926850142,4.005675050806773,-17.388154705699655,-0.9999999999999964,-2.261177647704926,-2.0206035276523266
gradient,1,0.32,0.32,50,1.225589528550743,0.34,6.48039255458107,3.965719026765785,3.7047205914991252,1.0000000000000036,1.4621821642347186,2.1947635189466723
gradient,1,0.33,0.33,50,1.6601110948284998,0.38,6.555980570134836,4.049570321185707,20.751197439838243,2.0,3.2895912853035156,3.8141288505765942
gradient,1,0.34,0.34,50,1.6406134773475083,0.38,6.546184380287141,4.042001603777317,11.884770082597655,-3.0000000000000178,0.5121715318809947,1.285273903040661
gradient,1,0.35,0.35,50,1.8978064964804509,0.32,6.566224000772454,4.075275799246519,19.33033669390916,-4.000000000000021,0.8889214554345699,1.5954303724803367
gradient,1,0.36,0.36,50,2.0272202112256905,0.3,6.563962809395832,4.073910211226924,15.733012935423261,0.9999999999999982,3.8103950082682445,3.6601678525088346
gradient,1,0.37,0.37,50,2.2124667551889163,0.34,6.642431900937819,4.148479156296696,22.34805557817741,1.0000000000000018,6.847581646743265,7.264644911728709
gradient,1,0.38,0.38,50,2.474181322789239,0.32,6.700914442330697,4.219203109461498,10.7717110694866,-2.0,3.1230226496040814,3.5431370660234336
gradient,1,0.39,0.39,50,2.4279009765786483,0.3,6.704892353929901,4.219341897617165,-7.388289000083859,-1.0000000000000018,-1.0947659407530068,-2.1970438669204384
gradient,1,0.4,0.4,50,2.326415542787562,0.3,6.679019123515637,4.175262232123089,-45.595934992891074,-2.0000000000000124,-8.626444910302496,-9.061226421660365
gradient,1,0.41,0.41,50,1.5159822767208322,0.26,6.532363455723851,4.038117369183958,-41.68856969015761,-2.000000000000016,-6.9182942664780285,-6.851134183150236
gradient,1,0.42,0.42,50,1.4926441489844162,0.26,6.540653238186078,4.038239548460085,8.597372666887054,-1.9999999999999982,0.49689975818023413,-0.10543658997139005
gradient,1,0.43,0.43,50,1.6879297300585734,0.22,6.5423014508874555,4.03600863738453,5.332107487660053,1.0,0.11775231302453903,-0.07754619096093052
gradient,1,0.44,0.44,50,1.5992862987376173,0.28,6.543008284446569,4.036688624640867,-3.6776403996614846,2.9999999999999982,0.13371310100893652,0.09958831942719826
gradient,1,0.45,0.45,50,1.6143769220653437,0.28,6.544975712907634,4.038000403773074,-12.040158245346277,1.9999999999999982,-1.7021007533658121,-2.2832747264382647
gradient,1,0.46,0.46,50,1.3584831338306915,0.32,6.508966269379252,3.9910231301121013,-9.018180757244224,-1.0000000000000302,-1.798780824280243,-2.391404180781649
gradient,1,0.47,0.47,50,1.4340133069204575,0.26,6.509000096422029,3.99017232015744,10.572418930253235,-3.000000000000025,2.068892113414904,2.857146631462001
gradient,1,0.48,0.48,50,1.5699315124357562,0.26,6.550344111647551,4.048166062741342,11.299633780762818,1.9999999999999964,2.297205824304399,2.934359873457737
gradient,1,0.49,0.49,50,1.660005982535714,0.3,6.554944212908117,4.048859517626595,-8.238297624035596,1.9999999999999964,-1.9684597704419389,-0.9486198945096191
gradient,1,0.5,0.5,50,1.405165559955044,0.3,6.510974916238712,4.0291936648511495,-25.484042258066975,0.0,-4.396929666940515,-1.9665852775445618
