batch,time,known,censored,instant_final_spearman,teachers,copy_family_selection_changed
0,0.0,2,48,,2,False
0,0.01,2,48,,2,False
0,0.02,2,48,,2,False
0,0.03,2,48,,2,False
0,0.04,2,48,,2,False
0,0.05,2,48,,2,False
0,0.06,2,48,,2,False
0,0.07,2,48,,2,False
0,0.08,2,48,,2,False
0,0.09,2,48,,2,False
0,0.1,2,48,,2,False
0,0.11,2,48,,2,False
0,0.12,2,48,,2,False
0,0.13,2,48,,2,False
0,0.14,2,48,,2,False
0,0.15,2,48,,2,False
0,0.16,2,48,,2,False
0,0.17,2,48,,2,False
0,0.18,2,48,,2,False
0,0.19,2,48,,2,False
0,0.2,2,48,,2,False
0,0.21,2,48,,2,False
0,0.22,2,48,,2,False
0,0.23,2,48,,2,False
0,0.24,2,48,,2,False
0,0.25,2,47,,2,False
0,0.26,3,46,0.5,2,False
0,0.27,4,46,0.0,2,False
0,0.28,4,46,0.7999999999999999,2,False
0,0.29,4,46,0.7999999999999999,2,False
0,0.3,4,46,0.7999999999999999,2,False
0,0.31,4,46,0.7999999999999999,2,False
0,0.32,4,46,0.7999999999999999,2,False
0,0.33,4,46,0.7999999999999999,2,False
0,0.34,4,46,0.7999999999999999,2,False
0,0.35,4,46,0.7999999999999999,2,False
0,0.36,4,45,0.7999999999999999,2,False
0,0.37,5,43,0.3,2,False
0,0.38,7,43,0.21428571428571433,2,False
0,0.39,7,43,0.3571428571428572,2,False
0,0.4,7,42,0.28571428571428575,2,True
0,0.41,8,42,0.07142857142857144,2,False
0,0.42,8,42,0.2142857142857143,2,False
0,0.43,8,41,0.2380952380952381,2,False
0,0.44,9,41,-0.2333333333333333,2,False
0,0.45,9,40,-0.15,2,False
0,0.46,10,36,-0.07878787878787878,2,False
0,0.47,14,35,0.01098901098901099,2,False
0,0.48,15,31,0.1714285714285714,2,False
0,0.49,19,26,0.20877192982456141,2,False
0,0.5,24,17,0.33391304347826084,2,True
1,0.0,2,48,,2,False
1,0.01,2,48,,2,False
1,0.02,2,48,,2,False
1,0.03,2,48,,2,False
1,0.04,2,48,,2,False
1,0.05,2,48,,2,False
1,0.06,2,48,,2,False
1,0.07,2,48,,2,False
1,0.08,2,48,,2,False
1,0.09,2,48,,2,False
1,0.1,2,48,,2,False
1,0.11,2,48,,2,False
1,0.12,2,48,,2,False
1,0.13,2,48,,2,False
1,0.14,2,48,,2,False
1,0.15,2,48,,2,False
1,0.16,2,48,,2,False
1,0.17,2,48,,2,False
1,0.18,2,47,,2,False
1,0.19,3,47,-1.0,2,False
1,0.2,3,47,-1.0,2,False
1,0.21,3,47,-1.0,2,False
1,0.22,3,47,-1.0,2,False
1,0.23,3,46,-0.5,2,False
1,0.24,4,46,-0.19999999999999998,2,False
1,0.25,4,46,-0.19999999999999998,2,False
1,0.26,4,46,-0.19999999999999998,2,False
1,0.27,4,46,-0.19999999999999998,2,False
1,0.28,4,46,-0.19999999999999998,2,False
1,0.29,4,46,-0.39999999999999997,2,False
1,0.3,4,46,-0.19999999999999998,2,False
1,0.31,4,46,-0.19999999999999998,2,False
1,0.32,4,46,-0.39999999999999997,2,False
1,0.33,4,45,-0.39999999999999997,2,False
1,0.34,5,45,-0.39999999999999997,2,False
1,0.35,5,45,-0.39999999999999997,2,False
1,0.36,5,44,-0.3,2,False
1,0.37,6,42,-0.48571428571428577,2,False
1,0.38,8,42,-0.1666666666666667,2,False
1,0.39,8,42,-0.261904761904762,2,False
1,0.4,8,42,-0.3333333333333334,2,False
1,0.41,8,41,-0.19047619047619052,2,False
1,0.42,9,41,0.13333333333333333,2,False
1,0.43,9,40,0.03333333333333333,2,False
1,0.44,10,40,0.04242424242424241,2,False
1,0.45,10,38,0.006060606060606061,2,False
1,0.46,12,34,0.04195804195804196,2,False
1,0.47,16,33,0.07647058823529412,2,False
1,0.48,17,30,-0.002450980392156863,2,False
1,0.49,20,26,0.09172932330827067,2,False
1,0.5,24,19,0.2965217391304348,2,False
2,0.0,1,49,,1,False
2,0.01,1,49,,1,False
2,0.02,1,49,,1,False
2,0.03,1,49,,1,False
2,0.04,1,49,,1,False
2,0.05,1,49,,1,False
2,0.06,1,49,,1,False
2,0.07,1,49,,1,False
2,0.08,1,49,,1,False
2,0.09,1,49,,1,False
2,0.1,1,49,,1,False
2,0.11,1,49,,1,False
2,0.12,1,49,,1,False
2,0.13,1,49,,1,False
2,0.14,1,48,,1,False
2,0.15,2,48,,2,False
2,0.16,2,48,,2,False
2,0.17,2,48,,2,False
2,0.18,2,48,,2,False
2,0.19,2,48,,2,False
2,0.2,2,48,,2,False
2,0.21,2,48,,2,False
2,0.22,2,46,,2,False
2,0.23,4,46,0.39999999999999997,2,False
2,0.24,4,46,1.0,2,False
2,0.25,4,46,0.7999999999999999,2,False
2,0.26,4,46,0.7999999999999999,2,False
2,0.27,4,46,0.7999999999999999,2,False
2,0.28,4,46,0.7999999999999999,2,False
2,0.29,4,45,0.7999999999999999,2,False
2,0.3,5,45,0.7999999999999999,2,False
2,0.31,5,44,0.8999999999999998,2,False
2,0.32,6,44,0.8857142857142858,2,False
2,0.33,6,43,0.8857142857142858,2,False
2,0.34,7,43,0.6071428571428572,2,False
2,0.35,7,43,0.42857142857142866,2,False
2,0.36,7,43,0.39285714285714296,2,False
2,0.37,7,43,0.3571428571428572,2,False
2,0.38,7,43,0.42857142857142866,2,False
2,0.39,7,43,0.3571428571428572,2,False
2,0.4,7,43,0.3214285714285715,2,False
2,0.41,7,41,0.1785714285714286,2,False
2,0.42,9,41,0.35,2,False
2,0.43,9,40,0.39999999999999997,2,False
2,0.44,10,38,0.29696969696969694,2,False
2,0.45,12,36,0.21678321678321683,2,True
2,0.46,14,36,0.1164835164835165,2,False
2,0.47,14,36,0.1912087912087912,2,False
2,0.48,14,33,0.1076923076923077,2,False
2,0.49,17,26,0.22303921568627455,2,False
2,0.5,24,17,0.3043478260869565,2,True
3,0.0,1,49,,1,False
3,0.01,1,49,,1,False
3,0.02,1,49,,1,False
3,0.03,1,49,,1,False
3,0.04,1,49,,1,False
3,0.05,1,49,,1,False
3,0.06,1,49,,1,False
3,0.07,1,49,,1,False
3,0.08,1,48,,1,False
3,0.09,2,48,,2,False
3,0.1,2,48,,2,False
3,0.11,2,48,,2,False
3,0.12,2,48,,2,False
3,0.13,2,48,,2,False
3,0.14,2,48,,2,False
3,0.15,2,48,,2,False
3,0.16,2,48,,2,False
3,0.17,2,48,,2,False
3,0.18,2,48,,2,False
3,0.19,2,48,,2,False
3,0.2,2,48,,2,False
3,0.21,2,48,,2,False
3,0.22,2,48,,2,False
3,0.23,2,47,,2,False
3,0.24,3,47,0.5,2,False
3,0.25,3,47,0.5,2,False
3,0.26,3,47,0.5,2,False
3,0.27,3,47,0.5,2,False
3,0.28,3,47,0.5,2,False
3,0.29,3,47,0.5,2,False
3,0.3,3,47,0.5,2,False
3,0.31,3,47,0.5,2,False
3,0.32,3,47,0.5,2,False
3,0.33,3,46,0.5,2,False
3,0.34,4,46,-0.39999999999999997,2,False
3,0.35,4,45,-0.6000000000000001,2,True
3,0.36,5,44,-0.7,2,False
3,0.37,6,44,-0.028571428571428574,2,False
3,0.38,6,44,-0.3714285714285715,2,False
3,0.39,6,43,-0.6,2,False
3,0.4,7,43,-0.6071428571428572,2,False
3,0.41,7,43,-0.6071428571428572,2,False
3,0.42,7,42,-0.8571428571428573,2,False
3,0.43,8,42,-0.880952380952381,2,False
3,0.44,8,42,-0.7142857142857144,2,False
3,0.45,8,42,-0.7380952380952381,2,False
3,0.46,8,41,-0.07142857142857144,2,False
3,0.47,9,37,-0.25,2,False
3,0.48,13,35,-0.24175824175824176,2,False
3,0.49,15,27,-0.3,2,True
3,0.5,22,20,0.16657255787690575,2,False
4,0.0,1,49,,1,False
4,0.01,1,49,,1,False
4,0.02,1,49,,1,False
4,0.03,1,49,,1,False
4,0.04,1,49,,1,False
4,0.05,1,49,,1,False
4,0.06,1,49,,1,False
4,0.07,1,49,,1,False
4,0.08,1,49,,1,False
4,0.09,1,49,,1,False
4,0.1,1,49,,1,False
4,0.11,1,49,,1,False
4,0.12,1,49,,1,False
4,0.13,1,49,,1,False
4,0.14,1,49,,1,False
4,0.15,1,49,,1,False
4,0.16,1,49,,1,False
4,0.17,1,49,,1,False
4,0.18,1,49,,1,False
4,0.19,1,49,,1,False
4,0.2,1,49,,1,False
4,0.21,1,49,,1,False
4,0.22,1,49,,1,False
4,0.23,1,49,,1,False
4,0.24,1,49,,1,False
4,0.25,1,48,,1,False
4,0.26,2,48,,2,False
4,0.27,2,48,,2,False
4,0.28,2,48,,2,False
4,0.29,2,47,,2,False
4,0.3,3,47,0.5,2,False
4,0.31,3,47,0.5,2,False
4,0.32,3,47,0.5,2,False
4,0.33,3,47,0.5,2,False
4,0.34,3,47,1.0,2,False
4,0.35,3,47,1.0,2,False
4,0.36,3,47,1.0,2,False
4,0.37,3,47,1.0,2,False
4,0.38,3,46,0.5,2,False
4,0.39,4,46,0.19999999999999998,2,False
4,0.4,4,46,-0.39999999999999997,2,False
4,0.41,4,45,0.19999999999999998,2,False
4,0.42,5,45,0.09999999999999999,2,False
4,0.43,5,44,-0.39999999999999997,2,False
4,0.44,6,43,-0.3142857142857143,2,False
4,0.45,7,40,-0.3214285714285715,2,True
4,0.46,10,38,-0.4545454545454545,2,False
4,0.47,12,35,0.3076923076923077,2,True
4,0.48,15,34,0.25,2,False
4,0.49,16,28,0.3205882352941176,2,True
4,0.5,22,20,0.4025974025974026,2,True
5,0.0,1,49,,1,False
5,0.01,1,49,,1,False
5,0.02,1,49,,1,False
5,0.03,1,49,,1,False
5,0.04,1,49,,1,False
5,0.05,1,49,,1,False
5,0.06,1,49,,1,False
5,0.07,1,49,,1,False
5,0.08,1,49,,1,False
5,0.09,1,49,,1,False
5,0.1,1,49,,1,False
5,0.11,1,49,,1,False
5,0.12,1,49,,1,False
5,0.13,1,49,,1,False
5,0.14,1,49,,1,False
5,0.15,1,48,,1,False
5,0.16,2,48,,2,False
5,0.17,2,48,,2,False
5,0.18,2,48,,2,False
5,0.19,2,48,,2,False
5,0.2,2,48,,2,False
5,0.21,2,48,,2,False
5,0.22,2,48,,2,False
5,0.23,2,48,,2,False
5,0.24,2,48,,2,False
5,0.25,2,48,,2,False
5,0.26,2,48,,2,False
5,0.27,2,48,,2,False
5,0.28,2,48,,2,False
5,0.29,2,48,,2,False
5,0.3,2,48,,2,False
5,0.31,2,48,,2,False
5,0.32,2,48,,2,False
5,0.33,2,48,,2,False
5,0.34,2,48,,2,False
5,0.35,2,48,,2,False
5,0.36,2,48,,2,False
5,0.37,2,48,,2,False
5,0.38,2,47,,2,False
5,0.39,3,47,0.5,2,False
5,0.4,3,47,1.0,2,False
5,0.41,3,46,1.0,2,False
5,0.42,4,44,0.7999999999999999,2,False
5,0.43,6,44,0.6,2,False
5,0.44,6,42,0.3142857142857143,2,False
5,0.45,8,40,0.14285714285714288,2,False
5,0.46,10,38,-0.06666666666666665,2,False
5,0.47,12,35,0.06993006993006995,2,False
5,0.48,15,29,0.04642857142857142,2,False
5,0.49,21,25,0.03506493506493507,2,False
5,0.5,25,15,-0.13538461538461538,2,True
6,0.0,1,49,,1,False
6,0.01,1,49,,1,False
6,0.02,1,49,,1,False
6,0.03,1,49,,1,False
6,0.04,1,49,,1,False
6,0.05,1,49,,1,False
6,0.06,1,49,,1,False
6,0.07,1,49,,1,False
6,0.08,1,49,,1,False
6,0.09,1,49,,1,False
6,0.1,1,49,,1,False
6,0.11,1,49,,1,False
6,0.12,1,49,,1,False
6,0.13,1,49,,1,False
6,0.14,1,49,,1,False
6,0.15,1,49,,1,False
6,0.16,1,49,,1,False
6,0.17,1,48,,1,False
6,0.18,2,48,,2,False
6,0.19,2,48,,2,False
6,0.2,2,48,,2,False
6,0.21,2,47,,2,False
6,0.22,3,47,0.5,2,False
6,0.23,3,47,1.0,2,False
6,0.24,3,47,0.5,2,False
6,0.25,3,47,0.5,2,False
6,0.26,3,46,-0.5,2,False
6,0.27,4,46,0.39999999999999997,2,False
6,0.28,4,46,0.39999999999999997,2,False
6,0.29,4,46,0.7999999999999999,2,False
6,0.3,4,46,0.19999999999999998,2,False
6,0.31,4,46,-0.39999999999999997,2,False
6,0.32,4,46,-0.7999999999999999,2,False
6,0.33,4,46,-0.7999999999999999,2,False
6,0.34,4,46,-0.6000000000000001,2,False
6,0.35,4,46,0.0,2,False
6,0.36,4,46,-0.6000000000000001,2,False
6,0.37,4,46,0.39999999999999997,2,False
6,0.38,4,46,-0.7999999999999999,2,False
6,0.39,4,46,-0.7999999999999999,2,False
6,0.4,4,44,-1.0,2,True
6,0.41,6,44,-0.4285714285714286,2,False
6,0.42,6,44,-0.08571428571428573,2,False
6,0.43,6,43,-0.48571428571428577,2,False
6,0.44,7,41,-0.28571428571428575,2,True
6,0.45,9,39,-0.48333333333333334,2,True
6,0.46,11,36,-0.44545454545454555,2,False
6,0.47,14,34,-0.48571428571428577,2,False
6,0.48,16,32,-0.36470588235294116,2,False
6,0.49,18,26,-0.13106295149638802,2,False
6,0.5,24,17,0.049565217391304345,2,False
7,0.0,1,49,,1,False
7,0.01,1,49,,1,False
7,0.02,1,49,,1,False
7,0.03,1,49,,1,False
7,0.04,1,49,,1,False
7,0.05,1,49,,1,False
7,0.06,1,49,,1,False
7,0.07,1,49,,1,False
7,0.08,1,49,,1,False
7,0.09,1,49,,1,False
7,0.1,1,49,,1,False
7,0.11,1,49,,1,False
7,0.12,1,49,,1,False
7,0.13,1,49,,1,False
7,0.14,1,49,,1,False
7,0.15,1,49,,1,False
7,0.16,1,49,,1,False
7,0.17,1,49,,1,False
7,0.18,1,49,,1,False
7,0.19,1,49,,1,False
7,0.2,1,49,,1,False
7,0.21,1,49,,1,False
7,0.22,1,49,,1,False
7,0.23,1,49,,1,False
7,0.24,1,49,,1,False
7,0.25,1,49,,1,False
7,0.26,1,49,,1,False
7,0.27,1,48,,1,False
7,0.28,2,47,,2,False
7,0.29,3,47,-1.0,2,False
7,0.3,3,47,-1.0,2,False
7,0.31,3,47,-0.5,2,False
7,0.32,3,47,-0.5,2,False
7,0.33,3,46,-0.5,2,False
7,0.34,4,46,-0.6000000000000001,2,False
7,0.35,4,46,-0.6000000000000001,2,False
7,0.36,4,45,-0.39999999999999997,2,False
7,0.37,5,45,-0.6,2,False
7,0.38,5,45,-0.6,2,False
7,0.39,5,44,0.6,2,False
7,0.4,6,44,0.3142857142857143,2,False
7,0.41,6,43,-0.14285714285714288,2,True
7,0.42,7,43,0.21428571428571433,2,False
7,0.43,7,43,0.14285714285714288,2,False
7,0.44,7,42,0.21428571428571433,2,False
7,0.45,8,41,0.2380952380952381,2,False
7,0.46,9,40,0.2833333333333333,2,False
7,0.47,10,35,0.07878787878787878,2,False
7,0.48,15,33,-0.06785714285714285,2,False
7,0.49,17,30,-0.04166666666666667,2,False
7,0.5,20,20,-0.10225563909774435,2,True
8,0.0,2,48,,2,False
8,0.01,2,48,,2,False
8,0.02,2,48,,2,False
8,0.03,2,48,,2,False
8,0.04,2,48,,2,False
8,0.05,2,48,,2,False
8,0.06,2,47,,2,False
8,0.07,3,47,-0.5,2,False
8,0.08,3,47,-1.0,2,False
8,0.09,3,47,-1.0,2,False
8,0.1,3,47,-1.0,2,False
8,0.11,3,47,-1.0,2,False
8,0.12,3,47,-1.0,2,False
8,0.13,3,47,1.0,2,False
8,0.14,3,46,0.5,2,False
8,0.15,4,46,0.19999999999999998,2,False
8,0.16,4,46,0.19999999999999998,2,False
8,0.17,4,46,-0.19999999999999998,2,False
8,0.18,4,46,-1.0,2,False
8,0.19,4,46,-1.0,2,False
8,0.2,4,46,-0.7999999999999999,2,False
8,0.21,4,46,-0.7999999999999999,2,False
8,0.22,4,46,-1.0,2,False
8,0.23,4,46,-0.7999999999999999,2,False
8,0.24,4,46,-0.7999999999999999,2,False
8,0.25,4,46,-0.39999999999999997,2,False
8,0.26,4,46,-0.39999999999999997,2,False
8,0.27,4,46,-0.39999999999999997,2,False
8,0.28,4,46,-0.39999999999999997,2,False
8,0.29,4,46,-0.7999999999999999,2,False
8,0.3,4,46,-0.39999999999999997,2,False
8,0.31,4,46,-0.39999999999999997,2,False
8,0.32,4,46,-0.19999999999999998,2,False
8,0.33,4,46,0.7999999999999999,2,False
8,0.34,4,46,1.0,2,False
8,0.35,4,46,1.0,2,False
8,0.36,4,46,0.39999999999999997,2,False
8,0.37,4,46,0.39999999999999997,2,False
8,0.38,4,44,0.39999999999999997,2,False
8,0.39,6,44,0.3714285714285715,2,False
8,0.4,6,44,0.3714285714285715,2,False
8,0.41,6,43,-0.08571428571428573,2,False
8,0.42,7,41,0.10714285714285716,2,True
8,0.43,9,40,-0.21666666666666667,2,False
8,0.44,10,40,-0.43030303030303024,2,False
8,0.45,10,40,-0.09090909090909088,2,False
8,0.46,10,37,0.13939393939393938,2,False
8,0.47,13,35,-0.22527472527472525,2,False
8,0.48,15,34,-0.38928571428571423,2,False
8,0.49,16,27,-0.6235294117647059,2,True
8,0.5,23,20,-0.47134387351778656,2,False
9,0.0,1,49,,1,False
9,0.01,1,49,,1,False
9,0.02,1,49,,1,False
9,0.03,1,49,,1,False
9,0.04,1,49,,1,False
9,0.05,1,49,,1,False
9,0.06,1,49,,1,False
9,0.07,1,49,,1,False
9,0.08,1,49,,1,False
9,0.09,1,49,,1,False
9,0.1,1,49,,1,False
9,0.11,1,49,,1,False
9,0.12,1,49,,1,False
9,0.13,1,49,,1,False
9,0.14,1,48,,1,False
9,0.15,2,48,,2,False
9,0.16,2,48,,2,False
9,0.17,2,48,,2,False
9,0.18,2,48,,2,False
9,0.19,2,48,,2,False
9,0.2,2,48,,2,False
9,0.21,2,48,,2,False
9,0.22,2,48,,2,False
9,0.23,2,47,,2,False
9,0.24,3,47,-1.0,2,False
9,0.25,3,47,-1.0,2,False
9,0.26,3,47,-1.0,2,False
9,0.27,3,47,-0.5,2,False
9,0.28,3,46,0.5,2,False
9,0.29,4,46,0.39999999999999997,2,False
9,0.3,4,46,0.39999999999999997,2,False
9,0.31,4,45,-0.39999999999999997,2,False
9,0.32,5,45,0.19999999999999998,2,False
9,0.33,5,45,0.19999999999999998,2,False
9,0.34,5,45,0.19999999999999998,2,False
9,0.35,5,44,0.19999999999999998,2,False
9,0.36,6,44,0.2571428571428572,2,False
9,0.37,6,43,0.2571428571428572,2,False
9,0.38,7,43,-0.14285714285714288,2,False
9,0.39,7,43,0.1785714285714286,2,False
9,0.4,7,43,-0.03571428571428572,2,False
9,0.41,7,43,-0.5357142857142858,2,False
9,0.42,7,43,0.14285714285714288,2,False
9,0.43,7,43,-0.10714285714285716,2,False
9,0.44,7,42,0.1785714285714286,2,False
9,0.45,7,38,0.4642857142857144,2,False
9,0.46,11,38,0.7363636363636363,2,False
9,0.47,11,36,0.7363636363636363,2,False
9,0.48,13,33,0.7087912087912087,2,False
9,0.49,16,30,0.7147058823529412,2,True
9,0.5,19,22,0.6333333333333333,2,False
10,0.0,1,49,,1,False
10,0.01,1,49,,1,False
10,0.02,1,49,,1,False
10,0.03,1,49,,1,False
10,0.04,1,49,,1,False
10,0.05,1,49,,1,False
10,0.06,1,49,,1,False
10,0.07,1,49,,1,False
10,0.08,1,49,,1,False
10,0.09,1,49,,1,False
10,0.1,1,49,,1,False
10,0.11,1,49,,1,False
10,0.12,1,49,,1,False
10,0.13,1,49,,1,False
10,0.14,1,49,,1,False
10,0.15,1,49,,1,False
10,0.16,1,49,,1,False
10,0.17,1,49,,1,False
10,0.18,1,49,,1,False
10,0.19,1,48,,1,False
10,0.2,2,47,,2,False
10,0.21,3,47,0.5,2,False
10,0.22,3,47,0.5,2,False
10,0.23,3,47,0.5,2,False
10,0.24,3,46,1.0,2,False
10,0.25,4,46,0.7999999999999999,2,False
10,0.26,4,46,0.39999999999999997,2,False
10,0.27,4,46,0.39999999999999997,2,False
10,0.28,4,46,-0.6000000000000001,2,False
10,0.29,4,46,-0.7999999999999999,2,False
10,0.3,4,45,-0.7999999999999999,2,False
10,0.31,5,44,-0.8999999999999998,2,False
10,0.32,6,44,-0.8285714285714287,2,False
10,0.33,6,44,-0.7142857142857143,2,False
10,0.34,6,44,-0.2571428571428572,2,False
10,0.35,6,44,0.028571428571428574,2,False
10,0.36,6,44,0.14285714285714288,2,False
10,0.37,6,44,0.08571428571428573,2,False
10,0.38,6,44,0.3142857142857143,2,False
10,0.39,6,44,0.08571428571428573,2,False
10,0.4,6,43,-0.08571428571428573,2,False
10,0.41,7,43,-0.3571428571428572,2,False
10,0.42,7,43,-0.5714285714285715,2,False
10,0.43,7,42,-0.3571428571428572,2,True
10,0.44,8,41,-0.023809523809523815,2,True
10,0.45,9,40,0.016666666666666666,2,False
10,0.46,10,37,-0.19999999999999998,2,False
10,0.47,13,35,0.016483516483516484,2,False
10,0.48,15,34,0.06428571428571428,2,False
10,0.49,16,28,0.30882352941176466,2,False
10,0.5,22,23,0.4059853190287973,2,False
11,0.0,1,49,,1,False
11,0.01,1,49,,1,False
11,0.02,1,49,,1,False
11,0.03,1,49,,1,False
11,0.04,1,49,,1,False
11,0.05,1,49,,1,False
11,0.06,1,49,,1,False
11,0.07,1,49,,1,False
11,0.08,1,49,,1,False
11,0.09,1,49,,1,False
11,0.1,1,49,,1,False
11,0.11,1,49,,1,False
11,0.12,1,49,,1,False
11,0.13,1,49,,1,False
11,0.14,1,49,,1,False
11,0.15,1,49,,1,False
11,0.16,1,49,,1,False
11,0.17,1,49,,1,False
11,0.18,1,49,,1,False
11,0.19,1,49,,1,False
11,0.2,1,49,,1,False
11,0.21,1,49,,1,False
11,0.22,1,49,,1,False
11,0.23,1,49,,1,False
11,0.24,1,49,,1,False
11,0.25,1,49,,1,False
11,0.26,1,49,,1,False
11,0.27,1,49,,1,False
11,0.28,1,49,,1,False
11,0.29,1,49,,1,False
11,0.3,1,49,,1,False
11,0.31,1,48,,1,False
11,0.32,2,48,,2,False
11,0.33,2,47,,2,False
11,0.34,3,47,1.0,2,False
11,0.35,3,47,1.0,2,False
11,0.36,3,47,1.0,2,False
11,0.37,3,47,0.5,2,False
11,0.38,3,45,0.5,2,True
11,0.39,5,45,0.8999999999999998,2,False
11,0.4,5,45,-0.6,2,False
11,0.41,5,44,-0.09999999999999999,2,False
11,0.42,5,44,0.09999999999999999,2,False
11,0.43,5,43,0.3,2,False
11,0.44,6,43,-0.08571428571428573,2,False
11,0.45,6,43,-0.08571428571428573,2,False
11,0.46,6,40,-0.3714285714285715,2,False
11,0.47,9,37,0.08333333333333334,2,False
11,0.48,12,33,0.2377622377622378,2,True
11,0.49,16,27,0.3382352941176471,2,False
11,0.5,20,15,0.18345864661654135,2,True
12,0.0,1,49,,1,False
12,0.01,1,49,,1,False
12,0.02,1,49,,1,False
12,0.03,1,49,,1,False
12,0.04,1,49,,1,False
12,0.05,1,49,,1,False
12,0.06,1,49,,1,False
12,0.07,1,49,,1,False
12,0.08,1,49,,1,False
12,0.09,1,49,,1,False
12,0.1,1,49,,1,False
12,0.11,1,49,,1,False
12,0.12,1,49,,1,False
12,0.13,1,49,,1,False
12,0.14,1,49,,1,False
12,0.15,1,49,,1,False
12,0.16,1,49,,1,False
12,0.17,1,48,,1,False
12,0.18,2,48,,2,False
12,0.19,2,48,,2,False
12,0.2,2,48,,2,False
12,0.21,2,48,,2,False
12,0.22,2,48,,2,False
12,0.23,2,48,,2,False
12,0.24,2,48,,2,False
12,0.25,2,48,,2,False
12,0.26,2,48,,2,False
12,0.27,2,48,,2,False
12,0.28,2,48,,2,False
12,0.29,2,48,,2,False
12,0.3,2,48,,2,False
12,0.31,2,47,,2,False
12,0.32,3,47,-1.0,2,False
12,0.33,3,47,-1.0,2,False
12,0.34,3,47,-1.0,2,False
12,0.35,3,46,-1.0,2,False
12,0.36,4,46,-0.39999999999999997,2,False
12,0.37,4,46,-0.7999999999999999,2,False
12,0.38,4,46,0.19999999999999998,2,False
12,0.39,4,46,0.19999999999999998,2,False
12,0.4,4,46,0.39999999999999997,2,False
12,0.41,4,46,0.7999999999999999,2,False
12,0.42,4,45,0.39999999999999997,2,False
12,0.43,5,44,0.39999999999999997,2,False
12,0.44,6,44,0.5428571428571429,2,False
12,0.45,6,42,0.6,2,False
12,0.46,8,37,0.261904761904762,2,False
12,0.47,13,34,0.2802197802197803,2,False
12,0.48,16,29,0.4647058823529412,2,False
12,0.49,21,28,0.3571428571428571,2,False
12,0.5,22,15,0.4048560135516658,2,True
13,0.0,1,49,,1,False
13,0.01,1,49,,1,False
13,0.02,1,49,,1,False
13,0.03,1,49,,1,False
13,0.04,1,49,,1,False
13,0.05,1,49,,1,False
13,0.06,1,49,,1,False
13,0.07,1,49,,1,False
13,0.08,1,49,,1,False
13,0.09,1,49,,1,False
13,0.1,1,49,,1,False
13,0.11,1,49,,1,False
13,0.12,1,49,,1,False
13,0.13,1,49,,1,False
13,0.14,1,49,,1,False
13,0.15,1,49,,1,False
13,0.16,1,49,,1,False
13,0.17,1,49,,1,False
13,0.18,1,49,,1,False
13,0.19,1,49,,1,False
13,0.2,1,49,,1,False
13,0.21,1,49,,1,False
13,0.22,1,49,,1,False
13,0.23,1,49,,1,False
13,0.24,1,49,,1,False
13,0.25,1,49,,1,False
13,0.26,1,49,,1,False
13,0.27,1,48,,1,False
13,0.28,2,48,,2,False
13,0.29,2,48,,2,False
13,0.3,2,48,,2,False
13,0.31,2,48,,2,False
13,0.32,2,47,,2,False
13,0.33,3,46,1.0,2,False
13,0.34,4,46,0.39999999999999997,2,False
13,0.35,4,45,0.39999999999999997,2,False
13,0.36,5,45,-0.3,2,False
13,0.37,5,45,-0.3,2,False
13,0.38,5,45,-0.3,2,False
13,0.39,5,44,-0.7999999999999999,2,False
13,0.4,6,44,0.028571428571428574,2,False
13,0.41,6,44,0.4285714285714286,2,False
13,0.42,6,43,0.028571428571428574,2,False
13,0.43,7,42,0.0,2,False
13,0.44,8,41,-0.19047619047619052,2,False
13,0.45,9,41,0.11666666666666665,2,False
13,0.46,9,38,0.13333333333333333,2,False
13,0.47,12,36,0.02097902097902098,2,False
13,0.48,14,31,-0.02857142857142857,2,False
13,0.49,19,26,0.2508771929824561,2,True
13,0.5,24,17,0.09739130434782609,2,False
