time,elite_slot_coverage,elite_graph_coverage
0.0,1.0,1.0
0.01,1.0,1.0
0.02,1.0,1.0
0.03,1.0,1.0
0.04,1.0,1.0
0.05,1.0,1.0
0.06,1.0,1.0
0.07,1.0,1.0
0.08,1.0,1.0
0.09,1.0,1.0
0.1,1.0,1.0
0.11,1.0,1.0
0.12,1.0,1.0
0.13,1.0,1.0
0.14,1.0,1.0
0.15,1.0,1.0
0.16,1.0,1.0
0.17,1.0,1.0
0.18,1.0,1.0
0.19,1.0,1.0
0.2,1.0,1.0
0.21,1.0,1.0
0.22,1.0,1.0
0.23,0.875,0.875
0.24,0.875,0.875
0.25,0.875,0.875
0.26,0.875,0.875
0.27,1.0,1.0
0.28,1.0,1.0
0.29,1.0,1.0
0.3,1.0,1.0
0.31,1.0,1.0
0.32,0.875,0.875
0.33,0.875,0.875
0.34,1.0,1.0
0.35,1.0,1.0
0.36,0.9583333333333334,1.0
0.37,0.7395833333333334,0.78125
0.38,0.75,0.8125
0.39,0.71875,0.78125
0.4,0.6145833333333334,0.65625
0.41,0.6875,0.75
0.42,0.6875,0.75
0.43,0.5729166666666666,0.5833333333333333
0.44,0.5416666666666666,0.5520833333333333
0.45,0.4166666666666667,0.4375
0.46,0.4479166666666667,0.47916666666666663
0.47,0.5625,0.6354166666666666
0.48,0.578125,0.7135416666666666
0.49,0.5208333333333333,0.6354166666666666
0.5,0.625,0.6979166666666666
