arm,batch,score_time,state_time,reference_time,active,dose_reference,first_controlled_update,initial_update_dose,atom_step_cap_A,raw_gradient_l2_native_mean,post_projection_l2_native_mean,projection_retained_squared_fraction_mean,backtrack_factor_mean,max_actual_pair_distance_change_A_mean,dose_gate_mean,conditional_supported_fraction,conditional_component_ESS_mean,background_support_gate_mean,contrast_amplitude_gate_mean,bounded_response_gate_mean,observed_native_rms_A,predictive_flow_rms_A,calibration_rms_A,injection_rms_A,requested_rms_A
gradient,0,0,0.00999999977648,0,True,observed_native,True,native,0.0125,0.800800923407,0.800800923407,1,1,0.0122740952671,0.232516793236,1,,,,,1.68148140192,0.0363164623082,1.68148140192,0.00254936936777,0.0197752349311
gradient,0,0.00999999977648,0.019999999553,0.00999999977648,True,observed_native,False,native,0.0125,0.753576699495,0.753576699495,1,1,0.00535263068974,0.209178039357,1,,,,,0.106879577935,0.043578459397,0.106879577935,0.00111966531957,0.00111966533121
gradient,0,0.019999999553,0.0299999993294,0.019999999553,True,observed_native,False,native,0.0125,0.785950294733,0.785950294733,1,1,0.00434679111466,0.213200076967,1,,,,,0.0846617695689,0.0438692136109,0.0846617695689,0.000906084468588,0.000906084466842
gradient,0,0.0299999993294,0.0399999991059,0.0299999993294,True,observed_native,False,native,0.0125,0.738273078501,0.738273078501,1,1,0.00350389093161,0.201566498056,1,,,,,0.0749534534663,0.0441799159348,0.0749534534663,0.000761526412098,0.000761526420247
gradient,0,0.0399999991059,0.0499999970198,0.0399999991059,True,observed_native,False,native,0.0125,0.686386436224,0.686386436224,1,1,0.00292741142213,0.187772211879,1,,,,,0.0693234207481,0.044439105615,0.0693234207481,0.00064837535916,0.000648375350283
gradient,0,0.0499999970198,0.0599999986589,0.0499999970198,True,observed_native,False,native,0.0125,0.64865724206,0.64865724206,1,1,0.00259206369519,0.173669088185,1,,,,,0.0665113083273,0.0446587648988,0.0665113083273,0.000576755533402,0.000576755529619
gradient,0,0.0599999986589,0.070000000298,0.0599999986589,True,observed_native,False,native,0.0125,0.622652480006,0.622652480006,1,1,0.0023761086911,0.169091739282,1,,,,,0.062587217018,0.0447646272928,0.062587217018,0.000527795447415,0.000529298794572
gradient,0,0.070000000298,0.0799999982119,0.070000000298,True,observed_native,False,native,0.0125,0.594270192236,0.594270192236,1,1,0.00227207943797,0.16781416744,1,,,,,0.060752523914,0.0448659813404,0.060752523914,0.000506889838725,0.000512449469243
gradient,0,0.0799999982119,0.0899999961257,0.0799999982119,True,observed_native,False,native,0.0125,0.511780781448,0.511780781448,1,1,0.00196964338422,0.150227074772,1,,,,,0.0591869067401,0.0450130920857,0.0591869067401,0.000444621668721,0.000444621666102
gradient,0,0.0899999961257,0.0999999940395,0.0899999961257,True,observed_native,False,native,0.0125,0.560814093947,0.560814093947,1,1,0.00207566216588,0.167023816109,1,,,,,0.0577258661389,0.0451647091657,0.0577258661389,0.000483047471207,0.000483047465677
gradient,0,0.0999999940395,0.109999999404,0.0999999940395,True,observed_native,False,native,0.0125,0.592537885308,0.592537885308,1,1,0.00230547487736,0.188655951396,1,,,,,0.0575424342602,0.0451794815809,0.0575424342602,0.000543401924951,0.000543401931645
gradient,0,0.109999999404,0.119999997318,0.109999999404,True,observed_native,False,native,0.0125,0.612883267403,0.612883267403,1,1,0.00239864975214,0.198751912564,1,,,,,0.0559425865114,0.04512614429,0.0559425865114,0.000554913626111,0.000554913622618
gradient,0,0.119999997318,0.129999995232,0.119999997318,True,observed_native,False,native,0.0125,0.632009558082,0.632009558082,1,1,0.00252137511969,0.213936870843,1,,,,,0.0549832537025,0.0450836439431,0.0549832537025,0.000588149862597,0.000588149860559
gradient,0,0.129999995232,0.140000000596,0.129999995232,True,observed_native,False,native,0.0125,0.681696543097,0.681696543097,1,1,0.00260778367519,0.221948383301,1,,,,,0.0541992080957,0.0450298427045,0.0541992080957,0.000601657570223,0.000601657567022
gradient,0,0.140000000596,0.149999991059,0.140000000596,True,observed_native,False,native,0.0125,0.650892509073,0.650892509073,1,1,0.00229872614145,0.20249234654,1,,,,,0.0541023077816,0.0449206873775,0.0541023077816,0.00054682642367,0.000546826430655
gradient,0,0.149999991059,0.159999996424,0.149999991059,True,observed_native,False,native,0.0125,0.670574727952,0.670574727952,1,1,0.00238096609712,0.218646151125,1,,,,,0.0521891257912,0.0447623386979,0.0521891257912,0.000572908992763,0.000572908985778
gradient,0,0.159999996424,0.170000001788,0.159999996424,True,observed_native,False,native,0.0125,0.684662322998,0.684662322998,1,1,0.00248779118061,0.230468272716,1,,,,,0.0524836091697,0.0446962335706,0.0524836091697,0.000601257006347,0.000601257000526
gradient,0,0.170000001788,0.179999992251,0.170000001788,True,observed_native,False,native,0.0125,0.713005131334,0.713005131334,1,1,0.00250578701496,0.230328361988,1,,,,,0.0522169037163,0.0446827194095,0.0522169037163,0.000601282875286,0.000601282864518
gradient,0,0.179999992251,0.189999997616,0.179999992251,True,observed_native,False,native,0.0125,0.680244425535,0.680244425535,1,1,0.00230731546879,0.212542770058,1,,,,,0.0518935350329,0.044690355137,0.0518935350329,0.000553576806269,0.00055357680365
gradient,0,0.189999997616,0.199999988079,0.189999997616,True,observed_native,False,native,0.0125,0.708117282391,0.708117282391,1,1,0.00238316297531,0.220065616518,1,,,,,0.0517831090838,0.0447011759132,0.0517831090838,0.000569534471724,0.000569534470851
gradient,0,0.199999988079,0.209999993443,0.199999988079,True,observed_native,False,native,0.0125,0.737809990048,0.737809990048,1,1,0.00247678548098,0.230759978294,1,,,,,0.0516821242124,0.0447294128686,0.0516821242124,0.000591836940148,0.000591836948297
gradient,0,0.209999993443,0.219999998808,0.209999993443,True,observed_native,False,native,0.0125,0.728253346086,0.728253346086,1,1,0.002660574615,0.243890293092,1,,,,,0.0511084083468,0.0447556333989,0.0511084083468,0.000621836165956,0.000621836165665
gradient,0,0.219999998808,0.229999989271,0.219999998808,True,observed_native,False,native,0.0125,0.758128341734,0.758128341734,1,1,0.00274121165276,0.252384839058,1,,,,,0.050737574622,0.0447614339739,0.050737574622,0.000633991241048,0.000633991238719
gradient,0,0.229999989271,0.239999994636,0.229999989271,True,observed_native,False,native,0.0125,0.729906560779,0.729906560779,1,1,0.0026027983427,0.241873437613,1,,,,,0.0507464171201,0.0447229997814,0.0507464171201,0.000609296242183,0.000609296242183
gradient,0,0.239999994636,0.25,0.239999994636,True,observed_native,False,native,0.0125,0.736109772325,0.736109772325,1,1,0.00265323519707,0.255254181921,1,,,,,0.0506066549569,0.0446908587962,0.0506066549569,0.000641835148563,0.000641835150309
gradient,0,0.25,0.259999990463,0.25,True,observed_native,False,native,0.0125,0.777233865261,0.777233865261,1,1,0.00309236586094,0.293676707447,1,,,,,0.0501091410965,0.0446626525372,0.0501091410965,0.000731796043983,0.000731796044274
gradient,0,0.259999990463,0.269999980927,0.259999990463,True,observed_native,False,native,0.0125,0.766579773724,0.766579773724,1,1,0.00314270317554,0.296851000041,1,,,,,0.0508185172826,0.0446627187729,0.0508185172826,0.000753853746282,0.000753853744536
gradient,0,0.269999980927,0.280000001192,0.269999980927,True,observed_native,False,native,0.0125,0.743323493898,0.743323493898,1,1,0.00290281355381,0.288523796201,1,,,,,0.0499856361002,0.0446779243648,0.0499856361002,0.000710758781934,0.000710758779314
gradient,0,0.280000001192,0.289999991655,0.280000001192,True,observed_native,False,native,0.0125,0.744795127809,0.744795127809,1,1,0.00296308755875,0.290935580134,1,,,,,0.0499828662723,0.044696008414,0.0499828662723,0.000728551027423,0.000728551018692
gradient,0,0.289999991655,0.299999982119,0.289999991655,True,observed_native,False,native,0.0125,0.743283262253,0.743283262253,1,1,0.00304904282093,0.303928996176,1,,,,,0.0498109176755,0.0446699598432,0.0498109176755,0.000751308421022,0.000751308427425
gradient,0,0.299999982119,0.310000002384,0.299999982119,True,observed_native,False,native,0.0125,0.744947679639,0.744947679639,1,1,0.00321422994137,0.31492460534,1,,,,,0.0496026561409,0.0446653438359,0.0496026561409,0.000779267624021,0.000779267625767
gradient,0,0.310000002384,0.319999992847,0.310000002384,True,observed_native,False,native,0.0125,0.739727615118,0.739727615118,1,1,0.00295872986317,0.29109510377,1,,,,,0.0497578086704,0.0446932375431,0.0497578086704,0.000722528857295,0.000722528852348
gradient,0,0.319999992847,0.329999983311,0.319999992847,True,observed_native,False,native,0.0125,0.732157550752,0.732157550752,1,1,0.00316393554211,0.310092656165,1,,,,,0.0490299583226,0.0446928186715,0.0490299583226,0.00075437389256,0.000754373907694
gradient,0,0.329999983311,0.340000003576,0.329999983311,True,observed_native,False,native,0.0125,0.685684214234,0.685684214234,1,1,0.00322620928288,0.305323005319,1,,,,,0.049560790658,0.0447408925742,0.049560790658,0.00075307268271,0.000753072673979
gradient,0,0.340000003576,0.34999999404,0.340000003576,True,observed_native,False,native,0.0125,0.715118613541,0.715118613541,1,1,0.00350029468536,0.324512181729,1,,,,,0.0495366158336,0.0448041857034,0.0495366158336,0.000801012429583,0.000801012424345
gradient,0,0.34999999404,0.359999984503,0.34999999404,True,observed_native,False,native,0.0125,0.726340612769,0.726340612769,1,1,0.00371597290039,0.347300975472,1,,,,,0.0491707122326,0.044799746573,0.0491707122326,0.000848280925711,0.000848280941718
gradient,0,0.359999984503,0.370000004768,0.359999984503,True,observed_native,False,native,0.0125,0.677320047617,0.677320047617,1,1,0.0035485291481,0.333210640997,1,,,,,0.0498042356968,0.0448597723991,0.0498042356968,0.000819829343818,0.000819829351676
gradient,0,0.370000004768,0.379999995232,0.370000004768,True,observed_native,False,native,0.0125,0.717951177657,0.717951177657,1,1,0.00392536461353,0.367310944498,1,,,,,0.0489665634185,0.0448465806246,0.0489665634185,0.000896304683993,0.000896304684284
gradient,0,0.379999995232,0.389999985695,0.379999995232,True,observed_native,False,native,0.0125,0.67563214004,0.67563214004,1,1,0.00413168609142,0.378521662652,1,,,,,0.0494245742261,0.0448494189233,0.0494245742261,0.000936270603561,0.0009362706088
gradient,0,0.389999985695,0.399999976158,0.389999985695,True,observed_native,False,native,0.0125,0.686379037201,0.686379037201,1,1,0.0041473788023,0.384553122669,1,,,,,0.0490914965421,0.0448522222787,0.0490914965421,0.000942778858589,0.000942778869648
gradient,0,0.399999976158,0.409999996424,0.399999976158,True,observed_native,False,native,0.0125,0.678364777267,0.678364777267,1,1,0.00420144498348,0.37771570161,1,,,,,0.0495885618031,0.04481699422,0.0495885618031,0.000934236866597,0.000934236847679
gradient,0,0.409999996424,0.419999986887,0.409999996424,True,observed_native,False,native,0.0125,0.692591375411,0.692591375411,1,1,0.00399763703346,0.3771475254,1,,,,,0.0486259670556,0.0448405176401,0.0486259670556,0.000915289248223,0.000915289244731
gradient,0,0.419999986887,0.42999997735,0.419999986887,True,observed_native,False,native,0.0125,0.683866998851,0.683866998851,1,1,0.00398836433887,0.366249772608,1,,,,,0.0485310895741,0.0447029276937,0.0485310895741,0.000883548114798,0.000883548107231
gradient,0,0.42999997735,0.439999997616,0.42999997735,True,observed_native,False,native,0.0125,0.723119274974,0.723119274974,1,1,0.00420423924923,0.396612626016,1,,,,,0.0480885421485,0.044647789821,0.0480885421485,0.000951307695941,0.000951307701762
gradient,0,0.439999997616,0.449999988079,0.439999997616,True,observed_native,False,native,0.0125,0.658771641552,0.658771641552,1,1,0.00414038777351,0.394674205929,1,,,,,0.047917868197,0.0446868293732,0.047917868197,0.000945997444214,0.000945997452072
gradient,0,0.449999988079,0.459999978542,0.449999988079,True,observed_native,False,native,0.0125,0.66521845907,0.66521845907,1,1,0.00436553001404,0.420690642297,1,,,,,0.0485859298706,0.0447286888212,0.0485859298706,0.00101327200944,0.00101327200362
gradient,0,0.459999978542,0.469999998808,0.459999978542,True,observed_native,False,native,0.0125,0.614445278347,0.614445278347,1,1,0.00413987994194,0.406358792782,1,,,,,0.048065694645,0.0447159644961,0.048065694645,0.00097145671607,0.000971456727711
gradient,0,0.469999998808,0.479999989271,0.469999998808,True,observed_native,False,native,0.0125,0.666558984816,0.666558984816,1,1,0.00432879805565,0.415029360056,1,,,,,0.0487394066155,0.0447841094434,0.0487394066155,0.00100577030738,0.00100577029865
gradient,0,0.479999989271,0.489999979734,0.479999989271,True,observed_native,False,native,0.0125,0.666518530548,0.666518530548,1,1,0.00419695615768,0.402552268952,1,,,,,0.0479229753464,0.0448331832886,0.0479229753464,0.000960523059475,0.000960523053072
gradient,0,0.489999979734,0.5,0.489999979734,True,observed_native,False,native,0.0125,0.667618057132,0.667618057132,1,1,0.00447656989098,0.424720111787,1,,,,,0.0484127305448,0.0448801921308,0.0484127305448,0.00102196478751,0.0010219647974
gradient,0,0.5,0.509999990463,,False,observed_native,,native,,,,,,,,,,,,,,,,0,
gradient,0,0.509999990463,0.519999980927,,False,observed_native,,native,,,,,,,,,,,,,,,,0,
gradient,0,0.519999980927,0.530000030994,,False,observed_native,,native,,,,,,,,,,,,,,,,0,
gradient,0,0.530000030994,0.540000021458,,False,observed_native,,native,,,,,,,,,,,,,,,,0,
gradient,0,0.540000021458,0.550000011921,,False,observed_native,,native,,,,,,,,,,,,,,,,0,
gradient,0,0.550000011921,0.560000002384,,False,observed_native,,native,,,,,,,,,,,,,,,,0,
gradient,0,0.560000002384,0.569999992847,,False,observed_native,,native,,,,,,,,,,,,,,,,0,
gradient,0,0.569999992847,0.579999983311,,False,observed_native,,native,,,,,,,,,,,,,,,,0,
gradient,0,0.579999983311,0.590000033379,,False,observed_native,,native,,,,,,,,,,,,,,,,0,
gradient,0,0.590000033379,0.600000023842,,False,observed_native,,native,,,,,,,,,,,,,,,,0,
gradient,0,0.600000023842,0.610000014305,,False,observed_native,,native,,,,,,,,,,,,,,,,0,
gradient,0,0.610000014305,0.620000004768,,False,observed_native,,native,,,,,,,,,,,,,,,,0,
gradient,0,0.620000004768,0.629999995232,,False,observed_native,,native,,,,,,,,,,,,,,,,0,
gradient,0,0.629999995232,0.639999985695,,False,observed_native,,native,,,,,,,,,,,,,,,,0,
gradient,0,0.639999985695,0.650000035763,,False,observed_native,,native,,,,,,,,,,,,,,,,0,
gradient,0,0.650000035763,0.660000026226,,False,observed_native,,native,,,,,,,,,,,,,,,,0,
gradient,0,0.660000026226,0.670000016689,,False,observed_native,,native,,,,,,,,,,,,,,,,0,
gradient,0,0.670000016689,0.680000007153,,False,observed_native,,native,,,,,,,,,,,,,,,,0,
gradient,0,0.680000007153,0.689999997616,,False,observed_native,,native,,,,,,,,,,,,,,,,0,
gradient,0,0.689999997616,0.699999988079,,False,observed_native,,native,,,,,,,,,,,,,,,,0,
gradient,0,0.699999988079,0.709999978542,,False,observed_native,,native,,,,,,,,,,,,,,,,0,
gradient,0,0.709999978542,0.72000002861,,False,observed_native,,native,,,,,,,,,,,,,,,,0,
gradient,0,0.72000002861,0.730000019073,,False,observed_native,,native,,,,,,,,,,,,,,,,0,
gradient,0,0.730000019073,0.740000009537,,False,observed_native,,native,,,,,,,,,,,,,,,,0,
gradient,0,0.740000009537,0.75,,False,observed_native,,native,,,,,,,,,,,,,,,,0,
gradient,0,0.75,0.759999990463,,False,observed_native,,native,,,,,,,,,,,,,,,,0,
gradient,0,0.759999990463,0.769999980927,,False,observed_native,,native,,,,,,,,,,,,,,,,0,
gradient,0,0.769999980927,0.780000030994,,False,observed_native,,native,,,,,,,,,,,,,,,,0,
gradient,0,0.780000030994,0.790000021458,,False,observed_native,,native,,,,,,,,,,,,,,,,0,
gradient,0,0.790000021458,0.800000011921,,False,observed_native,,native,,,,,,,,,,,,,,,,0,
gradient,0,0.800000011921,0.810000002384,,False,observed_native,,native,,,,,,,,,,,,,,,,0,
gradient,0,0.810000002384,0.819999992847,,False,observed_native,,native,,,,,,,,,,,,,,,,0,
gradient,0,0.819999992847,0.829999983311,,False,observed_native,,native,,,,,,,,,,,,,,,,0,
gradient,0,0.829999983311,0.840000033379,,False,observed_native,,native,,,,,,,,,,,,,,,,0,
gradient,0,0.840000033379,0.850000023842,,False,observed_native,,native,,,,,,,,,,,,,,,,0,
gradient,0,0.850000023842,0.860000014305,,False,observed_native,,native,,,,,,,,,,,,,,,,0,
gradient,0,0.860000014305,0.870000004768,,False,observed_native,,native,,,,,,,,,,,,,,,,0,
gradient,0,0.870000004768,0.879999995232,,False,observed_native,,native,,,,,,,,,,,,,,,,0,
gradient,0,0.879999995232,0.889999985695,,False,observed_native,,native,,,,,,,,,,,,,,,,0,
gradient,0,0.889999985695,0.899999976158,,False,observed_native,,native,,,,,,,,,,,,,,,,0,
gradient,0,0.899999976158,0.910000026226,,False,observed_native,,native,,,,,,,,,,,,,,,,0,
gradient,0,0.910000026226,0.920000016689,,False,observed_native,,native,,,,,,,,,,,,,,,,0,
gradient,0,0.920000016689,0.930000007153,,False,observed_native,,native,,,,,,,,,,,,,,,,0,
gradient,0,0.930000007153,0.939999997616,,False,observed_native,,native,,,,,,,,,,,,,,,,0,
gradient,0,0.939999997616,0.949999988079,,False,observed_native,,native,,,,,,,,,,,,,,,,0,
gradient,0,0.949999988079,0.959999978542,,False,observed_native,,native,,,,,,,,,,,,,,,,0,
gradient,0,0.959999978542,0.97000002861,,False,observed_native,,native,,,,,,,,,,,,,,,,0,
gradient,0,0.97000002861,0.980000019073,,False,observed_native,,native,,,,,,,,,,,,,,,,0,
gradient,0,0.980000019073,0.990000009537,,False,observed_native,,native,,,,,,,,,,,,,,,,0,
gradient,0,0.990000009537,1,,False,observed_native,,native,,,,,,,,,,,,,,,,0,
gradient,1,0,0.00999999977648,0,True,observed_native,True,native,0.0125,0.97858322978,0.97858322978,1,1,0.0123371874541,0.286275978982,1,,,,,1.64367045164,0.0364519371092,1.64367045164,0.00251204508822,0.0234413210023
gradient,1,0.00999999977648,0.019999999553,0.00999999977648,True,observed_native,False,native,0.0125,0.881411086917,0.881411086917,1,1,0.00650233168155,0.255674796328,1,,,,,0.106875076145,0.0434412384033,0.106875076145,0.00134502137138,0.00135927858588
gradient,1,0.019999999553,0.0299999993294,0.019999999553,True,observed_native,False,native,0.0125,0.776963644028,0.776963644028,1,1,0.00441326711327,0.223193131983,1,,,,,0.0837659345567,0.0437062207609,0.0837659345567,0.000936059381056,0.000943710207648
gradient,1,0.0299999993294,0.0399999991059,0.0299999993294,True,observed_native,False,native,0.0125,0.75851159215,0.75851159215,1,1,0.00368564546108,0.213736413792,1,,,,,0.0741071605682,0.0440512625128,0.0741071605682,0.000789469052543,0.000793772188335
gradient,1,0.0399999991059,0.0499999970198,0.0399999991059,True,observed_native,False,native,0.0125,0.768220295757,0.768220295757,1,1,0.00332493491471,0.207725298628,1,,,,,0.0694289934635,0.0443580568582,0.0694289934635,0.00072090161193,0.000720901622117
gradient,1,0.0499999970198,0.0599999986589,0.0499999970198,True,observed_native,False,native,0.0125,0.759802183509,0.759802183509,1,1,0.0028848451376,0.201789719537,1,,,,,0.0642435760796,0.0446045564115,0.0642435760796,0.000642601339787,0.000642601343134
gradient,1,0.0599999986589,0.070000000298,0.0599999986589,True,observed_native,False,native,0.0125,0.763079516292,0.763079516292,1,1,0.0029320872575,0.21105474323,1,,,,,0.0627488508821,0.0447248683125,0.0627488508821,0.000655106516788,0.000655106512131
gradient,1,0.070000000298,0.0799999982119,0.070000000298,True,observed_native,False,native,0.0125,0.707331103384,0.707331103384,1,1,0.00262225866318,0.191712519675,1,,,,,0.060561170727,0.0448385420442,0.060561170727,0.000581691831903,0.000581691830594
gradient,1,0.0799999982119,0.0899999961257,0.0799999982119,True,observed_native,False,native,0.0125,0.717752094865,0.717752094865,1,1,0.00266911968589,0.196642502099,1,,,,,0.0591270347685,0.044992332682,0.0591270347685,0.000578976239776,0.000578976251709
gradient,1,0.0899999961257,0.0999999940395,0.0899999961257,True,observed_native,False,native,0.0125,0.707061896026,0.707061896026,1,1,0.00264061272144,0.20041664727,1,,,,,0.0585425367206,0.0451480586082,0.0585425367206,0.000584211209789,0.000585929513327
gradient,1,0.0999999940395,0.109999999404,0.0999999940395,True,observed_native,False,native,0.0125,0.679397621751,0.679397621751,1,1,0.00254037812352,0.204389046878,1,,,,,0.0567995904386,0.0451428596675,0.0567995904386,0.000579837793775,0.000579837792902
gradient,1,0.109999999404,0.119999997318,0.109999999404,True,observed_native,False,native,0.0125,0.722475413382,0.722475413382,1,1,0.00276782423258,0.224872680157,1,,,,,0.0565246895701,0.0450787580013,0.0565246895701,0.000635831798427,0.0006358317993
gradient,1,0.119999997318,0.129999995232,0.119999997318,True,observed_native,False,native,0.0125,0.732440677285,0.732440677285,1,1,0.00285424500704,0.232034614533,1,,,,,0.0556941000372,0.0450495166332,0.0556941000372,0.000645348007674,0.000645348003309
gradient,1,0.129999995232,0.140000000596,0.129999995232,True,observed_native,False,native,0.0125,0.752180392146,0.752180392146,1,1,0.00288849800825,0.245120499432,1,,,,,0.0535665179044,0.0450115349144,0.0535665179044,0.000655694307061,0.000655694316956
gradient,1,0.140000000596,0.149999991059,0.140000000596,True,observed_native,False,native,0.0125,0.75963357091,0.75963357091,1,1,0.00287951916456,0.240933103561,1,,,,,0.053351406008,0.0449812426418,0.053351406008,0.000639596261026,0.000639596241235
gradient,1,0.149999991059,0.159999996424,0.149999991059,True,observed_native,False,native,0.0125,0.771739608943,0.771739608943,1,1,0.00303635299206,0.25270598352,1,,,,,0.0536227557808,0.0448839027435,0.0536227557808,0.000678585937421,0.00067858594266
gradient,1,0.159999996424,0.170000001788,0.159999996424,True,observed_native,False,native,0.0125,0.800179013461,0.800179013461,1,1,0.00316048920155,0.269971222728,1,,,,,0.0536126349866,0.0448118757457,0.0536126349866,0.000722024334245,0.000722024324059
gradient,1,0.170000001788,0.179999992251,0.170000001788,True,observed_native,False,native,0.0125,0.834020859897,0.834020859897,1,1,0.00316415011883,0.269447161406,1,,,,,0.0528019578755,0.044790718779,0.0528019578755,0.000716788137506,0.000716788154095
gradient,1,0.179999992251,0.189999997616,0.179999992251,True,observed_native,False,native,0.0125,0.82186624229,0.82186624229,1,1,0.00287585824728,0.25126629591,1,,,,,0.051676761508,0.0447999469191,0.051676761508,0.000649644187652,0.000649644200748
gradient,1,0.189999997616,0.199999988079,0.189999997616,True,observed_native,False,native,0.0125,0.765184518695,0.765184518695,1,1,0.00258391350508,0.230806005001,1,,,,,0.0515029141307,0.0448013415188,0.0515029141307,0.000590226792847,0.000590226786153
gradient,1,0.199999988079,0.209999993443,0.199999988079,True,observed_native,False,native,0.0125,0.758315221071,0.758315221071,1,1,0.00269736260176,0.242296570688,1,,,,,0.0521165773273,0.0448137743771,0.0521165773273,0.000629942509986,0.000629942506494
gradient,1,0.209999993443,0.219999998808,0.209999993443,True,observed_native,False,native,0.0125,0.734035273194,0.734035273194,1,1,0.00273355364799,0.249664571285,1,,,,,0.0509704191983,0.0447493989766,0.0509704191983,0.000632771964301,0.000632771971577
gradient,1,0.219999998808,0.229999989271,0.219999998808,True,observed_native,False,native,0.0125,0.737313480973,0.737313480973,1,1,0.00275568753481,0.247959549129,1,,,,,0.0511127123237,0.0446777450293,0.0511127123237,0.000630988928606,0.000630988919293
gradient,1,0.229999989271,0.239999994636,0.229999989271,True,observed_native,False,native,0.0125,0.725162741542,0.725162741542,1,1,0.00269207179546,0.24657973662,1,,,,,0.0507865446806,0.0446295045316,0.0507865446806,0.000622839894495,0.000622839892749
gradient,1,0.239999994636,0.25,0.239999994636,True,observed_native,False,native,0.0125,0.76437692523,0.76437692523,1,1,0.00313849329948,0.28712844938,1,,,,,0.0506747170538,0.0446087036282,0.0506747170538,0.000719302018697,0.000719302023936
gradient,1,0.25,0.259999990463,0.25,True,observed_native,False,native,0.0125,0.774941009581,0.774941009581,1,1,0.00331757426262,0.307028808743,1,,,,,0.0502012632042,0.0445975674689,0.0502012632042,0.000763241095701,0.000763241103268
gradient,1,0.259999990463,0.269999980927,0.259999990463,True,observed_native,False,native,0.0125,0.778547481596,0.778547481596,1,1,0.003263438344,0.305671393871,1,,,,,0.050234362781,0.0445663817227,0.050234362781,0.000760261854739,0.000760261869873
gradient,1,0.269999980927,0.280000001192,0.269999980927,True,observed_native,False,native,0.0125,0.717390068769,0.717390068769,1,1,0.00312044143677,0.296464234889,1,,,,,0.0501026017964,0.044597138986,0.0501026017964,0.000733816308784,0.000733816303255
gradient,1,0.280000001192,0.289999991655,0.280000001192,True,observed_native,False,native,0.0125,0.701885988116,0.701885988116,1,1,0.00311257183552,0.296507504806,1,,,,,0.0499124249816,0.0446608894318,0.0499124249816,0.000731384287647,0.000731384290702
gradient,1,0.289999991655,0.299999982119,0.289999991655,True,observed_native,False,native,0.0125,0.709010721147,0.709010721147,1,1,0.00324800729752,0.310158471614,1,,,,,0.049941540584,0.0446734824777,0.049941540584,0.000767715810798,0.000767715804686
gradient,1,0.299999982119,0.310000002384,0.299999982119,True,observed_native,False,native,0.0125,0.788265617192,0.788265617192,1,1,0.00381140768528,0.359973344207,1,,,,,0.049965280816,0.0446950675547,0.049965280816,0.000893544225837,0.000893544224382
gradient,1,0.310000002384,0.319999992847,0.310000002384,True,observed_native,False,native,0.0125,0.789836806953,0.789836806953,1,1,0.00352672040462,0.336719953865,1,,,,,0.049598691538,0.0447326344252,0.049598691538,0.000830379520194,0.000830379514373
gradient,1,0.319999992847,0.329999983311,0.319999992847,True,observed_native,False,native,0.0125,0.763480626345,0.763480626345,1,1,0.00369563996792,0.348616106808,1,,,,,0.0496775832027,0.0447347824275,0.0496775832027,0.000865565460408,0.000865565465065
gradient,1,0.329999983311,0.340000003576,0.329999983311,True,observed_native,False,native,0.0125,0.719000852704,0.719000852704,1,1,0.00366428971291,0.34900341332,1,,,,,0.0496360957623,0.0447834575921,0.0496360957623,0.00086124845926,0.000861248462461
gradient,1,0.340000003576,0.34999999404,0.340000003576,True,observed_native,False,native,0.0125,0.698887620419,0.698887620419,1,1,0.00372218728065,0.349273073524,1,,,,,0.049278061986,0.0448393343389,0.049278061986,0.000856818818429,0.000856818815519
gradient,1,0.34999999404,0.359999984503,0.34999999404,True,observed_native,False,native,0.0125,0.726711266637,0.726711266637,1,1,0.00375316262245,0.362024338245,1,,,,,0.0489579581469,0.0448064254224,0.0489579581469,0.000883612512262,0.000883612519829
gradient,1,0.359999984503,0.370000004768,0.359999984503,True,observed_native,False,native,0.0125,0.720731859803,0.720731859803,1,1,0.00396759808064,0.374427418411,1,,,,,0.0492780668288,0.0448619506508,0.0492780668288,0.00092283259728,0.000922832599608
gradient,1,0.370000004768,0.379999995232,0.370000004768,True,observed_native,False,native,0.0125,0.737535037696,0.737535037696,1,1,0.00410838484764,0.38105526045,1,,,,,0.0491768282652,0.0448621433228,0.0491768282652,0.000936256945133,0.000936256942805
gradient,1,0.379999995232,0.389999985695,0.379999995232,True,observed_native,False,native,0.0125,0.761871742457,0.761871742457,1,1,0.00435279965401,0.402089100182,1,,,,,0.0490224817395,0.0448490085453,0.0490224817395,0.000984870395623,0.000984870407265
gradient,1,0.389999985695,0.399999976158,0.389999985695,True,observed_native,False,native,0.0125,0.728511610329,0.728511610329,1,1,0.0043145275116,0.398500296175,1,,,,,0.0489509467036,0.0448322144896,0.0489509467036,0.000971701992094,0.000971701986855
gradient,1,0.399999976158,0.409999996424,0.399999976158,True,observed_native,False,native,0.0125,0.735982334912,0.735982334912,1,1,0.00440790116787,0.398211118877,1,,,,,0.04850623101,0.0447824060917,0.04850623101,0.000962663569371,0.000962663555401
gradient,1,0.409999996424,0.419999986887,0.409999996424,True,observed_native,False,native,0.0125,0.771337403953,0.771337403953,1,1,0.00418461322784,0.38621398896,1,,,,,0.0484982350469,0.0448150585592,0.0484982350469,0.000935963866068,0.0009359638553
gradient,1,0.419999986887,0.42999997735,0.419999986887,True,observed_native,False,native,0.0125,0.747522505224,0.747522505224,1,1,0.00443278551102,0.402003125101,1,,,,,0.0483299975097,0.0447183479369,0.0483299975097,0.000963913239248,0.000963913242158
gradient,1,0.42999997735,0.439999997616,0.42999997735,True,observed_native,False,native,0.0125,0.777546657175,0.777546657175,1,1,0.00419728755951,0.395564225465,1,,,,,0.0480692666769,0.0446847303212,0.0480692666769,0.0009502530584,0.000950253067131
gradient,1,0.439999997616,0.449999988079,0.439999997616,True,observed_native,False,native,0.0125,0.722076232731,0.722076232731,1,1,0.00428484916687,0.403255255073,1,,,,,0.048258119598,0.044748147279,0.048258119598,0.000970211887325,0.000970211864915
gradient,1,0.449999988079,0.459999978542,0.449999988079,True,observed_native,False,native,0.0125,0.734662142098,0.734662142098,1,1,0.00425160527229,0.39842104882,1,,,,,0.0484107647836,0.0448135146499,0.0484107647836,0.000961242357444,0.000961242363555
gradient,1,0.459999978542,0.469999998808,0.459999978542,True,observed_native,False,native,0.0125,0.672209224105,0.672209224105,1,1,0.0042891740799,0.407896555513,1,,,,,0.0480565836281,0.0448237853497,0.0480565836281,0.000975408257218,0.00097540826886
gradient,1,0.469999998808,0.479999989271,0.469999998808,True,observed_native,False,native,0.0125,0.719798005521,0.719798005521,1,1,0.00445719480515,0.41501343146,1,,,,,0.0490850571543,0.0449229987711,0.0490850571543,0.00101342023816,0.00101342023991
gradient,1,0.479999989271,0.489999979734,0.479999989271,True,observed_native,False,native,0.0125,0.753284192681,0.753284192681,1,1,0.00465886592865,0.424421460927,1,,,,,0.0486765757203,0.0449848097563,0.0486765757203,0.00103365626012,0.00103365625153
gradient,1,0.489999979734,0.5,0.489999979734,True,observed_native,False,native,0.0125,0.764830597937,0.764830597937,1,1,0.00500678777695,0.457309334874,1,,,,,0.0484827300906,0.0450428858399,0.0484827300906,0.00110943087813,0.00110943086998
gradient,1,0.5,0.509999990463,,False,observed_native,,native,,,,,,,,,,,,,,,,0,
gradient,1,0.509999990463,0.519999980927,,False,observed_native,,native,,,,,,,,,,,,,,,,0,
gradient,1,0.519999980927,0.530000030994,,False,observed_native,,native,,,,,,,,,,,,,,,,0,
gradient,1,0.530000030994,0.540000021458,,False,observed_native,,native,,,,,,,,,,,,,,,,0,
gradient,1,0.540000021458,0.550000011921,,False,observed_native,,native,,,,,,,,,,,,,,,,0,
gradient,1,0.550000011921,0.560000002384,,False,observed_native,,native,,,,,,,,,,,,,,,,0,
gradient,1,0.560000002384,0.569999992847,,False,observed_native,,native,,,,,,,,,,,,,,,,0,
gradient,1,0.569999992847,0.579999983311,,False,observed_native,,native,,,,,,,,,,,,,,,,0,
gradient,1,0.579999983311,0.590000033379,,False,observed_native,,native,,,,,,,,,,,,,,,,0,
gradient,1,0.590000033379,0.600000023842,,False,observed_native,,native,,,,,,,,,,,,,,,,0,
gradient,1,0.600000023842,0.610000014305,,False,observed_native,,native,,,,,,,,,,,,,,,,0,
gradient,1,0.610000014305,0.620000004768,,False,observed_native,,native,,,,,,,,,,,,,,,,0,
gradient,1,0.620000004768,0.629999995232,,False,observed_native,,native,,,,,,,,,,,,,,,,0,
gradient,1,0.629999995232,0.639999985695,,False,observed_native,,native,,,,,,,,,,,,,,,,0,
gradient,1,0.639999985695,0.650000035763,,False,observed_native,,native,,,,,,,,,,,,,,,,0,
gradient,1,0.650000035763,0.660000026226,,False,observed_native,,native,,,,,,,,,,,,,,,,0,
gradient,1,0.660000026226,0.670000016689,,False,observed_native,,native,,,,,,,,,,,,,,,,0,
gradient,1,0.670000016689,0.680000007153,,False,observed_native,,native,,,,,,,,,,,,,,,,0,
gradient,1,0.680000007153,0.689999997616,,False,observed_native,,native,,,,,,,,,,,,,,,,0,
gradient,1,0.689999997616,0.699999988079,,False,observed_native,,native,,,,,,,,,,,,,,,,0,
gradient,1,0.699999988079,0.709999978542,,False,observed_native,,native,,,,,,,,,,,,,,,,0,
gradient,1,0.709999978542,0.72000002861,,False,observed_native,,native,,,,,,,,,,,,,,,,0,
gradient,1,0.72000002861,0.730000019073,,False,observed_native,,native,,,,,,,,,,,,,,,,0,
gradient,1,0.730000019073,0.740000009537,,False,observed_native,,native,,,,,,,,,,,,,,,,0,
gradient,1,0.740000009537,0.75,,False,observed_native,,native,,,,,,,,,,,,,,,,0,
gradient,1,0.75,0.759999990463,,False,observed_native,,native,,,,,,,,,,,,,,,,0,
gradient,1,0.759999990463,0.769999980927,,False,observed_native,,native,,,,,,,,,,,,,,,,0,
gradient,1,0.769999980927,0.780000030994,,False,observed_native,,native,,,,,,,,,,,,,,,,0,
gradient,1,0.780000030994,0.790000021458,,False,observed_native,,native,,,,,,,,,,,,,,,,0,
gradient,1,0.790000021458,0.800000011921,,False,observed_native,,native,,,,,,,,,,,,,,,,0,
gradient,1,0.800000011921,0.810000002384,,False,observed_native,,native,,,,,,,,,,,,,,,,0,
gradient,1,0.810000002384,0.819999992847,,False,observed_native,,native,,,,,,,,,,,,,,,,0,
gradient,1,0.819999992847,0.829999983311,,False,observed_native,,native,,,,,,,,,,,,,,,,0,
gradient,1,0.829999983311,0.840000033379,,False,observed_native,,native,,,,,,,,,,,,,,,,0,
gradient,1,0.840000033379,0.850000023842,,False,observed_native,,native,,,,,,,,,,,,,,,,0,
gradient,1,0.850000023842,0.860000014305,,False,observed_native,,native,,,,,,,,,,,,,,,,0,
gradient,1,0.860000014305,0.870000004768,,False,observed_native,,native,,,,,,,,,,,,,,,,0,
gradient,1,0.870000004768,0.879999995232,,False,observed_native,,native,,,,,,,,,,,,,,,,0,
gradient,1,0.879999995232,0.889999985695,,False,observed_native,,native,,,,,,,,,,,,,,,,0,
gradient,1,0.889999985695,0.899999976158,,False,observed_native,,native,,,,,,,,,,,,,,,,0,
gradient,1,0.899999976158,0.910000026226,,False,observed_native,,native,,,,,,,,,,,,,,,,0,
gradient,1,0.910000026226,0.920000016689,,False,observed_native,,native,,,,,,,,,,,,,,,,0,
gradient,1,0.920000016689,0.930000007153,,False,observed_native,,native,,,,,,,,,,,,,,,,0,
gradient,1,0.930000007153,0.939999997616,,False,observed_native,,native,,,,,,,,,,,,,,,,0,
gradient,1,0.939999997616,0.949999988079,,False,observed_native,,native,,,,,,,,,,,,,,,,0,
gradient,1,0.949999988079,0.959999978542,,False,observed_native,,native,,,,,,,,,,,,,,,,0,
gradient,1,0.959999978542,0.97000002861,,False,observed_native,,native,,,,,,,,,,,,,,,,0,
gradient,1,0.97000002861,0.980000019073,,False,observed_native,,native,,,,,,,,,,,,,,,,0,
gradient,1,0.980000019073,0.990000009537,,False,observed_native,,native,,,,,,,,,,,,,,,,0,
gradient,1,0.990000009537,1,,False,observed_native,,native,,,,,,,,,,,,,,,,0,
