round,kind,module,parent,code_commit,reward_view,window,n,valid_n,all_mean_pic50,valid_mean_pic50,valid_p95_pic50,valid_max_pic50,elite_valid_n,elite_unique_graphs,elite_yield,pb_fast_rate,strain_converged_n,strain_median_per_heavy,strain_p90_per_heavy,elite_pb_fast_n,elite_pb_fast_unique_graphs,elite_pb_fast_yield,elite_pb_strain_converged_n,elite_pb_strain_median_per_heavy
1,local_data_module,"""typed_path_graph""",,,,,,,,,,,,,,,,,,,,,,
2,local_data_module,"""decoded_terminal_credit""",,,,,,,,,,,,,,,,,,,,,,
3,local_data_module,"""terminal_path_teacher_library""",,,,,,,,,,,,,,,,,,,,,,
4,inference,"""incumbent_control""",,08628de6a3e244e77431f1898a8d11fcffba4c9f,endpoint_pointcloud,"[0.0, 0.5]",100,97,7.53770272255,7.53126213723,8.03305988312,8.13203716278,0,0,0,0.97,97,0.50539688037,0.91295152474,0,0,0,0,
5,inference,"""terminal_path_teacher_source""",4,268eda7f7849424e654ec365cfde9ed008d9ee2d,endpoint_pointcloud,"[0.0, 0.5]",50,48,7.6118838501,7.61329309146,8.13732600212,8.16912746429,0,0,0,0.94,48,0.514157631224,2.52695210921,0,0,0,0,
6,inference,"{""reward_view"": ""endpoint_path_value""}",5,c8f871afb68ef3bf71b7c32cea62cb95b297a3fe,endpoint_path_value,"[0.0, 0.5]",50,50,7.4732906723,7.4732906723,8.10066075325,8.14194869995,0,0,0,1,50,0.545561763906,2.53402723328,0,0,0,0,
7,inference,"{""native_rms_ratio"": 0.66}",6,549ea6acd843f5a0b2752d9bbd0b82f527394e58,endpoint_path_value,"[0.0, 0.5]",50,47,7.39308154106,7.39097141712,8.08263235092,8.26267242432,1,1,0.02,0.94,47,0.536462660004,1.36665381695,1,1,0.02,1,2.90697169732
8,inference,"{""teacher_neighbors"": 1000}",7,acf2b3f033e8ce36e7bd2e893901a2a3e54c9b8f,endpoint_path_value,"[0.0, 0.5]",50,48,7.24054521561,7.24646135171,7.92175252438,8.00061416626,0,0,0,0.96,48,0.710560345989,1.76608132759,0,0,0,0,
9,inference,"{""teacher_score_beta"": 4.0}",7,407a39f26a989c51577da6df9700aeb791302290,endpoint_path_value,"[0.0, 0.5]",50,48,7.36765176773,7.34729397297,8.08490562439,8.13484954834,0,0,0,0.96,48,0.557105290055,1.20152544428,0,0,0,0,
10,inference,"{""mixture_temperature"": 1.0}",7,8bd9fe0ce8d43b765f59bd503aef1982c37b2a08,endpoint_path_value,"[0.0, 0.5]",50,48,7.38910770416,7.38639821609,8.09666137695,8.14599514008,0,0,0,0.96,48,0.567627993468,1.18438345676,0,0,0,0,
11,inference,"{""time_ramp_power"": 1.0}",7,9d906640dd6cab69f5b986e398715f481685cd7b,endpoint_path_value,"[0.0, 0.5]",50,50,7.45362621307,7.45362621307,8.11298003197,8.52377414703,1,1,0.02,1,50,0.559546824412,1.41737893676,1,1,0.02,1,0.735456294508
12,inference,"{""path_history_mix"": 0.5}",11,166d614f55fe8292f8ba874567f1382e1fb4031e,endpoint_path_value,"[0.0, 0.5]",50,50,7.43475242615,7.43475242615,8.11218857765,8.52379322052,1,1,0.02,1,50,0.559348164524,1.31480720224,1,1,0.02,1,0.735957549689
13,inference,"{""path_history_mix"": 0.8}",11,d6d27c3a21668948b289e9d35a24aab534f6312f,endpoint_path_value,"[0.0, 0.5]",50,49,7.44625722885,7.4603745986,8.08209896088,8.52379512787,1,1,0.02,0.98,49,0.556988163994,1.30265226547,1,1,0.02,1,0.735335231059
14,inference,"{""reference_sha256"": ""219182cde54b99b1bdacbc409677292dc91dc7bf7ce9fe72587921c19c39e651""}",11,a9610bf1ada23e1ae7830179f3dde069221dc77c,endpoint_path_value,"[0.0, 0.5]",50,45,7.47183608055,7.43545483483,8.23680286407,8.52042102814,3,3,0.06,0.88,45,0.546117264148,1.315675437,3,3,0.06,3,0.635284574231
15,inference,"{""teacher_endpoint_temperature_A2"": 2.0}",14,c78657a8309c8e841b54bd137a818d69df4a77a7,endpoint_path_value,"[0.0, 0.5]",50,46,7.43687145233,7.40237536638,8.15900063515,8.52052307129,2,2,0.04,0.92,46,0.549454728624,1.22155557249,2,2,0.04,2,0.659445179437
16,inference,"{""path_kernel_space"": ""geometry""}",14,d4b764d45dcb83100b47bda2852a5ef1c9ea4d0b,endpoint_path_value,"[0.0, 0.5]",50,46,7.37531947136,7.35212115619,7.95388484001,8.10657119751,0,0,0,0.92,46,0.570059584086,2.67654242592,0,0,0,0,
17,inference,"{""path_contrast_amplitude"": true}",14,2c93bea1f749bbf208848a4afc1e912b694b96b0,endpoint_path_value,"[0.0, 0.5]",50,50,7.46316997528,7.46316997528,8.13022723198,8.24185466766,0,0,0,0.98,50,0.636612331039,2.47416691691,0,0,0,0,
18,inference,{},5,e8ebad89bc94ea20f2b354667a6bd134ea491656,endpoint_pointcloud,"[0.0, 0.5]",100,97,7.51176937103,7.51051119185,8.02547302246,8.12466335297,0,0,0,0.96,97,0.527980936975,0.985157601026,0,0,0,0,
19,inference,{},4,2271674252a077314965c061ac8f109fac657af0,endpoint_pointcloud,"[0.0, 0.5]",100,96,7.60656085491,7.60008113583,8.070084095,8.15222072601,0,0,0,0.96,96,0.51370930019,1.09427639574,0,0,0,0,
20,inference,{},5,3fe1e531e425fb2c3d20523c30d8424045468515,endpoint_pointcloud,"[0.0, 0.5]",100,96,7.59975176334,7.60733578106,8.09774899483,8.25790405273,0,0,0,0.96,96,0.520439703282,1.27431954091,0,0,0,0,
