arm,batch,time,state_time,within_control_state_window,n_available,mean_reward,mean_standardized_residual,ck2:A:ASN117::NOS::proposal_centroid_x,ck2:A:ASN117::NOS::proposal_centroid_y,ck2:A:ASN117::NOS::proposal_centroid_z,ck2:A:ASN117::NOS::proposal_spread,ck2:A:VAL116::NOS::proposal_centroid_x,ck2:A:VAL116::NOS::proposal_centroid_y,ck2:A:VAL116::NOS::proposal_centroid_z,ck2:A:VAL116::NOS::proposal_spread,d_dt_mean_reward,d_dt_mean_standardized_residual,d_dt_ck2:A:ASN117::NOS::proposal_centroid_x,d_dt_ck2:A:ASN117::NOS::proposal_centroid_y,d_dt_ck2:A:ASN117::NOS::proposal_centroid_z,d_dt_ck2:A:ASN117::NOS::proposal_spread,d_dt_ck2:A:VAL116::NOS::proposal_centroid_x,d_dt_ck2:A:VAL116::NOS::proposal_centroid_y,d_dt_ck2:A:VAL116::NOS::proposal_centroid_z,d_dt_ck2:A:VAL116::NOS::proposal_spread
gradient,0,0,0.00999999977648,True,50,-0.0232690845276,0.177472465663,2.28973526154,-10.2519906626,6.7283699714,0.0265919027159,2.25920900098,-5.2415865299,6.10922855694,0.0489374882101,-0.317431602529,1.54302270966,-0.324719804842,2.89620233429,-3.41663807015,0.44021745919,-0.479514260088,2.21724326846,-3.01513490066,0.967040388991
gradient,0,0.01,0.019999999553,True,50,-0.0264434005528,0.19290269276,2.28648806349,-10.2230286393,6.6942035907,0.0309940773078,2.25441385838,-5.21941409721,6.07907720793,0.0586078921,-0.262665367665,1.34373331671,-0.539761044378,3.76038904995,-3.32272708271,0.549594547793,-0.653452389513,3.07169926872,-2.9607499788,1.33007104084
gradient,0,0.02,0.0299999993294,True,50,-0.0285223918808,0.204347131997,2.27894004065,-10.1767828816,6.66191542975,0.0375837936717,2.24613995319,-5.18015254452,6.05001355736,0.0755389090269,-0.163013288773,0.407228040919,-1.02169439548,3.97831925545,-2.99576502938,0.882454535548,-1.05871329354,3.3202681754,-2.63342317195,1.95622098502
gradient,0,0.03,0.0399999991059,True,50,-0.0297036663283,0.201047253578,2.26605417558,-10.1434622541,6.63428829012,0.0486431680187,2.23323959251,-5.1530087337,6.0264087445,0.0977323118005,-0.110295228489,-0.442458838357,-1.32289767051,3.6218052299,-3.03135158457,1.34867925264,-1.27506638599,2.89154501671,-2.55583797233,2.62419893447
gradient,0,0.04,0.0499999970198,True,50,-0.0307282964506,0.19549795523,2.25248208724,-10.104346777,6.60128839806,0.0645573787246,2.22063862547,-5.12232164419,5.99889679792,0.128022887716,0.307169114684,-2.1735564394,-0.921252405001,4.09547668428,-3.47297732127,1.37225002897,-0.941756011225,3.32882719454,-2.95080088778,2.7706512107
gradient,0,0.05,0.0599999986589,True,50,-0.0235602840346,0.15757612479,2.24762912748,-10.0615527205,6.56482874369,0.0760881685982,2.21440447229,-5.08643218981,5.96739272674,0.153145336015,0.375061011047,-2.21524899221,-0.679383684551,3.76915743907,-3.11656441898,1.27286211582,-0.816959650627,3.08093535707,-2.63837731718,2.52325739839
gradient,0,0.06,0.070000000298,True,50,-0.0232270762297,0.151192975386,2.23889441355,-10.0289636282,6.53895710968,0.090014621041,2.20429943246,-5.06070293705,5.94612925157,0.178488035684,-0.454105896421,1.37033127635,-0.651346208398,2.90041458809,-2.48602415067,1.54884020425,-0.755786902268,2.30812858537,-2.0033273848,2.56673746471
gradient,0,0.07,0.0799999982119,True,50,-0.032642401963,0.184982750317,2.23460220331,-10.0035444287,6.51510826068,0.107064972683,2.19928873424,-5.04026961811,5.92732617904,0.204480085309,-0.0662188055842,-0.162936236814,-0.449741005445,3.82423109567,-2.80742860491,2.0192293578,-0.578814719594,3.13726483827,-2.20245857968,3.09412697429
gradient,0,0.08,0.0899999961257,True,50,-0.0245514523414,0.14793425065,2.22989959344,-9.95247900631,6.48280853758,0.130399208197,2.19272313807,-4.99795764028,5.90208007998,0.24037057517,0.177196890824,-0.995987391424,-0.736537146715,4.49018648149,-2.45346791936,2.31788478983,-0.837776531539,3.82111772777,-1.81569802642,3.26011265375
gradient,0,0.09,0.0999999940395,True,50,-0.0290984641465,0.165063002489,2.21987146038,-9.91374069907,6.46603890229,0.15342266848,2.18253320361,-4.96384726355,5.89101221852,0.269682338384,-0.449291751774,1.99923951012,-0.816719371825,3.69619103229,-2.11883120554,2.13723292558,-0.892067213096,3.13132661151,-1.49147598949,2.98010285246
gradient,0,0.1,0.109999999404,True,50,-0.0335372873769,0.187919040852,2.213565206,-9.87855518566,6.44043191347,0.173143866709,2.1748817938,-4.93533110805,5.87225056019,0.299972632219,-0.447690081495,1.67386733063,-1.03663074244,3.53108518964,-2.17333468709,2.12100389627,-1.10272430085,2.94113386598,-1.51369795625,2.9608890736
gradient,0,0.11,0.119999997318,True,50,-0.0380522657764,0.198540349101,2.19913884553,-9.84311899528,6.42257220855,0.195842746405,2.16047871759,-4.90502458623,5.86073825939,0.328900119856,-0.345449793858,1.31658415951,-1.16385990297,3.43659563533,-1.95079190189,2.1405552305,-1.17889234641,2.93360327156,-1.36813810541,2.88966810817
gradient,0,0.12,0.129999995232,True,50,-0.040446283254,0.214250724042,2.19028800794,-9.80982327296,6.40141607543,0.215954971319,2.15130394688,-4.87665904262,5.84488779808,0.357765994382,-0.282455660992,1.20895995169,-0.888463604653,3.51389108839,-2.55475801465,1.8320353556,-0.941097995899,2.93191140884,-2.01226781265,2.90813837806
gradient,0,0.13,0.140000000596,True,50,-0.0437013789963,0.222719548135,2.18136957343,-9.77284117351,6.37147704825,0.232483453517,2.14165675767,-4.84638635805,5.82049290314,0.387062887417,-0.0339521757032,-0.735935476262,-0.760510598476,3.70358626571,-2.5553624624,2.28351871017,-0.864715384172,3.07781165753,-1.87032294978,3.23978986559
gradient,0,0.14,0.149999991059,True,50,-0.0411253267681,0.199532014517,2.17507779597,-9.73575154764,6.35030882618,0.261625345522,2.13400963919,-4.81510280947,5.80748133909,0.422561791694,-0.0624210703629,-0.167232023286,-0.66565273758,3.69817535177,-2.09183894353,2.58958010586,-0.760563962811,3.1824710649,-1.40820939935,3.21416940584
gradient,0,0.15,0.159999996424,True,50,-0.0449498004036,0.219374907669,2.16805651868,-9.69887766648,6.32964026938,0.284275055634,2.12644547842,-4.78273693676,5.79232871515,0.451346275534,-0.234966884301,1.52458408713,-0.628717760221,3.83281502861,-2.36307340093,2.25478234993,-0.701734498296,3.15005024637,-1.79075456966,3.13188756954
gradient,0,0.16,0.170000001788,True,50,-0.0458246644541,0.230023696259,2.16250344077,-9.65909524707,6.30304735817,0.306720992521,2.11997494923,-4.75210180454,5.77166624769,0.485199543085,-0.343546778222,0.74286691803,-0.768189470801,3.66436058463,-1.97203546843,2.478533124,-0.815799074149,3.06611448014,-1.35867064609,3.0957944162
gradient,0,0.17,0.179999992251,True,50,-0.051820735968,0.23423224603,2.15269272927,-9.62559045478,6.29019956002,0.333845718114,2.11012949693,-4.72141464715,5.76515530223,0.513262163858,-0.436004330059,-0.894620398584,-0.978051222756,3.58799714031,-1.71921277616,2.91539991491,-1.00616629443,3.14456959822,-1.04545818848,3.26603137802
gradient,0,0.18,0.189999997616,True,50,-0.0545447510553,0.212131288288,2.14294241631,-9.58733530426,6.26866310264,0.365028990819,2.09985162334,-4.68921041258,5.75075708392,0.550520170645,-0.571007811749,-0.477575187931,-0.871764740992,4.07071218973,-1.89099122239,2.94095812688,-0.953530445724,3.55433720318,-1.27336489339,3.57658804775
gradient,0,0.19,0.199999988079,True,50,-0.063240892203,0.224680742271,2.13525743445,-9.54417621099,6.25237973557,0.392664880652,2.09105888802,-4.65032790309,5.73968800436,0.584793924813,-0.533373991982,1.26948342454,-0.717671249576,4.36852358737,-2.02632027203,2.65307728479,-0.819073828524,3.92259573449,-1.50070930802,3.43659943438
gradient,0,0.2,0.209999993443,True,50,-0.0652122308949,0.237520956779,2.12858899132,-9.49996483252,6.2281366972,0.418090536515,2.08347014677,-4.61075849789,5.72074289776,0.619252159333,-0.0524590329776,1.23527064357,-0.704998403598,4.3737951908,-1.53323380849,2.86160119727,-0.754205497362,4.13725651542,-0.999088760156,3.26671102763
gradient,0,0.21,0.219999998808,True,50,-0.0642900728625,0.249386155143,2.12115746638,-9.45670030717,6.2217150594,0.449896904597,2.07597477807,-4.56758277278,5.71970622916,0.650128145365,-0.1278731104,0.704632133031,-0.491920144598,3.85538554272,-2.16567572656,1.99324158085,-0.549540408612,3.52245068882,-1.71838900987,2.66646764419
gradient,0,0.22,0.229999989271,True,50,-0.0677696931029,0.251613599439,2.11875058843,-9.42285712166,6.18482318267,0.457955368132,2.0724793386,-4.54030948411,5.68637511757,0.672581512216,-0.175436237127,-0.310108844712,-0.459255855976,3.66732369904,-2.58157364122,2.1316331235,-0.557270417621,3.13783839825,-2.04295840236,3.06495301015
gradient,0,0.23,0.239999994636,True,50,-0.0677987976051,0.243183978249,2.11197234926,-9.38335383319,6.17008358657,0.492529567067,2.06482936972,-4.50482600482,5.67884706111,0.711427205568,-0.544999432719,0.502373054131,-0.528531270185,4.21337711839,-1.91746731332,2.1950529276,-0.633594391957,3.80881530469,-1.53676025511,2.93439763374
gradient,0,0.24,0.25,True,50,-0.0786696817573,0.261661060522,2.10817996303,-9.33858957929,6.1464738364,0.501856426684,2.05980745076,-4.46413317802,5.65563991246,0.731269464891,-0.88907468325,2.62663829566,-0.486396509654,4.19262470356,-2.16590575593,1.55341172879,-0.576617554582,3.76858617869,-1.9116279071,2.37174334972
gradient,0,0.25,0.259999990463,True,50,-0.0855802912701,0.295716744162,2.10224441906,-9.29950133912,6.12676547145,0.523597801643,2.05329701863,-4.42945428124,5.64061450297,0.758862072563,-0.339368503686,1.98688661543,-0.66933540213,3.67156837568,-1.99854049844,2.33457491446,-0.741791078635,3.10851364953,-1.47390512267,3.01138707691
gradient,0,0.26,0.269999980927,True,50,-0.085457051831,0.30139879283,2.09479325498,-9.26515821178,6.10650302644,0.548547924973,2.04497162918,-4.40196290503,5.62616181001,0.791497206429,-0.365237290353,1.03847458339,-0.826745834666,4.07278403864,-1.41757922059,2.93697740243,-0.916942811419,3.62155630744,-0.766564133114,3.28740722011
gradient,0,0.27,0.280000001192,True,50,-0.0928850370771,0.31648623583,2.08570950237,-9.21804565835,6.09841388704,0.582337349692,2.0349581624,-4.35702315509,5.62528322031,0.824610216965,-0.747611032039,1.54263776103,-0.784496466143,4.56592273886,-0.877358814482,3.00982839703,-0.865239969502,4.26542701046,-0.295097130426,3.05188809719
gradient,0,0.28,0.289999991655,True,50,-0.100409272472,0.332251548051,2.07910332566,-9.173839757,6.08895585015,0.608744492913,2.02766682979,-4.31665436482,5.6202598674,0.852534968373,-0.154784909737,-0.0582397549883,-0.524243302063,3.80186903857,-2.07707587228,2.42883627444,-0.623694134476,3.24664238037,-1.43606806549,3.05112330398
gradient,0,0.29,0.299999982119,True,50,-0.0959807352719,0.31532144073,2.07522463633,-9.14200827758,6.0568723696,0.63091407518,2.02248427971,-4.29209030749,5.596561859,0.885632683045,-0.170790916919,0.448436343238,-0.535880321222,3.3982036176,-3.36931869864,1.47469276948,-0.621132183101,2.47372991506,-2.78925826011,2.93371758149
gradient,0,0.3,0.310000002384,True,50,-0.10382509081,0.341220274916,2.06838571924,-9.10587568465,6.02156947617,0.638238348303,2.01524418613,-4.26717976652,5.5644747022,0.911209320003,-0.666448868319,1.12333687838,-0.622661344112,3.89842191944,-2.56662711093,1.52459744444,-0.676566868888,3.08701367453,-2.14545285529,2.79499208181
gradient,0,0.31,0.319999992847,True,50,-0.109309712638,0.337788178298,2.06277140945,-9.06403983919,6.00553982738,0.661406024069,2.00895294233,-4.230350034,5.55365280189,0.941532524681,-0.6327243636,-0.347433586476,-0.709634460605,3.84808111135,-2.17058410001,1.97351040418,-0.751668096583,3.41692466998,-1.66302456377,2.77996909024
gradient,0,0.32,0.329999983311,True,50,-0.116479578082,0.334271603186,2.05419303002,-9.02891406242,5.97815779417,0.677708556387,2.0002108242,-4.19884127312,5.53121421092,0.966808701808,-0.605458836085,-0.431006488525,-0.782171678056,3.67378595945,-2.57924529312,2.29752581875,-0.84431144392,3.17313291206,-1.9289932692,3.21192527779
gradient,0,0.33,0.340000003576,True,50,-0.12141888936,0.329168048527,2.04712797588,-8.99056412,5.95395492152,0.707356540444,1.99206671345,-4.16688737575,5.51507293651,1.00577103024,-0.697755674271,2.06627616345,-0.686557836412,3.62550569214,-1.7655920423,2.97105452287,-0.783387954942,2.42010029059,-1.232703025,3.96126394955
gradient,0,0.34,0.34999999404,True,50,-0.130434691568,0.375597126455,2.0404618733,-8.95640394858,5.94284595333,0.737129646844,1.9845430651,-4.15043926731,5.50656015042,1.0460339808,-1.62525773973,6.56034414423,-0.779830851393,3.85556972169,-0.503726432447,2.37306929294,-0.831693376953,2.33583905752,-0.418355755949,3.50073697525
gradient,0,0.35,0.359999984503,True,50,-0.153924044155,0.460374931412,2.03153135886,-8.91345272557,5.94388039287,0.754817926303,1.97543284592,-4.1201705946,5.50670582139,1.07578576974,-0.969103462408,3.18003424653,-0.810859271396,4.68172758492,-0.855266625781,2.70287672209,-0.855304740153,4.24991647014,-0.614658183546,3.06490996286
gradient,0,0.36,0.370000004768,True,50,-0.149816760816,0.439197811386,2.02424468787,-8.86276939688,5.92574062081,0.791187181286,1.9674369703,-4.0654409379,5.49426698675,1.10733218006,-0.975947392951,2.95055640029,-1.000217187,4.37284878612,0.821265174604,3.47928862749,-1.0346980637,3.49621395084,1.11257947354,3.63263464716
gradient,0,0.37,0.379999995232,True,50,-0.173442992014,0.519386059418,2.01152701512,-8.82599574984,5.96030569636,0.824403698853,1.95473888464,-4.05024631559,5.52895741086,1.14843846268,-1.54454635225,5.29052038759,-0.915414421453,3.94629890822,1.10623781538,2.82105624152,-0.966663258522,2.68361383666,1.33820071159,3.49630822782
gradient,0,0.38,0.389999985695,True,50,-0.180707687861,0.545008219138,2.00593639944,-8.78384341872,5.94786537712,0.847608306116,1.94810370513,-4.01176866117,5.52103100099,1.17725834461,-0.431478804621,1.31817594308,-0.558681519483,4.06705654094,-2.19414568353,2.02874138839,-0.647998855029,3.55192039802,-1.82017903316,2.88412556222
gradient,0,0.39,0.399999976158,True,50,-0.182072568106,0.545749578279,2.00035338473,-8.74465461902,5.91642278269,0.86497852662,1.94177890754,-3.97920790763,5.4925538302,1.20612097393,-0.0449158307371,-1.81746270208,-0.617917253705,3.90594062459,-2.95321796415,1.68137647202,-0.655020064917,3.55738103842,-2.8056839334,2.4830736188
gradient,0,0.4,0.409999996424,True,50,-0.181606004476,0.508658965096,1.99357805437,-8.70572460623,5.88880101784,0.881235835556,1.93500330383,-3.9406210404,5.46491732232,1.22691981699,-0.505199622685,0.120524895802,-0.746206123087,3.93977832247,-2.25045556906,2.10894707346,-0.762146751922,3.67300245854,-1.89762122911,2.66124580679
gradient,0,0.41,0.419999986887,True,50,-0.19217656056,0.548160076195,1.98542926227,-8.66585905257,5.87141367131,0.90715746809,1.9265359725,-3.90574785846,5.45460140561,1.25934589007,-0.285387065743,-2.19571943121,-0.593193021178,4.07732927371,-3.44221850189,1.97153066155,-0.628133983457,3.92594213604,-2.76644118733,2.48215777866
gradient,0,0.42,0.42999997735,True,50,-0.18731374579,0.464744576472,1.98171419394,-8.62417802075,5.8199566478,0.920666448787,1.92244062416,-3.86210219768,5.40958849857,1.27656297256,0.447386251826,-2.76706413801,-0.53726518085,3.94144718634,-3.75277743091,2.02259084063,-0.599555148293,3.66289349581,-3.1351357859,2.63316363481
gradient,0,0.43,0.439999997616,True,50,-0.183228835523,0.492818793435,1.97468395865,-8.58703010885,5.79635812269,0.947609284902,1.91454486954,-3.83248998854,5.39189868989,1.31200916276,-0.0456913553608,1.37756961474,-0.581717822921,3.23666314039,-2.35723761225,1.76162597335,-0.648262669395,2.75291156117,-2.00150238398,2.61401928261
gradient,0,0.44,0.449999988079,True,50,-0.188227572898,0.492295968767,1.97007983748,-8.55944475795,5.77281189555,0.955898968254,1.90947537077,-3.80704396646,5.36955845089,1.32884335821,-1.07133283293,5.01933934709,-0.738472060906,3.73999193896,-0.498187447715,1.69371687451,-0.790307695142,2.98088357496,-0.53458767896,2.7126352693
gradient,0,0.45,0.459999978542,True,50,-0.204655492182,0.593205580377,1.95991451743,-8.51223027007,5.78639437374,0.981483622392,1.89873871563,-3.77287231704,5.38120693632,1.36626186815,-1.17361123462,2.38094443684,-0.851965482962,4.26701478922,-0.358150936127,2.3585602002,-0.909160928111,3.43470993185,-0.195872719534,3.29150272817
gradient,0,0.46,0.469999998808,True,50,-0.21169979759,0.539914857504,1.95304052782,-8.47410446216,5.76564887683,1.00307017226,1.89129215221,-3.73834976782,5.3656409965,1.39467341278,-1.76070704434,3.79451607602,-0.792148878771,4.16802171409,-0.291061937544,2.51801751135,-0.855705767116,2.99306971809,-0.0706895573975,3.55814652916
gradient,0,0.47,0.479999989271,True,50,-0.239869633069,0.669095901897,1.94407153985,-8.42886983579,5.78057313498,1.03184397262,1.88162460029,-3.71301092268,5.37979314517,1.43742479873,-1.16958150059,6.83108981544,-0.736072799578,3.59758836218,0.501598746618,3.07983016009,-0.799818094704,2.58310573551,0.792443708806,3.39438622644
gradient,0,0.48,0.489999979734,True,50,-0.235091427602,0.676536653812,1.93831907183,-8.40215269492,5.77568085176,1.06466677546,1.87529579032,-3.68668765311,5.38148987068,1.46256113731,-0.111615982891,1.43671434155,-0.665679485816,3.01859912119,-1.04947911713,3.1084603978,-0.712517904048,2.5794075426,-0.434205121528,2.78277689802
gradient,0,0.49,0.5,True,50,-0.242101952726,0.697830188728,1.93075795014,-8.36849785336,5.75958355264,1.09401318058,1.86737424221,-3.66142277183,5.37110904274,1.49308033669,0.395425489816,-2.77201993856,-0.610700919319,3.85622740543,-2.51449360776,3.05028592379,-0.673089899352,3.5950842516,-1.46911654057,3.07524683373
gradient,0,0.5,0.509999990463,False,50,-0.227182917805,0.621096255041,1.92610505345,-8.32502814681,5.72539097961,1.12567249394,1.86183399233,-3.61478596808,5.35210753987,1.52406607398,1.4919034921,-7.67339336868,-0.465289669194,4.34697065545,-3.41925730338,3.16593133606,-0.554024988133,4.663680375,-1.90015028715,3.09857372896
gradient,1,0,0.00999999977648,True,50,-0.0352793202082,0.24023046881,2.27352693092,-10.2689081948,6.72585233644,0.0216284334137,2.2442363564,-5.25728799539,6.10566684514,0.0417784034955,-0.0219316155143,0.476370358823,0.731702842985,4.56287241448,-2.49245676484,0.580254385649,0.451460560241,3.75298817605,-2.1441144671,1.04595008577
gradient,1,0.01,0.019999999553,True,50,-0.0354986363633,0.244994172398,2.28084395935,-10.2232794706,6.70092776879,0.0274309772702,2.24875096201,-5.21975811363,6.08422570047,0.0522379043533,0.112778303098,-0.809546657607,-0.0266472772925,4.22232457579,-2.49515376923,0.814742759725,-0.153048756197,3.43874373218,-2.13346389728,1.61176882067
gradient,1,0.02,0.0299999993294,True,50,-0.0330237541462,0.224039535658,2.27299398537,-10.1844617032,6.67594926105,0.0379232886082,2.24117538128,-5.18851312075,6.0629975672,0.074013779909,0.111793412912,-1.30139937405,-0.731585869004,3.93715286854,-3.17929058862,1.04649877728,-0.773179517723,3.24209311714,-2.7895868413,2.21695288414
gradient,1,0.03,0.0399999991059,True,50,-0.0332627681051,0.218966184917,2.26621224197,-10.1445364132,6.63734195701,0.0483609528158,2.23328737165,-5.15491625129,6.02843396365,0.096576962036,-0.0812475009023,-0.493252888895,-0.854470912188,3.6898416345,-3.88290384932,1.15256095489,-0.919217903749,3.0176894386,-3.42391551977,2.45403312428
gradient,1,0.04,0.0499999970198,True,50,-0.0346487041642,0.21417447788,2.25590456713,-10.1106648705,6.59829118406,0.060974507706,2.2227910232,-5.12815933198,5.9945192568,0.123094442395,-0.154312794048,-0.2560821782,-1.04510246492,3.33659839377,-3.35218016907,1.28060235479,-1.08951331008,2.64315861528,-2.90029830514,2.55813491906
gradient,1,0.05,0.0599999986589,True,50,-0.036349023986,0.213844541353,2.24531019267,-10.0778044454,6.57029835363,0.0739729999115,2.21149710545,-5.10205307898,5.97042799754,0.147739660417,0.06553954993,-0.610185728767,-0.899086830704,4.15816346945,-2.9193583571,1.359462132,-0.962997115994,3.4596052449,-2.53038707347,2.63944511735
gradient,1,0.06,0.070000000298,True,50,-0.0333379131656,0.201970763305,2.23792283051,-10.0275016012,6.53990401692,0.0881637503461,2.20353108088,-5.05896722708,5.94391151533,0.175883344742,0.051892386328,-0.591108853701,-0.778957433216,4.44278307716,-3.00965500646,1.46277855828,-0.82866648526,3.64023930094,-2.55123281913,2.88321108331
gradient,1,0.07,0.0799999982119,True,50,-0.0353111762595,0.202022364279,2.229731044,-9.98894878382,6.5101052535,0.103228571077,2.19492377574,-5.02924829296,5.91940334116,0.205403882083,-0.249726036875,0.601968574187,-0.869931181367,3.60009034921,-2.86828702293,1.07762421558,-0.901020379926,2.88903749609,-2.4697578481,2.43759468694
gradient,1,0.08,0.0899999961257,True,50,-0.0383324339031,0.214010134788,2.22052420689,-9.95549979417,6.48253827646,0.109716234658,2.18551067329,-5.00118647716,5.89451635837,0.22463523848,-0.334185649905,1.0081604058,-0.922459329592,3.19651355303,-2.66418465203,1.41120779237,-1.00860085728,2.61407483042,-2.18918289206,2.47128627818
gradient,1,0.09,0.0999999940395,True,50,-0.0419948892576,0.222185572395,2.21128185741,-9.92501851276,6.45682156046,0.131452726925,2.1747517586,-4.97696679635,5.87561968332,0.254829607647,-0.17858358239,0.332331695796,-0.786136944605,3.72679435895,-2.44590007488,2.00082584348,-0.922028635477,2.93742814175,-1.9411295772,3.12073604674
gradient,1,0.1,0.109999999404,True,50,-0.0419041055509,0.220656768704,2.20480146799,-9.88096390699,6.43362027497,0.149732751527,2.16707010058,-4.94243791432,5.85569376683,0.287049959415,-0.396652466701,1.16689024012,-0.742132099551,3.87737986617,-2.00635953958,2.13030711071,-0.837584262438,3.16984757443,-1.54507198268,3.10960519326
gradient,1,0.11,0.119999997318,True,50,-0.0499279385916,0.245523377197,2.19643921542,-9.84747091543,6.41669436967,0.174058869139,2.15800007335,-4.91356984487,5.84471824367,0.317021711512,-0.47356564633,1.46257203009,-0.96853363802,3.2424637993,-1.7389153166,2.76316621703,-1.02411313665,2.7100397889,-1.00167081692,3.23788503232
gradient,1,0.12,0.129999995232,True,50,-0.0513754184775,0.249908209306,2.18543079523,-9.81611463101,6.39884196863,0.204996075868,2.14658783784,-4.88823711854,5.83566035049,0.351807660062,-0.132156332579,0.632373762599,-0.896350365831,3.54950608226,-2.11843811734,2.57656456142,-0.9746368203,3.02999331401,-1.36025011476,3.18191753997
gradient,1,0.13,0.140000000596,True,50,-0.0525710652432,0.258170852449,2.1785122081,-9.77648079379,6.37432560732,0.225590160367,2.13850733694,-4.85296997859,5.81751324137,0.380660062312,-0.199193539643,0.407097917735,-0.598517154692,3.64235985919,-2.25204377202,2.35030436158,-0.726046339869,3.14571558684,-1.54831683197,3.11904864428
gradient,1,0.14,0.149999991059,True,50,-0.0553592892704,0.258050167661,2.17346045214,-9.74326743382,6.35380109319,0.2520021631,2.13206691105,-4.82532280681,5.80469401385,0.414188632947,-0.146394875183,0.469441389686,-0.405128170289,3.58183832753,-2.69182158508,2.17620853173,-0.527695232717,3.06104651928,-1.95388996955,3.09163587737
gradient,1,0.15,0.159999996424,True,50,-0.0554989627469,0.267559680243,2.1704096447,-9.70484402724,6.32048917562,0.269114331002,2.12795343229,-4.7917490482,5.77843544198,0.442492779859,-0.146153518545,1.11192063386,-0.666335409359,3.89643188867,-2.38451143468,2.25106867991,-0.727926769966,3.54219294075,-1.69799941949,2.9468506937
gradient,1,0.16,0.170000001788,True,50,-0.0582823596413,0.280288580338,2.16013374395,-9.66533879605,6.3061108645,0.297023536698,2.11750837565,-4.75447894799,5.77073402546,0.473125646821,-0.620872346766,1.27711861359,-0.952862049945,3.99612472122,-1.4237490305,2.46766846015,-1.00839055209,3.48699958087,-0.859689299817,3.15637569854
gradient,1,0.17,0.179999992251,True,50,-0.0679164096822,0.293102052515,2.1513524037,-9.62492153281,6.29201419501,0.318467700205,2.10778562125,-4.72200905658,5.76124165598,0.50562029383,-0.598964502931,-0.68641268231,-0.715515657638,3.80717132144,-1.46427671614,2.54259218974,-0.789553950626,3.29830265116,-0.909297887572,3.22105402577
gradient,1,0.18,0.189999997616,True,50,-0.0702616496999,0.266560326692,2.1458234308,-9.58919536962,6.27682533018,0.347875380493,2.10171729663,-4.68851289497,5.75254806771,0.537546727337,-0.0769754195187,-2.54930706999,-0.746701820339,3.66437329804,-1.76059614294,2.9803363666,-0.806580486909,3.30344214592,-1.08886581887,3.49620607672
gradient,1,0.19,0.199999988079,True,50,-0.0694559180725,0.242115911115,2.13641836729,-9.55163406685,6.25680227215,0.378074427537,2.09165401151,-4.65594021366,5.73946433961,0.575544415364,-0.137963071843,-0.407356599487,-0.81202478368,3.77019025432,-1.6325468882,3.14125826035,-0.863329394192,3.27021997942,-0.917561630004,3.55416725169
gradient,1,0.2,0.209999993443,True,50,-0.0730209111368,0.258413194702,2.12958293513,-9.51379156453,6.24417439241,0.4107005457,2.08445070875,-4.62310849538,5.73419683511,0.608630072371,-0.297054992919,1.73698543067,-0.688053210804,3.88514745683,-1.6517129274,2.59919420786,-0.753434843174,3.44422105271,-1.02564438982,3.10809338666
gradient,1,0.21,0.219999998808,True,50,-0.0753970179309,0.276855619729,2.12265730308,-9.47393111772,6.22376801361,0.430058311694,2.07658531465,-4.58705579261,5.71895145181,0.637706283097,-0.092031531034,0.847492645541,-0.656294429578,3.83250381266,-2.24238673692,2.34925017014,-0.737964294015,3.46272528769,-1.50975663801,3.2096958402
gradient,1,0.22,0.229999989271,True,50,-0.0748615417575,0.275363047613,2.11645704653,-9.43714148828,6.19932665767,0.457685549102,2.06969142287,-4.55385398963,5.70400170235,0.672823989175,0.0753359059237,-0.617359926486,-0.616926563668,3.55025629782,-2.71290800855,2.5082780184,-0.683450648166,3.2771756904,-1.8748667496,3.18995626824
gradient,1,0.23,0.239999994636,True,50,-0.0738902998125,0.264508421199,2.1103187718,-9.40292599176,6.16950985344,0.480223872062,2.06291630168,-4.5215122788,5.68145411682,0.701505408462,-1.82224132685,6.77544710528,-0.962684655362,3.02585912273,0.661444091318,3.38671749701,-1.02156776856,2.29395464776,0.804895543286,3.2631152735
gradient,1,0.24,0.25,True,50,-0.111306368294,0.410871989718,2.09720335343,-9.37662430583,6.2125555395,0.525419899043,2.0492600675,-4.50797489667,5.72009961321,0.738086294644,-2.25935406505,8.92491559778,-0.916204565523,3.31157441954,1.40859879909,3.77231725093,-0.992252997783,2.42024818514,1.47645317471,3.56825763124
gradient,1,0.25,0.259999990463,True,50,-0.119077381113,0.443006733154,2.09199468049,-9.33669450337,6.19768182942,0.555670217081,2.04307124173,-4.4731073151,5.71098318031,0.772870561087,-0.132813970496,0.714079052423,-0.573734828177,3.58350230689,-2.14135867435,2.9009590206,-0.671512470764,3.20004296858,-1.48280297823,3.28870025531
gradient,1,0.26,0.269999980927,True,50,-0.113962647704,0.425153570767,2.08572865686,-9.30495425969,6.16972836601,0.583439079455,2.03582981808,-4.4439740373,5.69044355365,0.803860299751,0.94135750772,-4.35046962985,-0.51562564988,4.49222621193,-4.01289080527,2.01239597525,-0.597437999426,4.1241182359,-3.00651849783,3.19370578949
gradient,1,0.27,0.280000001192,True,50,-0.100250230959,0.355997340557,2.08168216749,-9.24684997913,6.11742401331,0.595918136586,2.03112248174,-4.39062495038,5.65085281036,0.836744676877,-0.748536163112,1.74502189954,-0.734250007411,2.73136492956,-2.32019133284,2.07103594135,-0.779972875018,2.50218197658,-1.43408302159,2.82491690608
gradient,1,0.28,0.289999991655,True,50,-0.128933370967,0.460054008758,2.07104365671,-9.2503269611,6.12332453936,0.624859798282,2.02023036058,-4.39393039777,5.66176189322,0.860358637872,-1.20942956375,4.28191341771,-0.921414866664,2.13003996354,-0.976855219712,2.83856420276,-0.952345912815,2.19884353928,-0.339316764139,2.58817415583
gradient,1,0.29,0.299999982119,True,50,-0.124438822234,0.441635608912,2.06325387016,-9.20424917986,6.09788690892,0.652689420641,2.01207556348,-4.3466480796,5.64406647507,0.888508159993,-2.08710974725,7.55452095937,-0.851752776465,4.99906546919,1.30143961647,3.28223347918,-0.936186318542,3.63359508154,0.824697413827,3.70668279288
gradient,1,0.3,0.310000002384,True,50,-0.170675565912,0.611144427945,2.05400860119,-9.15034565171,6.14935333169,0.690504467865,2.00150663421,-4.32125849614,5.67825584149,0.93449229373,-1.20921251368,3.09384870749,-0.723535501605,5.75328659502,0.53381491627,2.82701462661,-0.797754638799,4.37714483801,0.25401946648,3.55795114556
gradient,1,0.31,0.319999992847,True,50,-0.148623072508,0.503512583061,2.04878316013,-9.08918344796,6.10856320724,0.709229713173,1.99612047071,-4.25910518284,5.6491468644,0.959667182904,0.644590931496,-5.95818626288,-0.598228981254,5.09369388705,-3.19439291499,1.96663151396,-0.653859010534,4.88810334063,-2.33543092123,2.87318831266
gradient,1,0.32,0.329999983311,True,50,-0.157783747282,0.491980702687,2.04204402156,-9.04847177397,6.08546547339,0.729837098144,1.988429454,-4.22349642932,5.63154722307,0.991956059983,-0.480597519965,-1.05013309748,-0.640515684838,3.65646875377,-2.06338330821,2.26437565597,-0.717349234343,3.17065533581,-1.67901070181,2.90227964491
gradient,1,0.33,0.340000003576,True,50,-0.158235022907,0.482509921112,2.03597284643,-9.01605407288,6.06729554108,0.754517226292,1.98177348602,-4.19569207612,5.61556665037,1.0177127758,-0.273227814732,0.810582043432,-0.694562614132,3.97429686749,-0.25871418893,2.70298299374,-0.763316483667,3.33633959419,0.00135804325305,3.00197709228
gradient,1,0.34,0.34999999404,True,50,-0.163248303576,0.508192343556,2.02815276928,-8.96898583662,6.08029118961,0.783896758019,1.97316312433,-4.15676963744,5.63157438394,1.05199560183,-0.565522530783,2.52506558279,-0.720105609916,4.31596555768,-0.46218039224,2.69788422699,-0.799561420217,3.66775404986,0.00419953713811,3.2909004033
gradient,1,0.35,0.359999984503,True,50,-0.169545473523,0.533011232768,2.02157073423,-8.92973476173,6.05805193323,0.808474910832,1.96578225761,-4.12233699512,5.61565064111,1.08353078387,-0.849402901204,2.04528194118,-0.543901866509,3.54335607428,-2.95899166402,1.8014014445,-0.613836388453,2.91158506414,-2.41148566449,2.98644454852
gradient,1,0.36,0.370000004768,True,50,-0.1802363616,0.54909798238,2.01727473195,-8.89811871514,6.02111135633,0.819924786909,1.96088639656,-4.09853793616,5.58334467065,1.1117244928,-1.19234118396,1.51398160554,-0.63833449384,3.87840800337,-2.0140625634,1.0609825113,-0.706984693499,2.64066378989,-1.80976996111,2.97357987047
gradient,1,0.37,0.379999995232,True,50,-0.193392297202,0.563290864878,2.00880404436,-8.85216660166,6.01777068197,0.829694561058,1.95164256374,-4.06952371932,5.57945524189,1.14300238128,-1.64191719348,3.42953462652,-0.89357917274,4.11457964442,0.072707991241,1.48999447787,-0.961507200921,2.56705190335,-0.0564570745073,3.07154833325
gradient,1,0.38,0.389999985695,True,50,-0.21307470547,0.61768867491,1.99940314849,-8.81582712225,6.02256551615,0.849724676467,1.94165625254,-4.04719689809,5.58221552916,1.17315545946,-0.221094363933,1.21389653444,-0.629184035774,3.58711037947,-2.75703110143,2.15061367128,-0.717991380253,2.87669860828,-2.12999727071,3.2683504349
gradient,1,0.39,0.399999976158,True,50,-0.197814184481,0.587568795567,1.99622036364,-8.78042439407,5.96263005994,0.872706834484,1.93728273614,-4.01198974716,5.53685529647,1.20836938998,-0.411938292805,1.92732827619,-0.565550138823,0.146922589019,-5.34237357393,1.31341527064,-0.621267162266,0.791162697252,-4.01736010193,1.92832349341
gradient,1,0.4,0.409999996424,True,50,-0.221313471326,0.656235240434,1.98809214572,-8.81288867047,5.91571804467,0.875992981879,1.9292309093,-4.03137364414,5.50186832712,1.21172192933,-1.38522622707,4.10762286913,-0.634059605735,-0.232015928185,-4.9411414973,0.68903908521,-0.65718033723,0.510584013243,-4.0788666014,0.89946577202
gradient,1,0.41,0.419999986887,True,50,-0.225518709022,0.66972125295,1.98353917153,-8.78506471264,5.86380722999,0.886487616188,1.9241391294,-4.00177806689,5.45527796445,1.22635870542,0.922151568536,-6.51700697425,-0.319780162861,6.16340464666,-3.94187343483,1.55095794019,-0.406224238316,5.34195954901,-3.62011289702,2.85098953911
gradient,1,0.42,0.42999997735,True,50,-0.202870439955,0.525895100949,1.98169654246,-8.68962057754,5.83688057598,0.907012140683,1.92110642453,-3.92453445316,5.42946606918,1.26874172011,1.90654640285,-7.48908004193,-0.391228900724,6.4601850747,-3.32762362463,2.16614080481,-0.461663905834,5.75771287612,-2.83847287772,3.30990254158
gradient,1,0.43,0.439999997616,True,50,-0.187387780965,0.519939652111,1.97571459351,-8.65586101114,5.7972547575,0.929810432284,1.91490585128,-3.88662380937,5.39850850689,1.29255675625,0.217997500536,0.921761057061,-0.700629081573,3.75944588452,-1.69634275667,2.45685837709,-0.740392610215,3.3478247748,-1.1198045349,2.94862411986
gradient,1,0.44,0.449999988079,True,50,-0.198510489945,0.54433032209,1.96768396083,-8.61443165985,5.80295372084,0.956149308225,1.90629857232,-3.85757795767,5.40706997848,1.32771420251,-0.335317050953,0.777865590162,-0.637066764244,3.60269811631,-1.63275532703,2.30825317611,-0.707842694222,3.05316368691,-0.926409944211,2.81159641801
gradient,1,0.45,0.459999978542,True,50,-0.194094121984,0.535496963914,1.96297325823,-8.58380704882,5.76459965096,0.975975495806,1.90074899739,-3.82556053563,5.37998030801,1.34878868461,-0.245058548844,-1.34361169206,-0.507755566535,2.6831472027,-3.43028129791,2.02752023657,-0.557655243719,2.40785941176,-2.75292027432,2.19587245694
gradient,1,0.46,0.469999998808,True,50,-0.203411660921,0.517458088249,1.9575288495,-8.56076871579,5.73434809489,0.996699712956,1.89514546745,-3.80942076943,5.35201157299,1.37163165165,-0.951869804482,1.21111787442,-0.62739378203,3.56245807526,-2.52292529711,2.07041071225,-0.658632731236,2.99239120769,-2.00595475134,2.84718340455
gradient,1,0.47,0.479999989271,True,50,-0.213131518074,0.559719321403,1.95042538259,-8.51255788731,5.71414114502,1.01738371005,1.88757634277,-3.76571271148,5.33986121298,1.4057323527,-1.77085956919,7.5173425241,-0.833454796135,4.87264982068,0.107605334581,1.8889098321,-0.941900564923,3.55403845466,0.407586799552,3.51539410316
gradient,1,0.48,0.489999979734,True,50,-0.238828852305,0.667804938731,1.94085975357,-8.46331571938,5.73650020158,1.0344779096,1.87630745615,-3.73834000034,5.36016330898,1.44193953371,-2.88963950012,10.5683093303,-1.07041646431,4.07687006365,2.42225307482,2.01709174981,-1.12154162713,2.74136721968,2.0065924032,2.78146681041
gradient,1,0.49,0.5,True,50,-0.270924308076,0.771085508009,1.9290170533,-8.43102048604,5.76258620651,1.05772554505,1.86514551023,-3.71088536709,5.37999306104,1.46136168891,-0.96028586618,1.74963376715,-0.841919000638,3.56747097562,-1.58502316774,2.47642962578,-0.88474360477,3.15064041555,-0.972284380976,2.80276822863
gradient,1,0.5,0.509999990463,False,50,-0.258034569629,0.702797614074,1.92402137356,-8.39196629987,5.70479973822,1.08400650211,1.85861258406,-3.67532719203,5.34071762136,1.49799489829,1.2889738447,-6.82878939352,-0.499567973973,3.90541861725,-5.77864682894,2.62809570664,-0.653292617045,3.55581750565,-3.92754396807,3.66332093788
