node_id,mol_pred_loaded,mol_cond_loaded,sanitization,inchi_convertible,all_atoms_connected,no_radicals,bond_lengths,bond_angles,internal_steric_clash,aromatic_ring_flatness,non-aromatic_ring_non-flatness,double_bond_flatness,protein-ligand_maximum_distance,minimum_distance_to_protein,minimum_distance_to_organic_cofactors,minimum_distance_to_inorganic_cofactors,minimum_distance_to_waters,volume_overlap_with_protein,volume_overlap_with_organic_cofactors,volume_overlap_with_inorganic_cofactors,volume_overlap_with_waters
gradient_b131_final_000,True,True,True,True,True,True,True,True,True,True,True,True,True,True,True,True,True,True,True,True,True
gradient_b131_final_001,True,True,True,True,True,True,True,True,True,True,True,True,True,True,True,True,True,True,True,True,True
gradient_b131_final_002,True,True,True,True,True,True,True,True,True,True,True,True,True,True,True,True,True,True,True,True,True
gradient_b131_final_003,True,True,True,True,True,True,True,True,True,True,True,True,True,True,True,True,True,True,True,True,True
gradient_b131_final_004,True,True,True,True,True,True,True,True,True,True,True,True,True,True,True,True,True,True,True,True,True
gradient_b131_final_005,True,True,True,True,True,True,True,True,True,True,True,True,True,True,True,True,True,True,True,True,True
gradient_b131_final_006,True,True,True,True,True,True,True,True,True,True,True,True,True,True,True,True,True,True,True,True,True
gradient_b131_final_007,True,True,True,True,True,True,True,True,True,True,True,True,True,True,True,True,True,True,True,True,True
gradient_b131_final_008,True,True,True,True,True,True,True,True,True,True,True,True,True,True,True,True,True,True,True,True,True
gradient_b131_final_009,True,True,True,True,True,True,True,True,True,True,True,True,True,True,True,True,True,True,True,True,True
gradient_b131_final_010,True,True,True,True,True,True,True,True,True,True,True,True,True,True,True,True,True,True,True,True,True
gradient_b131_final_011,True,True,True,True,True,True,True,True,True,True,True,True,True,True,True,True,True,True,True,True,True
gradient_b131_final_012,True,True,True,True,True,True,True,True,True,True,True,True,True,True,True,True,True,True,True,True,True
gradient_b131_final_013,True,True,True,True,True,True,True,True,True,True,True,True,True,True,True,True,True,True,True,True,True
gradient_b131_final_014,True,True,True,True,True,True,True,True,True,True,True,True,True,True,True,True,True,True,True,True,True
gradient_b131_final_015,True,True,True,True,True,True,True,True,True,True,True,True,True,True,True,True,True,True,True,True,True
gradient_b131_final_016,True,True,True,True,True,True,True,True,True,True,True,True,True,True,True,True,True,True,True,True,True
gradient_b131_final_017,True,True,True,True,True,True,True,True,True,True,True,True,True,True,True,True,True,True,True,True,True
gradient_b131_final_018,True,True,True,True,True,True,True,True,True,True,True,True,True,True,True,True,True,True,True,True,True
gradient_b131_final_019,True,True,True,True,True,True,True,True,True,True,True,True,True,True,True,True,True,True,True,True,True
gradient_b131_final_020,True,True,True,True,True,True,True,True,True,True,True,True,True,True,True,True,True,True,True,True,True
gradient_b131_final_021,True,True,True,True,True,True,True,True,True,True,True,True,True,True,True,True,True,True,True,True,True
gradient_b131_final_022,True,True,True,True,True,True,True,True,True,True,True,True,True,True,True,True,True,True,True,True,True
gradient_b131_final_023,True,True,True,True,True,True,True,True,True,True,True,True,True,True,True,True,True,True,True,True,True
gradient_b131_final_024,True,True,True,True,True,True,True,True,True,True,True,True,True,True,True,True,True,True,True,True,True
gradient_b131_final_025,True,True,True,True,True,True,True,True,True,True,True,True,True,True,True,True,True,True,True,True,True
gradient_b131_final_026,True,True,True,True,True,True,True,True,True,True,True,True,True,True,True,True,True,True,True,True,True
gradient_b131_final_028,True,True,True,True,True,True,True,True,True,True,True,True,True,True,True,True,True,True,True,True,True
gradient_b131_final_029,True,True,True,True,True,True,True,True,True,True,True,True,True,True,True,True,True,True,True,True,True
gradient_b131_final_030,True,True,True,True,True,True,True,True,True,True,True,True,True,True,True,True,True,True,True,True,True
gradient_b131_final_031,True,True,True,True,True,True,True,True,True,True,True,True,True,True,True,True,True,True,True,True,True
gradient_b131_final_032,True,True,True,True,True,True,True,True,True,True,True,True,True,True,True,True,True,True,True,True,True
gradient_b131_final_033,True,True,True,True,True,True,True,True,True,True,True,True,True,True,True,True,True,True,True,True,True
gradient_b131_final_034,True,True,True,True,True,True,True,True,True,True,True,True,True,True,True,True,True,True,True,True,True
gradient_b131_final_035,True,True,True,True,True,True,True,True,True,True,True,True,True,True,True,True,True,True,True,True,True
gradient_b131_final_036,True,True,True,True,True,True,True,True,True,True,True,True,True,True,True,True,True,True,True,True,True
gradient_b131_final_037,True,True,True,True,True,True,True,True,True,True,True,True,True,True,True,True,True,True,True,True,True
gradient_b131_final_038,True,True,True,True,True,True,True,True,True,True,True,True,True,True,True,True,True,True,True,True,True
gradient_b131_final_040,True,True,True,True,True,True,True,True,True,True,True,True,True,True,True,True,True,True,True,True,True
gradient_b131_final_041,True,True,True,True,True,True,True,True,True,True,True,True,True,True,True,True,True,True,True,True,True
gradient_b131_final_042,True,True,True,True,True,True,True,True,True,True,True,True,True,True,True,True,True,True,True,True,True
gradient_b131_final_043,True,True,True,True,True,True,True,True,True,True,True,True,True,True,True,True,True,True,True,True,True
gradient_b131_final_044,True,True,True,True,True,True,True,True,True,True,True,True,True,True,True,True,True,True,True,True,True
gradient_b131_final_045,True,True,True,True,True,True,True,True,True,True,True,True,True,True,True,True,True,True,True,True,True
gradient_b131_final_046,True,True,True,True,True,True,True,True,True,True,True,True,True,True,True,True,True,True,True,True,True
gradient_b131_final_047,True,True,True,True,True,True,True,True,True,True,True,True,True,True,True,True,True,True,True,True,True
gradient_b131_final_048,True,True,True,True,True,True,True,True,True,True,True,True,True,True,True,True,True,True,True,True,True
gradient_b131_final_049,True,True,True,True,True,True,True,True,True,True,True,True,True,True,True,True,True,True,True,True,True
gradient_b132_final_000,True,True,True,True,True,True,True,True,True,True,True,True,True,True,True,True,True,True,True,True,True
gradient_b132_final_001,True,True,True,True,True,True,True,True,True,True,True,True,True,True,True,True,True,True,True,True,True
gradient_b132_final_002,True,True,True,True,True,True,True,True,True,True,True,True,True,True,True,True,True,True,True,True,True
gradient_b132_final_003,True,True,True,True,True,True,True,True,True,True,True,True,True,True,True,True,True,True,True,True,True
gradient_b132_final_004,True,True,True,True,True,True,True,True,True,True,True,True,True,True,True,True,True,True,True,True,True
gradient_b132_final_005,True,True,True,True,True,True,True,True,True,True,True,True,True,True,True,True,True,True,True,True,True
gradient_b132_final_006,True,True,True,True,True,True,True,True,True,True,True,True,True,True,True,True,True,True,True,True,True
gradient_b132_final_007,True,True,True,True,True,True,True,True,True,True,True,True,True,True,True,True,True,True,True,True,True
gradient_b132_final_009,True,True,True,True,True,True,True,True,True,True,True,True,True,True,True,True,True,True,True,True,True
gradient_b132_final_010,True,True,True,True,True,True,True,True,True,True,True,True,True,True,True,True,True,True,True,True,True
gradient_b132_final_011,True,True,True,True,True,True,True,True,True,True,True,True,True,True,True,True,True,True,True,True,True
gradient_b132_final_012,True,True,True,True,True,True,True,True,True,True,True,True,True,True,True,True,True,True,True,True,True
gradient_b132_final_013,True,True,True,True,True,True,True,True,True,True,True,True,True,True,True,True,True,True,True,True,True
gradient_b132_final_014,True,True,True,True,True,True,True,True,True,True,True,True,True,True,True,True,True,True,True,True,True
gradient_b132_final_015,True,True,True,True,True,True,True,True,True,True,True,True,True,True,True,True,True,True,True,True,True
gradient_b132_final_016,True,True,True,True,True,True,True,True,True,True,True,True,True,True,True,True,True,True,True,True,True
gradient_b132_final_017,True,True,True,True,True,True,True,True,True,True,True,True,True,True,True,True,True,True,True,True,True
gradient_b132_final_018,True,True,True,True,True,True,False,True,True,True,True,True,True,True,True,True,True,True,True,True,True
gradient_b132_final_019,True,True,True,True,True,True,True,True,True,True,True,True,True,True,True,True,True,True,True,True,True
gradient_b132_final_020,True,True,True,True,True,True,True,True,True,True,True,True,True,True,True,True,True,True,True,True,True
gradient_b132_final_021,True,True,True,True,True,True,True,True,True,True,True,True,True,True,True,True,True,True,True,True,True
gradient_b132_final_022,True,True,True,True,True,True,True,True,True,True,True,True,True,True,True,True,True,True,True,True,True
gradient_b132_final_023,True,True,True,True,True,True,True,True,True,True,True,True,True,True,True,True,True,True,True,True,True
gradient_b132_final_024,True,True,True,True,True,True,True,True,True,True,True,True,True,True,True,True,True,True,True,True,True
gradient_b132_final_025,True,True,True,True,True,True,True,True,True,True,True,True,True,True,True,True,True,True,True,True,True
gradient_b132_final_026,True,True,True,True,True,True,True,True,True,True,True,True,True,True,True,True,True,True,True,True,True
gradient_b132_final_028,True,True,True,True,True,True,True,True,True,True,True,True,True,True,True,True,True,True,True,True,True
gradient_b132_final_029,True,True,True,True,True,True,True,True,True,True,True,True,True,True,True,True,True,True,True,True,True
gradient_b132_final_030,True,True,True,True,True,True,True,True,True,True,True,True,True,True,True,True,True,True,True,True,True
gradient_b132_final_031,True,True,True,True,True,True,True,True,True,True,True,True,True,True,True,True,True,True,True,True,True
gradient_b132_final_032,True,True,True,True,True,True,True,True,True,True,True,True,True,True,True,True,True,True,True,True,True
gradient_b132_final_033,True,True,True,True,True,True,True,True,True,True,True,True,True,True,True,True,True,True,True,True,True
gradient_b132_final_034,True,True,True,True,True,True,True,True,True,True,True,True,True,True,True,True,True,True,True,True,True
gradient_b132_final_036,True,True,True,True,True,True,True,True,True,True,True,True,True,True,True,True,True,True,True,True,True
gradient_b132_final_037,True,True,True,True,True,True,True,True,True,True,True,True,True,True,True,True,True,True,True,True,True
gradient_b132_final_038,True,True,True,True,True,True,True,True,True,True,True,True,True,True,True,True,True,True,True,True,True
gradient_b132_final_039,True,True,True,True,True,True,True,True,True,True,True,True,True,True,True,True,True,True,True,True,True
gradient_b132_final_040,True,True,True,True,True,True,True,True,True,True,True,True,True,True,True,True,True,True,True,True,True
gradient_b132_final_041,True,True,True,True,True,True,True,True,True,True,True,True,True,True,True,True,True,True,True,True,True
gradient_b132_final_042,True,True,True,True,True,True,True,True,True,True,True,True,True,True,True,True,True,True,True,True,True
gradient_b132_final_043,True,True,True,True,True,True,True,True,True,True,True,True,True,True,True,True,True,True,True,True,True
gradient_b132_final_044,True,True,True,True,True,True,True,True,True,True,True,True,True,True,True,True,True,True,True,True,True
gradient_b132_final_045,True,True,True,True,True,True,True,True,True,True,True,True,True,True,True,True,True,True,True,True,True
gradient_b132_final_046,True,True,True,True,True,True,True,True,True,True,True,True,True,True,True,True,True,True,True,True,True
gradient_b132_final_047,True,True,True,True,True,True,True,True,True,True,True,True,True,True,True,True,True,True,True,True,True
gradient_b132_final_048,True,True,True,True,True,True,True,True,True,True,True,True,True,True,True,True,True,True,True,True,True
gradient_b132_final_049,True,True,True,True,True,True,True,True,True,True,True,True,True,True,True,True,True,True,True,True,True
