round,mean_pic50,vs_R26,vs_native,valid_rate,pb_rate,strain_median,strain_p90,elite_n,maximum_pic50,implementation_passed,screening_admissible,parent,axis,n,inference_commit
1,7.672166895866394,,,0.98,0.98,0.4799328080816374,0.8187145047862461,3,8.355935096740723,,False,historical_R26,{},100,9cc4ae3dc655d05dc02abc9dcc19550916170a92
2,7.672166895866394,0.0,0.1014499521255493,0.98,0.98,0.4799328080816374,0.8187145047862461,3,8.355935096740723,,False,historical_R26,{},100,512a1d1df5f21e7e7a760511387953a534257dbb
3,7.682156925201416,0.0099900293350219,0.1114399814605712,0.98,0.98,0.481197930487045,0.8189774850724452,2,8.356012344360352,True,False,historical_R26,{'innovation.field_strength_A': 0.25},100,84b0f9c661034846946cb0e2c1046b2f8bbcfcf3
4,7.672005634307862,-0.0001612615585327,0.1012886905670166,0.98,0.98,0.4802778878939805,0.7529979867413015,2,8.356035232543945,True,False,historical_R26,{'innovation': {'field_strength_A': 0.15}},100,14a799947114296b84a1f8abbef0d80fb31e55f0
5,7.676156659126281,0.0039897632598876,0.105439715385437,0.98,0.98,0.4801082235168847,0.7430678376317282,3,8.356077194213867,True,False,historical_R26,{'innovation': {'field_strength_A': 0.3}},100,cb57e987cdb335a9325c57958b40f4ed6bb9e080
6,7.666312618255615,-0.0058542776107788,0.0955956745147705,0.98,0.98,0.4798355959371927,0.8190783017623118,3,8.356061935424805,True,False,historical_R26,{'innovation': {'field_strength_A': 0.6}},100,34e655ce1559b14bdea6d6d1a5ae26510409f022
7,7.680026926994324,0.0078600311279296,0.109309983253479,0.98,0.98,0.4810330763285244,0.818691399283296,3,8.356147766113281,True,True,historical_R26,{'innovation': {'field_strength_A': 1.0}},100,deeb62f71cd7f253da0ec4a53efef2aa09069b9e
8,7.672166895866394,0.0,0.1014499521255493,0.98,0.98,0.4799328080816374,0.8187145047862461,3,8.355935096740723,,False,historical_R26,{},100,8e4ed2086d0dc2558efc05c39a7fddb69afa57bf
9,7.653360438346863,-0.0188064575195312,0.0826434946060181,0.97,0.97,0.4898826922967004,0.8208621312785468,1,8.307889938354492,True,False,branch_pilot,{'branch_mixture.virtual_mass': 0.1},100,4944142593ad26b9f5136807000725ece9bb6323
10,7.671971726417541,-0.0001951694488525,0.1012547826766967,0.98,0.98,0.4836809632836261,0.818676073775201,3,8.356061935424805,True,False,branch_pilot,{'branch_mixture.direction_sign': -1.0},100,d4120935d69ef9a6ef5341798b03c1794fae2398
11,7.683168563842774,0.0110016679763793,0.1124516201019287,0.98,0.98,0.4779109987527807,0.7177093867522923,2,8.31928539276123,True,True,branch_pilot,{'branch_mixture.virtual_mass': 0.025},100,f9ba00461497e1b5f52e21cf07bd3c2b598bb887
12,7.673457970619202,0.0012910747528075,0.1027410268783569,0.98,0.98,0.4808834317102146,0.7432955482414595,2,8.319890975952148,True,False,branch_pilot,{'branch_mixture.virtual_mass': 0.05},100,30515fa059071fed4b71353d03358fe15578006f
13,7.6716330909729,-0.0005338048934936,0.1009161472320556,0.98,0.98,0.481061077310663,0.8188516218372917,2,8.356078147888184,True,False,historical_R26,{'branch_mixture.region_weight_mix': 0.25},100,01e986a2b9670e555ce1ae0fe5f5e8c18bdba997
14,7.679296884536743,0.007129988670349,0.1085799407958984,0.97,0.97,0.4855692231467381,0.8861397751406833,1,8.352052688598633,True,False,historical_R26,{'flow_control.parallel_component_scale': 0.5},100,4470c39474b9c561816b88e3ab914ad3fdb74af3
15,7.647054581642151,-0.0251123142242431,0.0763376379013062,0.97,0.97,0.4813527931343497,0.8192519001230769,2,8.35367488861084,True,False,historical_R26,{'flow_control.parallel_component_scale': 0.0},100,8c932c013e61f36ef9955a76269f2bb96173dc56
16,7.649248962402344,-0.0229179334640503,0.078532018661499,0.97,0.97,0.4821880052598473,0.8197570843534046,1,8.308008193969727,True,False,historical_R26,{'flow_control.parallel_component_scale': 1.5},100,07f785b1a191740fc619ad36ef450177ecd10f90
17,7.655644254684448,-0.0165226411819458,0.0849273109436034,0.97,0.97,0.4870322712962502,0.9902372905445996,0,8.17344856262207,True,False,historical_R26,{'flow_control.parallel_component_scale': 2.0},100,e55a048938f2086978d2f047ebbb9b9f31c17683
18,7.594416828155517,-0.0777500677108765,0.0236998844146728,0.98,0.98,0.5203462379521525,1.0862632744074272,1,8.35304069519043,True,False,historical_R26,{'flow_control.jacobian_gain_saturation': 0.45},100,668e0feac09683f093065b170a9b3d5e4df7b3ee
19,7.6034446144104,-0.0687222814559936,0.0327276706695556,0.96,0.96,0.5166470472681494,0.8584778775835775,1,8.354328155517578,True,False,historical_R26,{'flow_control.jacobian_gain_saturation': 0.15},100,a6e2b8aed2e8b6061289fbfabb223ddb7ce6fc6b
20,7.542496871948242,-0.1296700239181518,-0.0282200717926025,0.96,0.96,0.508793371979171,1.2502667842768205,2,8.3532133102417,True,False,historical_R26,{'flow_control.jacobian_gain_saturation': 1.0},100,bf827d72b5b7e7821e95f5b00d1befc2ae0a8c4e
21,7.520371131896972,-0.1517957639694214,-0.0503458118438721,0.97,0.97,0.5062760836245275,1.0681375383084903,2,8.35428524017334,True,False,historical_R26,{'native_rms_ratio': 0.14676547233500647},100,05fcaef562a135a10edb507e42c9e39b9bba3998
22,7.681434721946716,0.0092678260803222,0.1107177782058715,0.98,0.98,0.4810258667360692,0.7430788439444521,1,8.307847023010254,True,False,regional_pilot,{'branch_mixture.virtual_mass': 0.05},100,920e746e2148d9d0e30c50b6425a64156bbeb877
23,7.6599835014343265,-0.0121833944320679,0.0892665576934814,0.98,0.98,0.4838855945109519,0.8620383792525367,2,8.35602855682373,True,False,regional_pilot,{'branch_mixture.direction_sign': -1.0},100,f80eff8128303f0027358e4b46b2b5aba54e7fad
24,7.670232243537903,-0.0019346523284912,0.0995152997970581,0.98,0.98,0.4837604936561986,0.7652731890119205,1,8.3189115524292,True,False,regional_pilot,{'branch_mixture.virtual_mass': 0.15},100,36ec38b9b5de6362c26e6c5a57425721a522a5cf
25,7.634803533554077,,,0.99,0.99,0.5239930317708027,0.9714714525862936,0,8.132997512817383,,False,historical_R26,{},100,079bb30348a561d44c1ececfe9aaf1bea0682d90
26,7.646978149414062,0.0121746158599853,0.1092606163024902,0.99,0.99,0.5239966182179987,0.926249316815959,0,8.141532897949219,True,True,11,{},100,306b6b53022a5994911f04b42de4c8618e8ec4fd
27,7.548878302574158,,,0.98,0.98,0.5187971262311488,1.0545783810274572,0,8.145021438598633,,False,historical_R26,{},100,f4273eb250b44923c0e3c2b887340f0ee916777f
28,7.563184161186218,0.0143058586120605,0.132184510231018,0.98,0.98,0.5163918173719699,1.0667436523733778,1,8.334663391113281,True,True,11,{},100,222bd369f0288abd68fdfef6ad29c89953f1c233
29,7.538333172798157,,,0.96,0.96,0.5086566680643639,1.0261867818915849,1,8.330850601196289,,False,historical_R26,{},100,d8914a89abb67efd18768cfdeaa169a963820e41
30,7.574999814033508,0.0366666412353515,0.1820129489898681,0.94,0.94,0.5000465007949474,0.9329407625001362,1,8.330925941467285,True,True,11,{},100,a667cdb15096d344d11d81a404e78c57fec7afab
