group,native,batch,metric,difference,preferred_direction
coordinate_r15_backtrack,Native,0,valid_rate,0.0,higher
coordinate_r15_backtrack,Native,0,pb_fast_pass_rate,-0.020000000000000018,higher
coordinate_r15_backtrack,Native,0,unique_smiles,1.0,higher
coordinate_r15_backtrack,Native,0,unique_scaffolds,2.0,higher
coordinate_r15_backtrack,Native,0,unique_graph_diversity,0.004427589642741259,higher
coordinate_r15_backtrack,Native,0,valid_pic50_on_rescore_mean,0.011190219801299861,higher
coordinate_r15_backtrack,Native,0,unique_valid_pic50_on_rescore_mean,0.01791677854440543,higher
coordinate_r15_backtrack,Native,0,valid_pic50_off_rescore_mean,-0.02204571938028188,descriptive
coordinate_r15_backtrack,Native,0,valid_mmff_relief_per_heavy_median,0.014531017470129082,lower
coordinate_r15_backtrack,Native,0,valid_relax_rms_surround_A_mean,0.00430998011398942,lower
coordinate_r15_backtrack,Native,0,valid_surround_clash_atom_fraction_mean,0.0,lower
coordinate_r15_backtrack,Native,0,valid_terminal_patch_q_over_r2_mean,-23.227664468596192,lower
coordinate_r15_backtrack,Native,1,valid_rate,0.020000000000000018,higher
coordinate_r15_backtrack,Native,1,pb_fast_pass_rate,0.020000000000000018,higher
coordinate_r15_backtrack,Native,1,unique_smiles,2.0,higher
coordinate_r15_backtrack,Native,1,unique_scaffolds,0.0,higher
coordinate_r15_backtrack,Native,1,unique_graph_diversity,0.006001670687966976,higher
coordinate_r15_backtrack,Native,1,valid_pic50_on_rescore_mean,0.01842023479695243,higher
coordinate_r15_backtrack,Native,1,unique_valid_pic50_on_rescore_mean,0.04127721565823972,higher
coordinate_r15_backtrack,Native,1,valid_pic50_off_rescore_mean,-0.007527818485182358,descriptive
coordinate_r15_backtrack,Native,1,valid_mmff_relief_per_heavy_median,0.04260871118325216,lower
coordinate_r15_backtrack,Native,1,valid_relax_rms_surround_A_mean,0.07495719141664114,lower
coordinate_r15_backtrack,Native,1,valid_surround_clash_atom_fraction_mean,0.0,lower
coordinate_r15_backtrack,Native,1,valid_terminal_patch_q_over_r2_mean,-0.6808298787215321,lower
