affinity_semantics,arm,batch,build_success,decode_status,gap_rescore,node_id,pic50_off_rescore,pic50_off_upstream,pic50_on_rescore,pic50_on_upstream,root_slot,seed,slot,structure_evaluation,valid_connected,sanitized,pb_fast_pass,connected,radicals,smiles,scaffold,mw,qed,heavy_atoms,min_protein_distance_A,severe_pairs_below_1_2A,patch_atoms,surround_atoms,patch_clash_atom_fraction,surround_clash_atom_fraction,ck2:A:ASN117::hetero_distance_softmin,ck2:A:VAL116::hetero_distance_softmin,terminal_patch_q_over_r2,terminal_patch_in_window_end_set,energy_status,mmff_H_relax_status,mmff_full_relax_status,mmff_pose_Hrelaxed_kcal_mol,mmff_local_min_kcal_mol,mmff_relief_kcal_mol,mmff_relief_per_heavy,relax_rms_patch_A,relax_rms_surround_A,pb_fast_failed_checks,failure_reason
"FLOWR head prediction, not measured affinity",gradient,0,True,built,0.36702489852905273,gradient_b000_final_000,7.319345951080322,7.313992500305176,7.686370849609375,7.695522308349609,0,42,0,deferred_local,True,True,True,True,0.0,O=C([O-])c1cc2c3cc4c(Cl)cccc4nc3c3ccncc3c2s1,c1ccc2nc3c(cc2c1)c1ccsc1c1cnccc13,363.80500000000006,0.3309874945247741,25.0,2.9292916191461744,0.0,4.0,21.0,0.0,0.0,6.479121347854818,3.894360994822632,2.2404369747236252,False,converged,0.0,0.0,103.44949580633234,88.45348162892145,14.996014177410885,0.5998405670964354,0.07236689560194041,0.17584755112309625,[],
"FLOWR head prediction, not measured affinity",gradient,0,True,built,0.5171880722045898,gradient_b000_final_001,7.19008731842041,7.165245056152344,7.707275390625,7.703959941864014,1,42,1,deferred_local,True,True,True,True,0.0,O=C(O)c1ccc2c3cnccc3n3c4cccc(Cl)c4nc3c2c1,c1ccc2c(c1)nc1c3ccccc3c3cnccc3n21,347.761,0.4519189764159979,25.0,2.9990087212277334,0.0,4.0,21.0,0.0,0.0,6.059225899261709,3.79442495325373,4.603340800941325,False,converged,0.0,0.0,109.39700930951275,95.51362902237355,13.883380287139204,0.5553352114855682,0.16896331642257198,0.15492091032125438,[],
"FLOWR head prediction, not measured affinity",gradient,0,True,built,0.8651866912841797,gradient_b000_final_002,7.151021957397461,7.1466593742370605,8.01620864868164,8.023858070373535,2,42,2,deferred_local,True,True,True,True,0.0,O=C(O)c1ccc2c(c1)nc(Nc1cccc(Cl)c1)c1ccncc12,c1ccc(Nc2nc3ccccc3c3cnccc23)cc1,349.7770000000001,0.5155344149379018,25.0,2.9312205751188354,0.0,4.0,21.0,0.0,0.0,6.141960843965433,3.743713052712931,0.7766373199293328,True,converged,0.0,0.0,53.59733037782479,39.35209624376751,14.245234134057277,0.5698093653622911,0.30160776743286544,0.3419520525802011,[],
"FLOWR head prediction, not measured affinity",gradient,0,True,built,1.393700122833252,gradient_b000_final_003,6.252478122711182,6.241044044494629,7.646178245544434,7.656320095062256,3,42,3,deferred_local,True,True,True,True,0.0,O=C(O)c1ccc2c3cnccc3c3nc4ccccc4nc3c2c1,c1ccc2nc3c4ccncc4c4ccccc4c3nc2c1,325.3270000000001,0.3694068544638749,25.0,3.0107994054735694,0.0,4.0,21.0,0.0,0.0,6.045416387939208,3.7805423022085916,4.718795053591785,False,converged,0.0,0.0,151.55409726044263,139.88526787996324,11.668829380479394,0.46675317521917575,0.0914178882594123,0.2056322182887153,[],
"FLOWR head prediction, not measured affinity",gradient,0,True,built,0.6560864448547363,gradient_b000_final_004,7.065974712371826,7.042849540710449,7.7220611572265625,7.724445343017578,4,42,4,deferred_local,True,True,True,True,0.0,O=C(O)c1ccc2c3cnccc3c3c4cccc(Cl)c4[nH]c3c2c1,c1ccc2c(c1)[nH]c1c3ccccc3c3cnccc3c21,346.7730000000001,0.40065193489096657,25.0,2.939792212044925,0.0,4.0,21.0,0.0,0.0,5.995232386066306,3.6766198873764906,3.5934057440391056,False,converged,0.0,0.0,82.31860157339385,69.08872305367755,13.229878519716294,0.5291951407886518,0.1015653445905534,0.1942178718309619,[],
"FLOWR head prediction, not measured affinity",gradient,0,True,built,0.06023693084716797,gradient_b000_final_005,6.269309997558594,6.2574005126953125,6.329546928405762,6.358572006225586,5,42,5,deferred_local,True,True,True,True,0.0,Nc1ccc2c3c1C(=O)c1cc(O)c(O)cc1[C@H]3c1ccccc1O2,O=C1c2ccccc2C2c3ccccc3Oc3cccc1c32,331.32700000000006,0.29818559013262985,25.0,2.9697251556330944,0.0,4.0,21.0,0.0,0.0,6.878500554172575,3.8640296755248884,36.27653011474274,False,converged,0.0,0.0,130.8298779328012,91.86537594786572,38.96450198493548,1.5585800793974192,0.3225578013456649,0.48528504330490824,[],
"FLOWR head prediction, not measured affinity",gradient,0,True,built,1.0642857551574707,gradient_b000_final_006,6.732291221618652,6.710766792297363,7.796576976776123,7.795965194702148,6,42,6,deferred_local,True,True,True,True,0.0,Nc1nccc2c1c1c(c3cc(Cl)c(O)cc32)-c2ccccc2C1=O,O=C1c2ccccc2-c2c1c1cnccc1c1ccccc21,346.773,0.4034875743691817,25.0,3.071592769232277,0.0,5.0,20.0,0.0,0.0,6.181933906325715,3.7720111811910755,0.4457904257814761,True,converged,0.0,0.0,72.89298970287226,62.19453175320657,10.698457949665688,0.4279383179866275,0.10281590895293025,0.12052869599921907,[],
"FLOWR head prediction, not measured affinity",gradient,0,True,built,1.0153388977050781,gradient_b000_final_007,6.940826416015625,6.898130416870117,7.956165313720703,7.950321197509766,7,42,7,deferred_local,True,True,True,True,0.0,O=C(O)c1ccc2c(c1)nc(Nc1cccc(Cl)c1)c1ccncc12,c1ccc(Nc2nc3ccccc3c3cnccc23)cc1,349.77700000000004,0.5155344149379018,25.0,2.926022122267705,0.0,4.0,21.0,0.0,0.0,6.090053472229592,3.7251446178167376,1.6192156129916557,False,converged,0.0,0.0,49.75602621100803,37.5209050868672,12.235121124140825,0.489404844965633,0.2833346582608213,0.31524688627199693,[],
"FLOWR head prediction, not measured affinity",gradient,0,True,built,0.7932729721069336,gradient_b000_final_008,6.816509246826172,6.863193511962891,7.6097822189331055,7.629207611083984,8,42,8,deferred_local,True,True,True,True,0.0,Oc1cc2c3c(c4ccncc4c2cc1O)Cc1cccc(Cl)c1N3,c1ccc2c(c1)Cc1c(c3ccccc3c3cnccc13)N2,348.78900000000016,0.26889843011823966,25.0,3.1984848538018755,0.0,4.0,21.0,0.0,0.0,6.753315036451891,3.9850208761254255,13.386483710815599,False,converged,0.0,0.0,97.45629719383716,74.99818866543555,22.45810852840161,0.8983243411360644,0.14107218294801158,0.13090652258366947,[],
"FLOWR head prediction, not measured affinity",gradient,0,True,built,0.9185528755187988,gradient_b000_final_009,7.055666923522949,7.030577182769775,7.974219799041748,7.974359512329102,9,42,9,deferred_local,True,True,True,True,0.0,O=C(O)c1ccc2c3cnccc3c3nc4ccc(Cl)cc4n3c2c1,c1ccc2c(c1)nc1c3ccncc3c3ccccc3n21,347.7610000000001,0.4519189764159979,25.0,2.8057353456803433,0.0,4.0,21.0,0.0,0.0,6.090533065398174,3.7151887689691785,1.453089777590581,False,converged,0.0,0.0,89.34083974404004,73.77436364586865,15.566476098171393,0.6226590439268557,0.1354848173418657,0.23061011631136186,[],
"FLOWR head prediction, not measured affinity",gradient,0,True,built,0.9646883010864258,gradient_b000_final_010,7.06395149230957,7.014047622680664,8.028639793395996,8.023104667663574,10,42,10,deferred_local,True,True,True,True,0.0,O=C([O-])c1ccc2c(c1)nc(Nc1cccc(Cl)c1)c1ccncc12,c1ccc(Nc2nc3ccccc3c3cnccc23)cc1,348.7690000000001,0.5728034401708366,25.0,2.9036761010829006,0.0,4.0,21.0,0.0,0.0,6.089781955356639,3.710633334769238,1.4066039077463917,False,converged,0.0,0.0,68.38924007744085,57.544330628690545,10.8449094487503,0.433796377950012,0.22983530872743457,0.3646820409580831,[],
"FLOWR head prediction, not measured affinity",gradient,0,True,built,0.9146203994750977,gradient_b000_final_011,6.061572074890137,6.0778656005859375,6.976192474365234,7.023039817810059,11,42,11,deferred_local,True,True,True,True,0.0,O=C1Oc2ccccc2[C@@H]2C1=C1NNC=C1c1ccc(C(=O)O)cc12,O=C1Oc2ccccc2C2C1=C1NNC=C1c1ccccc12,332.3150000000001,0.5478218196594531,25.0,2.8496626958291063,0.0,6.0,19.0,0.0,0.0,5.963459944777973,3.6438249658264774,4.0047028067735075,False,converged,0.0,0.0,149.1529178487322,117.36876665798866,31.78415119074353,1.2713660476297413,0.2353885850725792,0.4120849948725264,[],
"FLOWR head prediction, not measured affinity",gradient,0,True,built,0.9688491821289062,gradient_b000_final_012,6.953395843505859,6.909808158874512,7.922245025634766,7.916996955871582,12,42,12,deferred_local,True,True,True,True,0.0,O=C(O)c1ccc2c(c1)nc(Nc1cccc(Cl)c1)c1ccncc12,c1ccc(Nc2nc3ccccc3c3cnccc23)cc1,349.7770000000001,0.5155344149379016,25.0,2.908407868576896,0.0,4.0,21.0,0.0,0.0,6.059794928898779,3.7040253360484265,2.0599378342329353,False,converged,0.0,0.0,50.041128782480016,37.520905086872155,12.52022369560786,0.5008089478243144,0.28039056568504755,0.3139953327213616,[],
"FLOWR head prediction, not measured affinity",gradient,0,True,built,0.45690345764160156,gradient_b000_final_013,7.073640823364258,7.069310665130615,7.530544281005859,7.539859294891357,13,42,13,deferred_local,True,True,True,True,0.0,O=C([O-])c1cc2c3cc4c(Cl)cccc4nc3c3ccncc3c2s1,c1ccc2nc3c(cc2c1)c1ccsc1c1cnccc13,363.80500000000006,0.3309874945247741,25.0,2.954018764327677,0.0,4.0,21.0,0.0,0.0,6.419557178191845,3.883023454007748,0.9329084648189422,True,converged,0.0,0.0,103.58991720581474,88.45348162753508,15.13643557827966,0.6054574231311863,0.07409189397572008,0.1834259968057138,[],
"FLOWR head prediction, not measured affinity",gradient,0,True,built,0.5855398178100586,gradient_b000_final_014,7.430144309997559,7.385412693023682,8.015684127807617,8.015100479125977,14,42,14,deferred_local,True,True,True,True,0.0,O=C(O)c1ccc2c3cnccc3c3c4cccc(Cl)c4[nH]c3c2c1,c1ccc2c(c1)[nH]c1c3ccccc3c3cnccc3c21,346.77300000000014,0.40065193489096657,25.0,2.978256021566983,0.0,4.0,21.0,0.0,0.0,5.987123314516761,3.7029947691901577,4.675741520808931,False,converged,0.0,0.0,83.76838688630093,70.04753455047029,13.720852335830642,0.5488340934332256,0.1219095143299131,0.24012684037933196,[],
"FLOWR head prediction, not measured affinity",gradient,0,True,built,0.7119097709655762,gradient_b000_final_015,6.801671028137207,6.816782474517822,7.513580799102783,7.466851711273193,15,42,15,deferred_local,True,True,True,True,0.0,O=c1c2ccccc2oc2c3cc(O)c(O)cc3c3cnccc3c12,O=c1c2ccccc2oc2c3ccccc3c3cnccc3c12,329.3110000000001,0.2542188827136751,25.0,2.921160021292912,0.0,4.0,21.0,0.0,0.0,7.184272768014518,4.285136862595787,35.02867067106151,False,converged,0.0,0.0,90.48477769482128,83.54984484874575,6.934932846075526,0.277397313843021,0.08895203742055804,0.10362395231449685,[],
"FLOWR head prediction, not measured affinity",gradient,0,True,built,0.4398155212402344,gradient_b000_final_016,6.729109287261963,6.712155342102051,7.168924808502197,7.168024063110352,16,42,16,deferred_local,True,True,True,True,0.0,O=C(O)CCn1c2c(c3ccncc31)-c1cccc3cccc(c13)N2,c1cc2c3c(cccc3c1)-c1c([nH]c3cnccc13)N2,329.359,0.515069766736461,25.0,3.0095884270112423,0.0,4.0,21.0,0.0,0.0,6.368768309115889,3.8643494107090706,0.33844379786176054,True,converged,0.0,0.0,38.34663891175572,18.990040790803185,19.356598120952533,0.7742639248381014,0.6950015570387433,0.96202158790595,[],
"FLOWR head prediction, not measured affinity",gradient,0,True,built,-0.011751174926757812,gradient_b000_final_017,7.310175895690918,7.286314010620117,7.29842472076416,7.308484077453613,17,42,17,deferred_local,True,True,True,True,0.0,O=C1c2ccc(Br)cc2-c2c1c1cnccc1c1cc(O)c(O)cc21,O=C1c2ccccc2-c2c1c1cnccc1c1ccccc21,392.2080000000001,0.29420355784331653,25.0,3.0975646789050275,0.0,4.0,21.0,0.0,0.0,6.433919298345465,3.9130677496117907,0.8394447531952391,True,converged,0.0,0.0,94.40675788517714,83.25217682232719,11.154581062849957,0.44618324251399827,0.0935085494032534,0.1378806270017439,[],
"FLOWR head prediction, not measured affinity",gradient,0,True,built,0.998957633972168,gradient_b000_final_018,6.865699768066406,6.843868255615234,7.864657402038574,7.859922885894775,18,42,18,deferred_local,True,True,True,True,0.0,O=C(O)c1ccc2c(c1)nc(Oc1cccc(Cl)c1)c1ccncc12,c1ccc(Oc2nc3ccccc3c3cnccc23)cc1,350.7610000000001,0.5304046746194849,25.0,2.9091570256691197,0.0,4.0,21.0,0.0,0.0,6.107762592617973,3.71958279537,1.1384208521999348,False,converged,0.0,0.0,63.55487041629712,49.97394634127026,13.580924075026857,0.5432369630010743,0.6049010780519196,0.7985173092708998,[],
"FLOWR head prediction, not measured affinity",gradient,0,True,built,0.9279146194458008,gradient_b000_final_019,6.656612396240234,6.647870063781738,7.584527015686035,7.57386589050293,19,42,19,deferred_local,True,True,True,True,0.0,NC1=C(C(=O)O)SC2=C3C=NN=C3c3c(oc4ccccc4c3=O)C12,O=c1c2c(oc3ccccc13)C1C=CSC1=C1C=NN=C12,351.34300000000013,0.8103403747379944,25.0,2.960445679285469,0.0,5.0,20.0,0.0,0.0,6.478765678772791,3.901764378214784,2.0654823886203855,False,converged,0.0,0.0,178.45430501085445,120.68342623589983,57.770878774954625,2.310835150998185,0.3435161379069561,0.5294964596389075,[],
"FLOWR head prediction, not measured affinity",gradient,0,True,built,0.7687149047851562,gradient_b000_final_020,6.838443279266357,6.801491737365723,7.607158184051514,7.593853950500488,20,42,20,deferred_local,True,True,True,True,0.0,O=C1C(c2c3ccncc3cc3[nH]c(=O)[nH]c23)=Nc2cccc(Br)c21,O=C1C(c2c3ccncc3cc3[nH]c(=O)[nH]c23)=Nc2ccccc21,393.2000000000001,0.5188418465322404,25.0,2.958279767026777,0.0,4.0,21.0,0.0,0.0,6.524681484580554,3.854682072854237,5.341509811293364,False,converged,0.0,0.0,68.83708222639012,45.357531885509324,23.4795503408808,0.9391820136352319,0.3963596944179912,0.3692006278155807,[],
"FLOWR head prediction, not measured affinity",gradient,0,True,built,0.15708208084106445,gradient_b000_final_021,7.321952819824219,7.301394939422607,7.479034900665283,7.4772820472717285,21,42,21,deferred_local,True,True,True,True,0.0,O=C([O-])c1ccc(-c2cnc3ccc(-c4cccc(Cl)c4)nn23)cc1,c1ccc(-c2ccc3ncc(-c4ccccc4)n3n2)cc1,348.76900000000006,0.570177259754969,25.0,2.9512916545133265,0.0,7.0,18.0,0.0,0.0,6.132235721395981,3.7862272554342877,1.67612519395267,False,converged,0.0,0.0,111.50776829544732,90.84613022530607,20.66163807014125,0.82646552280565,0.28397865644513237,0.44950750599469697,[],
"FLOWR head prediction, not measured affinity",gradient,0,True,built,0.713752269744873,gradient_b000_final_022,6.505654811859131,6.4627766609191895,7.219407081604004,7.221919059753418,22,42,22,deferred_local,True,True,True,True,0.0,Cn1c2ccccc2c2c3ccncc3c3sc(C(N)=O)c(O)c3c21,c1ccc2c(c1)[nH]c1c3ccsc3c3cnccc3c21,347.3990000000001,0.48243248038746456,25.0,2.8873457863581233,0.0,4.0,21.0,0.0,0.0,6.506453055299013,3.9714178060957748,1.6387302034951408,False,converged,0.0,0.0,73.00258327293379,56.03019236498849,16.972390907945304,0.6788956363178121,0.250233441648499,0.2883331074519275,[],
"FLOWR head prediction, not measured affinity",gradient,0,True,built,0.5858097076416016,gradient_b000_final_023,7.420495986938477,7.3838701248168945,8.006305694580078,8.009367942810059,23,42,23,deferred_local,True,True,True,True,0.0,O=C(O)c1ccc2c3cnccc3c3c4cccc(Cl)c4[nH]c3c2c1,c1ccc2c(c1)[nH]c1c3ccccc3c3cnccc3c21,346.77300000000014,0.40065193489096657,25.0,2.9700645329689377,0.0,4.0,21.0,0.0,0.0,5.999329374611792,3.7059500693519243,4.236815102718474,False,converged,0.0,0.0,81.61648437052327,69.08872305451209,12.52776131601118,0.5011104526404472,0.09613898980430578,0.1840753171556286,[],
"FLOWR head prediction, not measured affinity",gradient,0,True,built,0.7742385864257812,gradient_b000_final_024,7.151323318481445,7.111499786376953,7.925561904907227,7.92087459564209,24,42,24,deferred_local,True,True,True,True,0.0,O=C([O-])c1ccc2c(c1)nc(Nc1cccc(Cl)c1)c1ccncc12,c1ccc(Nc2nc3ccccc3c3cnccc23)cc1,348.76900000000006,0.5728034401708367,25.0,2.9285738320896066,0.0,4.0,21.0,0.0,0.0,6.128693161701805,3.7383537120035046,0.9544525512739872,True,converged,0.0,0.0,68.83427356418838,57.54433062896462,11.289942935223756,0.45159771740895027,0.24491220467817462,0.37606889067348304,[],
"FLOWR head prediction, not measured affinity",gradient,0,True,built,0.8258004188537598,gradient_b000_final_025,6.574031352996826,6.559216499328613,7.399831771850586,7.403120040893555,25,42,25,deferred_local,True,True,True,True,0.0,Oc1ccc(-c2nc(-c3cccc(Cl)c3)cc3cnccc23)cc1O,c1ccc(-c2cc3cnccc3c(-c3ccccc3)n2)cc1,348.78900000000004,0.49857046131129984,25.0,2.772527017000916,0.0,5.0,20.0,0.0,0.0,6.150083059382387,3.660797020099377,0.6582999142317038,True,converged,0.0,0.0,85.18366537119749,66.39995691373076,18.78370845746673,0.7513483382986692,0.649086083378609,0.5989598537981319,[],
"FLOWR head prediction, not measured affinity",gradient,0,True,built,0.25435972213745117,gradient_b000_final_026,5.64020299911499,5.60682487487793,5.894562721252441,5.876924514770508,26,42,26,deferred_local,True,True,True,True,0.0,O=C(O)c1cc2c3c(cccc3c1)C1C(=O)c3ccccc3C(=O)C21,O=C1c2ccccc2C(=O)C2c3cccc4cccc(c34)C12,328.323,0.7373900290099414,25.0,3.102654839004814,0.0,3.0,22.0,0.0,0.0,7.876873169944874,6.009932017274634,128.29006481182148,False,converged,0.0,0.0,163.21911821938895,89.18645773784712,74.03266048154182,2.961306419261673,0.3583819013722167,0.3832776953881703,[],
"FLOWR head prediction, not measured affinity",gradient,0,True,built,0.9357995986938477,gradient_b000_final_027,7.089446067810059,7.040949821472168,8.025245666503906,8.019509315490723,27,42,27,deferred_local,True,True,True,True,0.0,O=C([O-])c1ccc2c(c1)nc(Nc1cccc(Cl)c1)c1ccncc12,c1ccc(Nc2nc3ccccc3c3cnccc23)cc1,348.7690000000001,0.5728034401708366,25.0,2.9139818204649126,0.0,4.0,21.0,0.0,0.0,6.102919317357936,3.7213469902136027,1.2614353363203676,False,converged,0.0,0.0,68.47820170104266,57.54433062868429,10.933871072358372,0.43735484289433485,0.23898960777155048,0.3677953273187643,[],
"FLOWR head prediction, not measured affinity",gradient,0,True,built,1.6167755126953125,gradient_b000_final_028,6.199304580688477,6.187381744384766,7.816080093383789,7.82774543762207,28,42,28,deferred_local,True,True,True,True,0.0,O=C(O)c1ccc2c3cnccc3c3nc4ccccc4nc3c2c1,c1ccc2nc3c4ccncc4c4ccccc4c3nc2c1,325.327,0.36940685446387495,25.0,2.977455643666249,0.0,4.0,21.0,0.0,0.0,6.024056255141244,3.7543076984325277,4.744366650113376,False,converged,0.0,0.0,149.6144357617378,138.50102852023264,11.113407241505172,0.44453628966020686,0.0853438914437257,0.15829473909988329,[],
"FLOWR head prediction, not measured affinity",gradient,0,True,built,0.7794027328491211,gradient_b000_final_029,6.910880088806152,6.919789791107178,7.690282821655273,7.6725311279296875,29,42,29,deferred_local,True,True,True,True,0.0,Oc1cc2nc(Nc3cc(Cl)ccc3Cl)c3cnccc3c2cc1O,c1ccc(Nc2nc3ccccc3c3ccncc23)cc1,372.211,0.3311348440772662,25.0,3.0103610065904083,0.0,4.0,21.0,0.0,0.0,6.554661649372072,4.092020516704703,2.0253463374115555,False,converged,0.0,0.0,61.151979672002355,52.64161126874128,8.510368403261076,0.34041473613044304,0.24918108077371126,0.386984921070764,[],
"FLOWR head prediction, not measured affinity",gradient,0,True,built,0.7365832328796387,gradient_b000_final_030,6.5300612449646,6.514260292053223,7.266644477844238,7.262755870819092,30,42,30,deferred_local,True,True,True,True,0.0,CC(=O)c1nc2c3c4cc(Cl)ccc4[nH]c3c3cnccc3n2c1C,c1ccc2c(c1)[nH]c1c3cnccc3n3ccnc3c21,348.79300000000006,0.44718978994676734,25.0,2.9571529787956523,0.0,4.0,21.0,0.0,0.0,6.294838290043049,3.786516867948776,0.24550158755095688,True,converged,0.0,0.0,109.44443669133724,93.38178813759653,16.062648553740715,0.6425059421496286,0.11563288215859983,0.12454631074200882,[],
"FLOWR head prediction, not measured affinity",gradient,0,True,built,0.5310788154602051,gradient_b000_final_031,6.983371257781982,6.989809036254883,7.5144500732421875,7.504846572875977,31,42,31,deferred_local,True,True,True,True,0.0,Oc1cc2c3cnccc3c3nc4cccc(O)c4nc3c2cc1O,c1ccc2nc3c4ccncc4c4ccccc4c3nc2c1,329.31500000000005,0.22797711372992244,25.0,3.202696779278363,0.0,4.0,21.0,0.0,0.0,6.850020739382756,4.0930701785614,14.910860973672929,False,converged,0.0,0.0,143.50320959607342,139.77007654974054,3.733133046332881,0.14932532185331523,0.0692308362742981,0.07890461984583272,[],
"FLOWR head prediction, not measured affinity",gradient,0,True,built,0.10509967803955078,gradient_b000_final_032,6.125535011291504,6.120812892913818,6.230634689331055,6.258943557739258,32,42,32,deferred_local,True,True,True,True,0.0,O=C(O)c1cc2ccc(O)c3c2c(n1)-c1c(Cl)c(Cl)cc(Cl)c1C3=O,O=C1c2ccccc2-c2nccc3cccc1c23,394.59700000000015,0.4523572927407233,25.0,2.833818940934651,0.0,5.0,20.0,0.0,0.0,5.905510637235803,3.697896981021537,8.84358469588178,False,converged,0.0,0.0,120.3649856115685,73.40350105686798,46.96148455470052,1.8784593821880207,2.1124279646372472,1.9491892428702255,[],
"FLOWR head prediction, not measured affinity",gradient,0,True,built,0.2813405990600586,gradient_b000_final_033,6.853056907653809,6.869096755981445,7.134397506713867,7.242401123046875,33,42,33,deferred_local,True,True,True,True,0.0,O=C(O)c1cc2c(-c3nc4cccc(Cl)c4s3)n3ccnc3cc2o1,c1ccc2sc(-c3c4ccoc4cc4nccn34)nc2c1,369.78900000000004,0.48709472185500063,25.0,2.976796728028301,0.0,5.0,20.0,0.0,0.0,6.4333625719533245,3.9114264543265773,0.8465636448830531,True,converged,0.0,0.0,103.05170325198965,49.18949500393296,53.86220824805669,2.1544883299222675,1.6902297110256685,1.4799527321043435,[],
"FLOWR head prediction, not measured affinity",gradient,0,True,built,0.5568981170654297,gradient_b000_final_034,7.529122352600098,7.488555431365967,8.086020469665527,7.996446132659912,34,42,34,deferred_local,True,True,True,True,0.0,O=C([O-])c1ccc2c3cnccc3c3c4cccc(Cl)c4[nH]c3c2c1,c1ccc2c(c1)[nH]c1c3ccccc3c3cnccc3c21,345.765,0.46607409333577443,25.0,2.9675469280198414,0.0,4.0,21.0,0.0,0.0,5.996135922081805,3.6962303998013413,4.082929743204049,False,converged,0.0,0.0,92.11379183426061,81.40511398302581,10.708677851234796,0.42834711404939185,0.10685474192308238,0.14797088487982069,[],
"FLOWR head prediction, not measured affinity",gradient,0,True,built,0.2710905075073242,gradient_b000_final_035,6.735842704772949,6.732470989227295,7.006933212280273,6.998110771179199,35,42,35,deferred_local,True,True,True,True,0.0,O=C(O)c1ccc2c3c(O)ccc4c3n(c2c1)-c1cc(Cl)ccc1O4,c1ccc2c(c1)Oc1cccc3c4ccccc4n-2c13,351.7450000000001,0.4481229406566959,25.0,2.988950178574411,0.0,4.0,21.0,0.0,0.0,6.618990773227824,3.8476511688151653,11.458275384599109,False,converged,0.0,0.0,82.19928866143414,67.59428593806618,14.60500272336796,0.5842001089347184,0.05010447298019551,0.21686158048286355,[],
"FLOWR head prediction, not measured affinity",gradient,0,True,built,0.7600750923156738,gradient_b000_final_036,6.883164405822754,6.85672664642334,7.643239498138428,7.650204658508301,36,42,36,deferred_local,True,True,True,True,0.0,O=C(O)c1ccc2c3cnccc3n3c4cccc(Cl)c4nc3c2c1,c1ccc2c(c1)nc1c3ccccc3c3cnccc3n21,347.7610000000001,0.4519189764159978,25.0,2.992171900142102,0.0,4.0,21.0,0.0,0.0,6.013507030323439,3.7596005151113587,5.449068413669241,False,converged,0.0,0.0,109.2668545673969,95.51362902247148,13.753225544925428,0.5501290217970172,0.16455243431579578,0.15047161343905666,[],
"FLOWR head prediction, not measured affinity",gradient,0,True,built,1.7744898796081543,gradient_b000_final_037,6.034693241119385,6.034122467041016,7.809183120727539,7.805618762969971,37,42,37,deferred_local,True,True,True,True,0.0,Cn1c2ccccc2c2c3cc(C(=O)O)ccc3c3cnccc3c21,c1ccc2c(c1)[nH]c1c3ccncc3c3ccccc3c21,326.355,0.453032412591413,25.0,2.9325246205275066,0.0,4.0,21.0,0.0,0.0,5.929733983676018,3.6978274716720683,7.395609185301645,False,converged,0.0,0.0,99.29542798832632,84.7531163947429,14.54231159358342,0.5816924637433368,0.2159983017161462,0.21270615467201784,[],
"FLOWR head prediction, not measured affinity",gradient,0,True,built,0.8652448654174805,gradient_b000_final_038,6.086968898773193,6.074729919433594,6.952213764190674,6.974203109741211,38,42,38,deferred_local,True,True,True,True,0.0,O=C(O)C(=O)Nc1c2ccncc2cc2c1oc(=O)c1ccccc12,O=c1oc2cc3ccncc3cc2c2ccccc12,334.28700000000003,0.23950032111797345,25.0,3.0624989828569746,0.0,3.0,22.0,0.0,0.0,6.667546711203438,3.9854859116827526,7.645085993045434,False,converged,0.0,0.0,143.5843286440938,128.76545315128772,14.818875492806086,0.5927550197122434,0.2023830789623545,0.2095301472501513,[],
"FLOWR head prediction, not measured affinity",gradient,0,True,built,0.9968934059143066,gradient_b000_final_039,6.6878461837768555,6.656109809875488,7.684739589691162,7.68507194519043,39,42,39,deferred_local,True,True,True,True,0.0,O=C(O)c1ccc2c3cnccc3c3nc4ccc(Cl)cc4n3c2c1,c1ccc2c(c1)nc1c3ccncc3c3ccccc3n21,347.7610000000002,0.4519189764159978,25.0,2.8094736108388694,0.0,4.0,21.0,0.0,0.0,6.0218188312162635,3.69202754234073,3.002357145754403,False,converged,0.0,0.0,89.15637533734187,74.72819553669274,14.428179800649133,0.5771271920259653,0.14766775535122453,0.22525262421014342,[],
"FLOWR head prediction, not measured affinity",gradient,0,True,built,1.5975894927978516,gradient_b000_final_040,6.273588180541992,6.259406089782715,7.871177673339844,7.881067276000977,40,42,40,deferred_local,True,True,True,True,0.0,O=C(O)c1ccc2c3cnccc3c3nc4ccccc4nc3c2c1,c1ccc2nc3c4ccncc4c4ccccc4c3nc2c1,325.3270000000001,0.3694068544638749,25.0,3.0096423923782036,0.0,4.0,21.0,0.0,0.0,6.062104056533885,3.781185174776467,3.9980532011310213,False,converged,0.0,0.0,151.70038927136784,139.88526787893446,11.815121392433383,0.47260485569733535,0.09033318871408309,0.21196226903987933,[],
"FLOWR head prediction, not measured affinity",gradient,0,True,built,0.3891611099243164,gradient_b000_final_041,7.2460222244262695,7.243124961853027,7.635183334350586,7.63539981842041,41,42,41,deferred_local,True,True,True,True,0.0,O=C(O)c1cc2c3cc4c(Cl)cccc4nc3c3ccncc3c2s1,c1ccc2nc3c(cc2c1)c1ccsc1c1cnccc13,364.8130000000001,0.3147639843729008,25.0,2.9475665030665583,0.0,4.0,21.0,0.0,0.0,6.438777078465064,3.875678178778718,1.4888502850813252,False,converged,0.0,0.0,76.31454814507255,62.32928613996967,13.985262005102882,0.5594104802041153,0.08385901472651565,0.17633602223597536,[],
"FLOWR head prediction, not measured affinity",gradient,0,True,built,1.3227028846740723,gradient_b000_final_042,6.577584743499756,6.555354595184326,7.900287628173828,7.9094953536987305,42,42,42,deferred_local,True,True,True,True,0.0,O=C(O)c1ccc2c3cnccc3c3nc4ccccc4nc3c2c1,c1ccc2nc3c4ccncc4c4ccccc4c3nc2c1,325.32700000000006,0.3694068544638749,25.0,2.9916523293992547,0.0,4.0,21.0,0.0,0.0,6.066812384775447,3.7696897260332136,3.4296419330726655,False,converged,0.0,0.0,148.98660830947193,138.50102851982024,10.485579789651695,0.4194231915860678,0.09344337113017565,0.16764880839829038,[],
"FLOWR head prediction, not measured affinity",gradient,0,True,built,1.5565881729125977,gradient_b000_final_043,6.229079246520996,6.2295026779174805,7.785667419433594,7.795591354370117,43,42,43,deferred_local,True,True,True,True,0.0,NC(=O)c1ccc2c(c1)c1c3ccccc3oc1c1ccnc(N)c21,c1ccc2c(c1)oc1c3ccncc3c3ccccc3c21,327.34300000000013,0.4553775312542174,25.0,2.869618553048471,0.0,5.0,20.0,0.0,0.0,5.9888295813124754,3.7139007844580685,4.958972160880544,False,converged,0.0,0.0,43.711080492309534,24.95381561797673,18.757264874332805,0.7502905949733122,0.22270898289386076,0.1628537608471293,[],
"FLOWR head prediction, not measured affinity",gradient,0,True,built,0.767758846282959,gradient_b000_final_044,6.9263529777526855,6.912668704986572,7.6941118240356445,7.6768903732299805,44,42,44,deferred_local,True,True,True,True,0.0,O=C(O)c1ccc2c(c1)c1cc3c(Cl)cccc3nc1c1cn[nH]c21,c1ccc2nc3c(cc2c1)c1ccccc1c1[nH]ncc31,347.7610000000001,0.3379760857293359,25.0,2.8529813073344883,0.0,5.0,20.0,0.0,0.0,6.025588465693521,3.6442633498394006,2.0661010222179588,False,converged,0.0,0.0,98.55639001862089,82.90006552588355,15.65632449273734,0.6262529797094936,0.06693121513480711,0.2528853701643271,[],
"FLOWR head prediction, not measured affinity",gradient,0,True,built,-0.10576391220092773,gradient_b000_final_045,7.48209285736084,7.464291095733643,7.376328945159912,7.359158039093018,45,42,45,deferred_local,True,True,True,True,0.0,Oc1cc2c3ccncc3c3nc4cccc(Cl)c4nc3c2cc1O,c1ccc2nc3c4cnccc4c4ccccc4c3nc2c1,347.76100000000014,0.24393180230836417,25.0,3.0619992243630683,0.0,4.0,21.0,0.0,0.0,6.467404685955808,4.049530942727865,1.2994619961564502,False,converged,0.0,0.0,137.08797983455486,130.59451063786932,6.493469196685538,0.2597387678674215,0.08298742421559152,0.10202980545727262,[],
"FLOWR head prediction, not measured affinity",gradient,0,True,built,0.6557064056396484,gradient_b000_final_046,6.640477180480957,6.625072002410889,7.2961835861206055,7.284749984741211,46,42,46,deferred_local,True,True,True,True,0.0,O=C(O)c1ccc2c(c1)c1cc3c(Cl)cccc3cc1c1cncn21,c1ccc2cc3c(cc2c1)c1ccccc1n1cncc31,346.7730000000001,0.3373039676325226,25.0,2.8848590762808497,0.0,5.0,20.0,0.0,0.0,5.910097517755153,3.5989058978781325,5.062408559281249,False,converged,0.0,0.0,96.7171633715991,83.09820104762477,13.61896232397433,0.5447584929589732,0.04739844856559416,0.2317897860146554,[],
"FLOWR head prediction, not measured affinity",gradient,0,True,built,0.8848061561584473,gradient_b000_final_047,7.0034379959106445,6.962449073791504,7.888244152069092,7.878953456878662,47,42,47,deferred_local,True,True,True,True,0.0,O=C(O)c1ccc2c(c1)nc(Nc1cccc(Cl)c1)c1ccncc12,c1ccc(Nc2nc3ccccc3c3cnccc23)cc1,349.77700000000004,0.5155344149379018,25.0,2.918092661311495,0.0,4.0,21.0,0.0,0.0,6.097864521357346,3.7219272612232324,1.3815493576480617,False,converged,0.0,0.0,40.11095698965203,27.975169367687233,12.135787621964798,0.48543150487859194,0.22432558899002852,0.3464573551562175,[],
"FLOWR head prediction, not measured affinity",gradient,0,True,built,0.5310907363891602,gradient_b000_final_048,6.756513595581055,6.732290744781494,7.287604331970215,7.2864274978637695,48,42,48,deferred_local,True,True,True,True,0.0,O=C(O)c1cc2c(-c3ccc4ccccc4c3)n3ccncc3c2s1,c1ccc2cc(-c3c4ccsc4c4cnccn34)ccc2c1,344.3950000000001,0.48643443470234793,25.0,2.9258728082403045,0.0,4.0,21.0,0.0,0.0,6.267274712208144,3.7653070494420904,0.21140622022049027,True,converged,0.0,0.0,76.2498562119066,43.583503207606945,32.66635300429966,1.3066541201719863,0.6915902241384091,0.6051543429989705,[],
"FLOWR head prediction, not measured affinity",gradient,0,True,built,0.9701457023620605,gradient_b000_final_049,6.575960159301758,6.589325428009033,7.546105861663818,7.5082688331604,49,42,49,deferred_local,True,True,True,True,0.0,O=C(O)c1cc2n(n1)C(c1ccc3ccccc3c1)=C1C=CN=CC12,C1=CC2=C(c3ccc4ccccc4c3)n3nccc3C2C=N1,327.343,0.780354204051141,25.0,2.9415380619669036,0.0,4.0,21.0,0.0,0.0,6.295558831287988,3.7828861182573443,0.29189132976549065,True,converged,0.0,0.0,182.35109378973868,119.09106306112926,63.26003072860942,2.5304012291443767,0.4616370350733052,0.5627051538927706,[],
"FLOWR head prediction, not measured affinity",gradient,1,True,built,0.3865675926208496,gradient_b001_final_000,6.917621612548828,6.899992942810059,7.304189205169678,7.294198989868164,0,100045,0,deferred_local,True,True,True,True,0.0,Nc1nccc2c1C(=Nc1cccc(Cl)c1)N=C1C=C(Cl)C(=O)C=C12,O=C1C=CC2=NC(=Nc3ccccc3)c3cnccc3C2=C1,369.2110000000001,0.7735043940945795,25.0,2.984851343032016,0.0,5.0,20.0,0.0,0.0,6.426518338956374,3.9537903107471903,0.5498891345673681,True,converged,0.0,0.0,34.967977038960015,8.546036111051592,26.421940927908423,1.0568776371163369,0.46807563153896836,0.8480934045796469,[],
"FLOWR head prediction, not measured affinity",gradient,1,True,built,1.591367244720459,gradient_b001_final_001,6.2689032554626465,6.255570411682129,7.8602705001831055,7.87159538269043,1,100045,1,deferred_local,True,True,True,True,0.0,O=C(O)c1ccc2c3cnccc3c3nc4ccccc4nc3c2c1,c1ccc2nc3c4ccncc4c4ccccc4c3nc2c1,325.3270000000001,0.3694068544638749,25.0,2.9967772840169484,0.0,4.0,21.0,0.0,0.0,6.051549586574219,3.7714047965874675,4.1158479287846355,False,converged,0.0,0.0,139.1693990329807,129.04565851825078,10.123740514729917,0.4049496205891967,0.07634444141712479,0.11103232753226248,[],
"FLOWR head prediction, not measured affinity",gradient,1,True,built,1.2082180976867676,gradient_b001_final_002,6.383374214172363,6.3658447265625,7.591592311859131,7.598735809326172,2,100045,2,deferred_local,True,True,True,True,0.0,O=C(O)c1ccc2c3cnccc3n(-c3cc4ccccc4o3)c2c1,c1ccc2oc(-n3c4ccccc4c4cnccc43)cc2c1,328.3270000000001,0.5130990605892486,25.0,2.941737206141976,0.0,5.0,20.0,0.0,0.0,6.035332631666323,3.714819247511756,3.074558230916658,False,converged,0.0,0.0,95.33090808412726,82.71435478044353,12.61655330368373,0.5046621321473492,0.08855252509580795,0.3456267761308188,[],
"FLOWR head prediction, not measured affinity",gradient,1,True,built,0.6033411026000977,gradient_b001_final_003,6.083315849304199,6.08314847946167,6.686656951904297,6.605447769165039,3,100045,3,deferred_local,True,True,True,True,0.0,O=C(O)c1ccc2[nH]c(=O)c3ccc(-c4cccc(Br)c4)cc3c2c1,O=c1[nH]c2ccccc2c2cc(-c3ccccc3)ccc12,394.224,0.47970720827318547,25.0,2.881559870972665,0.0,3.0,22.0,0.0,0.0,5.907764844934863,3.693766119027386,8.512900192290902,False,converged,0.0,0.0,72.77796278826554,54.06364561135915,18.71431717690639,0.7485726870762557,0.4002029689656349,0.5516648882355175,[],
"FLOWR head prediction, not measured affinity",gradient,1,False,decoder_returned_none,0.9234776496887207,gradient_b001_final_004,6.200569152832031,6.191188812255859,7.124046802520752,7.0691118240356445,4,100045,4,deferred_local,False,False,False,,,,,,,,,,,,,,,,,,,,,,,,,,,,"AtomValenceException: Explicit valence for atom # 5 C, 5, is greater than permitted"
"FLOWR head prediction, not measured affinity",gradient,1,True,built,1.3905954360961914,gradient_b001_final_005,6.251992225646973,6.238528251647949,7.642587661743164,7.64896821975708,5,100045,5,deferred_local,True,True,True,True,0.0,O=C(O)c1ccc2c3cnccc3c3nc4ccccc4nc3c2c1,c1ccc2nc3c4ccncc4c4ccccc4c3nc2c1,325.32700000000006,0.36940685446387495,25.0,3.0077002277487717,0.0,4.0,21.0,0.0,0.0,6.041225218963492,3.774538179250334,4.689295659339598,False,converged,0.0,0.0,151.48990017541132,139.88526787791696,11.604632297494362,0.4641852918997745,0.08858261348965663,0.2051675527159385,[],
"FLOWR head prediction, not measured affinity",gradient,1,False,decoder_returned_none,1.0395641326904297,gradient_b001_final_006,7.406951904296875,7.364170074462891,8.446516036987305,8.43918514251709,6,100045,6,deferred_local,False,False,False,,,,,,,,,,,,,,,,,,,,,,,,,,,,"AtomValenceException: Explicit valence for atom # 16 O, 3, is greater than permitted"
"FLOWR head prediction, not measured affinity",gradient,1,True,built,1.147815227508545,gradient_b001_final_007,6.491837024688721,6.489742279052734,7.639652252197266,7.617300510406494,7,100045,7,deferred_local,True,True,True,True,0.0,O=C(O)C1=CC2C=CN=CC3=C2C(=C1)c1c3ccc2ccc(Cl)cc12,C1=CC2C=CN=CC3=C2C(=C1)c1c3ccc2ccccc12,345.7850000000001,0.8001400841559785,25.0,3.103542134400628,0.0,4.0,21.0,0.0,0.0,6.226606674495305,3.7825374279835926,0.09508593586529164,True,converged,0.0,0.0,119.87734268275759,66.22805817003271,53.649284512724876,2.145971380508995,0.3286029974136681,0.3063689923783687,[],
"FLOWR head prediction, not measured affinity",gradient,1,True,built,0.7465529441833496,gradient_b001_final_008,6.635740280151367,6.622637748718262,7.382293224334717,7.382433891296387,8,100045,8,deferred_local,True,True,True,True,0.0,Oc1cc2c(cc1O)[C@H](c1nc3c(Cl)cccc3[nH]1)c1ccncc1-2,c1ccc2c(c1)-c1cnccc1C2c1nc2ccccc2[nH]1,349.7770000000001,0.39634825949692826,25.0,2.9980438522476622,0.0,4.0,21.0,0.0,0.0,6.52004463429978,3.8456124705952957,5.483410210875829,False,converged,0.0,0.0,158.74807477888336,95.21804655623806,63.5300282226453,2.541201128905812,1.4994395754934908,1.1987998819456627,[],
"FLOWR head prediction, not measured affinity",gradient,1,True,built,0.12934398651123047,gradient_b001_final_009,6.7509307861328125,6.721962928771973,6.880274772644043,6.878251075744629,9,100045,9,deferred_local,True,True,True,True,0.0,O=c1c2ccccc2oc2c3cc(O)c(O)cc3c3ccccc3c12,O=c1c2ccccc2oc2c3ccccc3c3ccccc3c12,328.3230000000001,0.24623941964529972,25.0,3.070254339627261,0.0,4.0,21.0,0.0,0.0,8.770074868799608,6.8401544768460845,228.8919606291234,False,converged,0.0,0.0,93.26544343657933,88.27388772878311,4.991555707796223,0.19966222831184893,0.08924788772817516,0.11414061061518309,[],
"FLOWR head prediction, not measured affinity",gradient,1,True,built,0.4652400016784668,gradient_b001_final_010,6.9984259605407715,6.945744514465332,7.463665962219238,7.422601699829102,10,100045,10,deferred_local,True,True,True,True,0.0,O=C(O)[C@H]1C=C2C(=C(c3cc4cccc(Cl)c4[nH]3)c3ccncc32)N1,C1=C2C(=C(c3cc4ccccc4[nH]3)c3ccncc32)NC1,349.77700000000004,0.6620522606446185,25.0,2.8735229336130237,0.0,4.0,21.0,0.0,0.0,6.335900032718412,3.726014075651687,2.3546781603351956,False,converged,0.0,0.0,164.30279879121014,107.08019623407606,57.22260255713408,2.2889041022853633,0.6204993897773523,0.7539479755126954,[],
"FLOWR head prediction, not measured affinity",gradient,1,True,built,0.8985466957092285,gradient_b001_final_011,7.06614875793457,7.0213141441345215,7.964695453643799,7.9583964347839355,11,100045,11,deferred_local,True,True,True,True,0.0,O=C(O)c1ccc2c(c1)nc(Nc1cccc(Cl)c1)c1ccncc12,c1ccc(Nc2nc3ccccc3c3cnccc23)cc1,349.77700000000004,0.5155344149379018,25.0,2.9180960779247833,0.0,4.0,21.0,0.0,0.0,6.11344237862971,3.726866342480047,1.1128905596983278,False,converged,0.0,0.0,53.0736217286159,39.352096243805555,13.721525484810343,0.5488610193924137,0.30409160451769013,0.34371398299223327,[],
"FLOWR head prediction, not measured affinity",gradient,1,True,built,0.7739577293395996,gradient_b001_final_012,5.597967624664307,5.6169281005859375,6.371925354003906,6.356075763702393,12,100045,12,deferred_local,True,True,True,True,0.0,O=c1c2ccc(O)cc2oc2c3cc(O)ccc3c3cnccc3c12,O=c1c2ccccc2oc2c3ccccc3c3cnccc3c12,329.31100000000004,0.3305510591070517,25.0,3.0396288358942765,0.0,4.0,21.0,0.0,0.0,6.390447470521588,3.8737475414709546,0.5411799895823559,True,converged,0.0,0.0,79.48783742461573,74.03876743337995,5.449069991235788,0.21796279964943152,0.08744562879903811,0.06741718278014133,[],
"FLOWR head prediction, not measured affinity",gradient,1,True,built,0.809746265411377,gradient_b001_final_013,7.043552398681641,7.0031023025512695,7.853298664093018,7.849382400512695,13,100045,13,deferred_local,True,True,True,True,0.0,O=C([O-])c1ccc2c(c1)nc(Nc1cccc(Cl)c1)c1ccncc12,c1ccc(Nc2nc3ccccc3c3cnccc23)cc1,348.7690000000001,0.5728034401708366,25.0,2.9243245134560563,0.0,4.0,21.0,0.0,0.0,6.081862552943863,3.721155376225998,1.7626221505804776,False,converged,0.0,0.0,68.89311865100404,57.54433062880766,11.348788022196388,0.4539515208878555,0.23980380691939476,0.37186841641219054,[],
"FLOWR head prediction, not measured affinity",gradient,1,True,built,0.8403797149658203,gradient_b001_final_014,6.492220878601074,6.486996650695801,7.3326005935668945,7.335555076599121,14,100045,14,deferred_local,True,True,True,True,0.0,CC(=O)c1cccc(-n2c3ccncc3c3ccc(C(=O)O)cc32)c1,c1ccc(-n2c3ccccc3c3cnccc32)cc1,330.3430000000001,0.5745464882980259,25.0,2.959700900428961,0.0,5.0,20.0,0.0,0.0,5.990452369048336,3.7048508838069982,4.587133325078503,False,converged,0.0,0.0,130.27262227249255,105.60253046005862,24.670091812433938,0.9868036724973576,0.38849225046768726,0.5244074525184532,[],
"FLOWR head prediction, not measured affinity",gradient,1,True,built,0.2591400146484375,gradient_b001_final_015,7.055858612060547,7.031445503234863,7.314998626708984,7.301307201385498,15,100045,15,deferred_local,True,True,True,True,0.0,Oc1cc2c3ccncc3c3nc4cccc(O)c4nc3c2cc1O,c1ccc2nc3c4cnccc4c4ccccc4c3nc2c1,329.31500000000005,0.2279771137299225,25.0,3.112732821814299,0.0,4.0,21.0,0.0,0.0,6.5279413274528215,4.047600369073995,1.5983466084821998,False,converged,0.0,0.0,145.5668391835752,141.28185579759358,4.284983385981633,0.1713993354392653,0.0819247577866425,0.07072516446905087,[],
"FLOWR head prediction, not measured affinity",gradient,1,True,built,0.8693699836730957,gradient_b001_final_016,7.022564888000488,6.985372543334961,7.891934871673584,7.884965896606445,16,100045,16,deferred_local,True,True,True,True,0.0,O=C([O-])c1ccc2c(c1)nc(Nc1cccc(Cl)c1)c1ccncc12,c1ccc(Nc2nc3ccccc3c3cnccc23)cc1,348.76900000000006,0.5728034401708367,25.0,2.913051645611523,0.0,4.0,21.0,0.0,0.0,6.0848411554750435,3.7148658359088342,1.5837536137493753,False,converged,0.0,0.0,68.43239415864343,57.54433062869876,10.888063529944674,0.43552254119778694,0.23606827503153285,0.36321514441075564,[],
"FLOWR head prediction, not measured affinity",gradient,1,True,built,0.6471633911132812,gradient_b001_final_017,6.10711669921875,6.133862495422363,6.754280090332031,6.7421956062316895,17,100045,17,deferred_local,True,True,True,True,0.0,O=c1ccc(-c2cnn3ccc(Nc4ccc(F)cc4)nc23)cn1O,O=c1ccc(-c2cnn3ccc(Nc4ccccc4)nc23)c[nH]1,337.314,0.5615947627447004,25.0,3.174866474357623,0.0,5.0,20.0,0.0,0.0,6.704553008841662,4.08997833192815,6.128458273580721,False,converged,0.0,0.0,95.5481330565865,71.05240119527735,24.49573186130914,0.9798292744523656,0.16492017532441305,0.5021473860493864,[],
"FLOWR head prediction, not measured affinity",gradient,1,True,built,1.197192668914795,gradient_b001_final_018,6.148953914642334,6.14212703704834,7.346146583557129,7.3138628005981445,18,100045,18,deferred_local,True,True,True,True,0.0,O=C(O)c1ccc2c(c1)C1C(=C3C=NN=C32)Oc2ccccc2C1O,C1=NN=C2C1=C1Oc3ccccc3CC1c1ccccc12,332.31500000000005,0.8396539667804376,25.0,2.9125572200387766,0.0,5.0,20.0,0.0,0.0,6.061098321345641,3.7224508131224736,2.387494562525534,False,converged,0.0,0.0,206.33252476592622,102.68018970945543,103.65233505647079,4.146093402258831,0.9152916000181713,0.6690838552239431,[],
"FLOWR head prediction, not measured affinity",gradient,1,True,built,0.9433822631835938,gradient_b001_final_019,7.006207466125488,6.967709541320801,7.949589729309082,7.951208114624023,19,100045,19,deferred_local,True,True,True,True,0.0,O=C(O)c1ccc2c3cnccc3c3nc4ccc(Cl)cc4n3c2c1,c1ccc2c(c1)nc1c3ccncc3c3ccccc3n21,347.76100000000014,0.4519189764159978,25.0,2.799347452532463,0.0,4.0,21.0,0.0,0.0,6.038322411403714,3.6913040635479892,2.450753739480309,False,converged,0.0,0.0,89.53052445571527,74.72819553678384,14.802328918931423,0.5920931567572569,0.15835853705110706,0.2303490877239556,[],
"FLOWR head prediction, not measured affinity",gradient,1,True,built,0.5592412948608398,gradient_b001_final_020,6.9529876708984375,6.957001209259033,7.512228965759277,7.513312339782715,20,100045,20,deferred_local,True,True,True,True,0.0,O=C(O)c1cn2c3cnccc3c3cc4cccc(Cl)c4cc3c2n1,c1ccc2cc3c(cc2c1)c1ccncc1n1ccnc31,347.76100000000014,0.3568475664598474,25.0,3.0779709728975675,0.0,4.0,21.0,0.0,0.0,6.560714957796556,3.923284910720122,4.51571854860385,False,converged,0.0,0.0,109.066745163818,94.74150037101292,14.32524479280508,0.5730097917122032,0.16271285494916102,0.14513092755426954,[],
"FLOWR head prediction, not measured affinity",gradient,1,True,built,0.2991666793823242,gradient_b001_final_021,7.018149375915527,7.0183000564575195,7.317316055297852,7.291885852813721,21,100045,21,deferred_local,True,True,True,True,0.0,O=C(O)c1cc2c3cc4c(Cl)cccc4nc3c3ccncc3c2s1,c1ccc2nc3c(cc2c1)c1ccsc1c1cnccc13,364.81300000000005,0.3147639843729008,25.0,2.964384236228495,0.0,4.0,21.0,0.0,0.0,6.419535890447907,3.886770654565379,0.8824504017841859,True,converged,0.0,0.0,71.34947749582375,56.154295890056574,15.195181605767175,0.607807264230687,1.0340468517979355,1.36158907619695,[],
"FLOWR head prediction, not measured affinity",gradient,1,True,built,0.8766183853149414,gradient_b001_final_022,6.126432418823242,6.153850078582764,7.003050804138184,7.047219276428223,22,100045,22,deferred_local,True,True,True,True,0.0,Oc1ccc2c(c1)Oc1cncc3nc4n(c13)[C@H]2Oc1ccccc1-4,c1ccc2c(c1)OC1c3ccccc3Oc3cncc4nc-2n1c34,329.3150000000001,0.5305367761902328,25.0,2.98726331112609,0.0,4.0,21.0,0.0,0.0,6.373042057873596,3.8619467900120052,0.4118648966290682,True,converged,0.0,0.0,108.52244523876314,96.15782205966552,12.36462317909762,0.4945849271639048,0.27944669381452486,0.30037035869874285,[],
"FLOWR head prediction, not measured affinity",gradient,1,False,decoder_returned_none,0.9805927276611328,gradient_b001_final_023,5.93410587310791,5.904277324676514,6.914698600769043,6.912065505981445,23,100045,23,deferred_local,False,False,False,,,,,,,,,,,,,,,,,,,,,,,,,,,,"AtomValenceException: Explicit valence for atom # 13 C, 5, is greater than permitted"
"FLOWR head prediction, not measured affinity",gradient,1,True,built,1.3520126342773438,gradient_b001_final_024,6.080611228942871,6.091489791870117,7.432623863220215,7.445283889770508,24,100045,24,deferred_local,True,True,True,True,0.0,O=C(O)c1ccc2c(c1)C(=C1N=Nc3ccccc31)c1ccncc1-2,c1ccc2c(c1)N=NC2=C1c2ccccc2-c2cnccc21,325.32700000000006,0.5473007298054375,25.0,3.0215196855225033,0.0,4.0,21.0,0.0,0.0,6.025585043417782,3.7504653368361383,4.538512626491908,False,converged,0.0,0.0,140.22822041881005,114.08330091886677,26.144919499943285,1.0457967799977315,0.18096119545045058,0.25523156040131945,[],
"FLOWR head prediction, not measured affinity",gradient,1,True,built,0.23128986358642578,gradient_b001_final_025,6.856334686279297,6.8280839920043945,7.087624549865723,7.069832801818848,25,100045,25,deferred_local,True,True,True,True,0.0,Clc1cccc(Nc2nc3c4c[nH]nc4ccc3c3cnccc23)c1,c1ccc(Nc2nc3c4c[nH]nc4ccc3c3cnccc23)cc1,345.79300000000006,0.4389253670211771,25.0,2.968572655334547,0.0,4.0,21.0,0.0,0.0,6.2319090887288455,3.789907323968204,0.08675205962427533,True,converged,0.0,0.0,70.68613435015439,57.75123677339439,12.934897576760001,0.5173959030704001,0.21329457142455452,0.3333916631257287,[],
"FLOWR head prediction, not measured affinity",gradient,1,False,decoder_returned_none,0.9335923194885254,gradient_b001_final_026,5.76139497756958,5.6737213134765625,6.6949872970581055,6.63846492767334,26,100045,26,deferred_local,False,False,False,,,,,,,,,,,,,,,,,,,,,,,,,,,,"AtomValenceException: Explicit valence for atom # 10 C, 5, is greater than permitted"
"FLOWR head prediction, not measured affinity",gradient,1,True,built,0.7610163688659668,gradient_b001_final_027,6.831613540649414,6.809553623199463,7.592629909515381,7.603841781616211,27,100045,27,deferred_local,True,True,True,True,0.0,Oc1cc2c(cc1Cl)[C@H](c1nc3cccc(Cl)c3[nH]1)c1ccncc1-2,c1ccc2c(c1)-c1cnccc1C2c1nc2ccccc2[nH]1,368.2230000000001,0.43117076203628735,25.0,2.97912004625527,0.0,4.0,21.0,0.0,0.0,6.489513268886065,3.7717607630856116,7.285550055266601,False,converged,0.0,0.0,144.03078413152485,72.25916412834167,71.77162000318319,2.8708648001273276,1.6031686015444162,1.4074140504043573,[],
"FLOWR head prediction, not measured affinity",gradient,1,True,built,1.602424144744873,gradient_b001_final_028,6.25871467590332,6.235580921173096,7.861138820648193,7.883272171020508,28,100045,28,deferred_local,True,True,True,True,0.0,O=C(O)c1ccc2c3cnccc3c3nc4ccccc4nc3c2c1,c1ccc2nc3c4ccncc4c4ccccc4c3nc2c1,325.3270000000001,0.3694068544638749,25.0,2.9832740571392344,0.0,4.0,21.0,0.0,0.0,6.037647399776906,3.7569250230426823,4.225654078440403,False,converged,0.0,0.0,151.88615365813644,139.88526788286887,12.000885775267562,0.4800354310107025,0.08999225593153205,0.20334673077125343,[],
"FLOWR head prediction, not measured affinity",gradient,1,True,built,0.3369755744934082,gradient_b001_final_029,6.954263687133789,6.864699363708496,7.291239261627197,7.228339195251465,29,100045,29,deferred_local,True,True,True,True,0.0,Nc1cccc2c1c1cc(O)c(O)cc1c1nc3c(Cl)cccc3n21,c1ccc2c(c1)nc1c3ccccc3c3ccccc3n21,349.77700000000004,0.21908611264753614,25.0,3.0269339619489566,0.0,5.0,20.0,0.0,0.0,8.388314336077341,5.174081835471584,150.53277575430548,False,converged,0.0,0.0,117.46054369533638,104.45426066435981,13.006283030976576,0.520251321239063,0.19579856057055667,0.2895062361069586,[],
"FLOWR head prediction, not measured affinity",gradient,1,True,built,1.1286234855651855,gradient_b001_final_030,6.172625541687012,6.172946453094482,7.301249027252197,7.282113075256348,30,100045,30,deferred_local,True,True,True,True,0.0,O=C(O)c1ccc2c(c1)c1c3cc(Cl)ccc3ccc1c1cnoc12,c1ccc2c(c1)ccc1c3cnoc3c3ccccc3c21,347.75700000000006,0.3984881727386026,25.0,2.864479970256382,0.0,5.0,20.0,0.0,0.0,5.869950525307641,3.561496693949089,5.870016371002906,False,converged,0.0,0.0,89.81791307842695,75.4448488532899,14.373064225137057,0.5749225690054822,0.07947991687346745,0.19276072088367316,[],
"FLOWR head prediction, not measured affinity",gradient,1,True,built,1.420313835144043,gradient_b001_final_031,6.242792129516602,6.229219436645508,7.6631059646606445,7.669619560241699,31,100045,31,deferred_local,True,True,True,True,0.0,O=C(O)c1ccc2c3cnccc3c3nc4ccccc4nc3c2c1,c1ccc2nc3c4ccncc4c4ccccc4c3nc2c1,325.32700000000006,0.3694068544638749,25.0,2.98492779309651,0.0,4.0,21.0,0.0,0.0,6.035226385093182,3.7590591017418418,4.405654625229415,False,converged,0.0,0.0,139.34263891296195,129.0456585143164,10.296980398645559,0.41187921594582233,0.07772137350459701,0.11637077354917187,[],
"FLOWR head prediction, not measured affinity",gradient,1,True,built,0.5218467712402344,gradient_b001_final_032,6.989891052246094,6.975898742675781,7.511737823486328,7.507899761199951,32,100045,32,deferred_local,True,True,True,True,0.0,O=C(O)c1ccc2c3c[nH]cc3c3nc4cccc(Cl)c4nc3c2c1,c1ccc2nc3c4c[nH]cc4c4ccccc4c3nc2c1,347.76100000000014,0.3379760857293359,25.0,2.8852409778041066,0.0,5.0,20.0,0.0,0.0,6.007357060280484,3.6696462327448964,3.0042743495339774,False,converged,0.0,0.0,154.0480927075606,142.5077476026109,11.540345104949722,0.46161380419798886,0.07388535643934904,0.12092542870334154,[],
"FLOWR head prediction, not measured affinity",gradient,1,True,built,0.5505313873291016,gradient_b001_final_033,7.321088790893555,7.292532444000244,7.871620178222656,7.875358581542969,33,100045,33,deferred_local,True,True,True,True,0.0,O=c1c2ccccc2oc2c3cc(O)c(O)cc3c3ccncc3c12,O=c1c2ccccc2oc2c3ccccc3c3ccncc3c12,329.31100000000004,0.2542188827136751,25.0,3.068600759303825,0.0,4.0,21.0,0.0,0.0,6.499494378624765,3.962801312895648,1.5850340158966358,False,converged,0.0,0.0,83.0050258931531,77.6842851054737,5.320740787679398,0.21282963150717593,0.0594830023814805,0.08726843057818333,[],
"FLOWR head prediction, not measured affinity",gradient,1,True,built,0.13533735275268555,gradient_b001_final_034,7.286471366882324,7.286484718322754,7.42180871963501,7.43165397644043,34,100045,34,deferred_local,True,True,True,True,0.0,O=C(O)c1cc2c3cc4c(Cl)cccc4nc3c3ccncc3c2s1,c1ccc2nc3c(cc2c1)c1ccsc1c1cnccc13,364.81300000000005,0.3147639843729009,25.0,2.9228657752281455,0.0,4.0,21.0,0.0,0.0,6.466994782245296,3.8972041851428005,1.8212173162436938,False,converged,0.0,0.0,71.02766943271199,57.53939218665795,13.48827724605404,0.5395310898421616,0.06700282327948574,0.17388248828338998,[],
"FLOWR head prediction, not measured affinity",gradient,1,True,built,1.558985710144043,gradient_b001_final_035,6.269927024841309,6.266363143920898,7.828912734985352,7.831785202026367,35,100045,35,deferred_local,True,True,True,True,0.0,O=C(O)c1cc(O)c2c3cnccc3c3[nH]c4ccccc4c3c2c1,c1ccc2c(c1)[nH]c1c3ccncc3c3ccccc3c21,328.327,0.3974053283848912,25.0,2.8968220414792474,0.0,4.0,21.0,0.0,0.0,5.9968268686420485,3.7712717199690307,6.820482388077049,False,converged,0.0,0.0,72.26385040379148,56.23526705685674,16.028583346934738,0.6411433338773895,0.0957630779940248,0.0927588005798897,[],
"FLOWR head prediction, not measured affinity",gradient,1,True,built,1.3751001358032227,gradient_b001_final_036,6.222489356994629,6.205654144287109,7.597589492797852,7.630163192749023,36,100045,36,deferred_local,True,True,True,True,0.0,O=C(O)c1ccc2c3cnccc3c3nc4ccccc4nc3c2c1,c1ccc2nc3c4ccncc4c4ccccc4c3nc2c1,325.32700000000006,0.36940685446387495,25.0,2.9838464437701884,0.0,4.0,21.0,0.0,0.0,6.025487095221334,3.7597790673889455,4.877082313398329,False,converged,0.0,0.0,140.27489319120946,128.93569617334248,11.33919701786698,0.4535678807146792,0.09583943549269182,0.1268009040089519,[],
"FLOWR head prediction, not measured affinity",gradient,1,True,built,1.9723353385925293,gradient_b001_final_037,5.782449245452881,5.780738353729248,7.75478458404541,7.741914749145508,37,100045,37,deferred_local,True,True,True,True,0.0,O=C(O)c1ccc2c3c(c4nc5ccccc5n4c2c1)C(=O)NC3=O,O=C1NC(=O)c2c1c1ccccc1n1c2nc2ccccc21,331.2870000000001,0.5209084053270886,25.0,2.9017208032476174,0.0,5.0,20.0,0.0,0.0,6.044517911995763,3.698070620078476,2.394466434192826,False,converged,0.0,0.0,20.48285419351909,6.1449228708308965,14.337931322688192,0.5735172529075276,0.11008899865803272,0.13741165556560805,[],
"FLOWR head prediction, not measured affinity",gradient,1,True,built,0.45505809783935547,gradient_b001_final_038,6.750127792358398,6.749713897705078,7.205185890197754,7.208418846130371,38,100045,38,deferred_local,True,True,True,True,0.0,O=C(O)c1cc2c3cnccc3c3cc4cccc(Cl)c4cc3c2o1,c1ccc2cc3c(cc2c1)c1ccncc1c1ccoc13,347.75700000000006,0.3146571445893544,25.0,3.0213291925905725,0.0,4.0,21.0,0.0,0.0,6.358867320065881,3.805242233296281,0.9633408997518267,True,converged,0.0,0.0,83.35168669488378,66.39215319170938,16.9595335031744,0.6783813401269759,0.1847665043549176,0.20482103851139538,[],
"FLOWR head prediction, not measured affinity",gradient,1,True,built,0.5641865730285645,gradient_b001_final_039,7.315694808959961,7.2863311767578125,7.879881381988525,7.8867573738098145,39,100045,39,deferred_local,True,True,True,True,0.0,O=c1c2ccccc2oc2c3cc(O)c(O)cc3c3ccncc3c12,O=c1c2ccccc2oc2c3ccccc3c3ccncc3c12,329.3110000000001,0.2542188827136751,25.0,3.047321953781716,0.0,4.0,21.0,0.0,0.0,6.503859929950004,3.954618152810184,1.798647398904157,False,converged,0.0,0.0,83.6209647616181,78.35593491536548,5.265029846252617,0.21060119385010467,0.06980962135620097,0.08615566131160116,[],
"FLOWR head prediction, not measured affinity",gradient,1,True,built,0.7185144424438477,gradient_b001_final_040,6.658918380737305,6.666923522949219,7.377432823181152,7.369593620300293,40,100045,40,deferred_local,True,True,True,True,0.0,Oc1cc2c(cc1O)[C@H](c1nc3cccc(Cl)c3o1)c1ccncc1-2,c1ccc2c(c1)-c1cnccc1C2c1nc2ccccc2o1,350.761,0.436573977018392,25.0,3.002405085926948,0.0,4.0,21.0,0.0,0.0,6.592964791834654,3.8484325947120444,9.602264426193111,False,converged,0.0,0.0,154.5009646939153,98.35228387757141,56.1486808163439,2.245947232653756,0.7167167751021709,0.761015660324012,[],
"FLOWR head prediction, not measured affinity",gradient,1,True,built,0.4703183174133301,gradient_b001_final_041,6.089133262634277,6.112137794494629,6.559451580047607,6.497528076171875,41,100045,41,deferred_local,True,True,True,True,0.0,O=c1c2cc(O)c(O)cc2oc2c(-c3cccc(Cl)c3)ccc(O)c12,O=c1c2ccccc2oc2c(-c3ccccc3)cccc12,354.7450000000001,0.3482766696148059,25.0,2.8232201649889084,0.0,5.0,20.0,0.0,0.0,6.348277034694187,3.682502178248879,4.442541545827564,False,converged,0.0,0.0,80.11226367546662,67.45198519889516,12.660278476571463,0.5064111390628585,0.25040994907825326,0.4620241503164926,[],
"FLOWR head prediction, not measured affinity",gradient,1,True,built,0.03980255126953125,gradient_b001_final_042,7.446194648742676,7.434340476989746,7.485997200012207,7.473944664001465,42,100045,42,deferred_local,True,True,True,True,0.0,Oc1cc2c3c(c4cnccc4c2cc1O)OC1C=CC=C(Cl)C1O3,C1=CC2Oc3c(c4cnccc4c4ccccc34)OC2C=C1,353.761,0.47188258728300925,25.0,3.070245583011238,0.0,4.0,21.0,0.0,0.0,6.487134697660042,4.023534032816377,1.1388956004632227,False,converged,0.0,0.0,198.97752308067328,108.73121380617869,90.24630927449459,3.609852370979784,0.49490919585214654,0.7817436807140278,[],
"FLOWR head prediction, not measured affinity",gradient,1,True,built,0.6589045524597168,gradient_b001_final_043,6.843077659606934,6.779853820800781,7.50198221206665,7.488344192504883,43,100045,43,deferred_local,True,True,True,True,0.0,O=C1NCc2c3c4ccccc4nc-3c3ccncc3n3ccc1c23,O=C1NCc2c3c4ccccc4nc-3c3ccncc3n3ccc1c23,324.343,0.4749110625914062,25.0,3.1124106814493486,0.0,4.0,21.0,0.0,0.0,6.177421458847904,3.8667741498212553,2.4028036197196188,False,converged,0.0,0.0,100.07958742334233,79.28753845125189,20.79204897209044,0.8316819588836176,0.2850274739492657,0.23719389866254184,[],
"FLOWR head prediction, not measured affinity",gradient,1,True,built,1.0449151992797852,gradient_b001_final_044,7.065970420837402,7.013520240783691,8.110885620117188,8.103748321533203,44,100045,44,deferred_local,True,True,True,True,0.0,O=C(O)c1ccc2c(c1)nc(Nc1cccc(Cl)c1)c1ccncc12,c1ccc(Nc2nc3ccccc3c3cnccc23)cc1,349.77700000000016,0.5155344149379016,25.0,2.919166199448055,0.0,4.0,21.0,0.0,0.0,6.114445897401422,3.7280670079673,1.1075851416483389,False,converged,0.0,0.0,38.73739629493416,27.975169367693915,10.762226927240242,0.4304890770896097,0.22266259702960203,0.33909538404177963,[],
"FLOWR head prediction, not measured affinity",gradient,1,True,built,0.4178643226623535,gradient_b001_final_045,6.9422101974487305,6.927606582641602,7.360074520111084,7.360324859619141,45,100045,45,deferred_local,True,True,True,True,0.0,O=C(O)c1cc2c3cnccc3c3nc4cccc(Cl)c4cc3c2[nH]1,c1ccc2nc3c4ccncc4c4cc[nH]c4c3cc2c1,347.7610000000001,0.3379760857293359,25.0,3.019546969331658,0.0,4.0,21.0,0.0,0.0,6.424659277636374,3.8608909391451496,1.4166312892551765,False,converged,0.0,0.0,56.6963772165483,44.50743822541019,12.188938991138109,0.48755755964552433,0.09742725758991218,0.1660371171743148,[],
"FLOWR head prediction, not measured affinity",gradient,1,True,built,0.07548999786376953,gradient_b001_final_046,6.75343132019043,6.727636814117432,6.828921318054199,6.821697235107422,46,100045,46,deferred_local,True,True,True,True,0.0,Cc1cccc2c1nc1c3cc(C(=O)O)cc4cccc(c(=O)n21)c43,O=c1c2cccc3cccc(c32)c2nc3ccccc3n12,328.3270000000001,0.5102159389838762,25.0,3.0327855578659055,0.0,4.0,21.0,0.0,0.0,7.731311377900649,5.639865715621362,83.8860312070477,False,converged,0.0,0.0,67.03043368862902,57.807850226285,9.22258346234402,0.3689033384937608,0.06692313838657209,0.12820434255353974,[],
"FLOWR head prediction, not measured affinity",gradient,1,True,built,-0.5820679664611816,gradient_b001_final_047,6.912496566772461,6.891839027404785,6.330428600311279,6.316711902618408,47,100045,47,deferred_local,True,True,True,True,0.0,O=C(O)c1ccc(-c2cncc3cc(-c4cccc(Cl)c4)nn23)cc1,c1ccc(-c2cc3cncc(-c4ccccc4)n3n2)cc1,349.7770000000001,0.5943653770027887,25.0,2.9197593068607595,0.0,4.0,21.0,0.0,0.0,6.092559017774216,3.8557860216088904,5.526098936402768,False,converged,0.0,0.0,62.728833399436596,40.86211344743385,21.866719952002747,0.8746687980801099,0.21474502010020985,0.604376650612919,[],
"FLOWR head prediction, not measured affinity",gradient,1,True,built,0.8950924873352051,gradient_b001_final_048,7.03252649307251,6.992929935455322,7.927618980407715,7.920149803161621,48,100045,48,deferred_local,True,True,True,True,0.0,O=C(O)c1ccc2c(c1)nc(Nc1cccc(Cl)c1)c1ccncc12,c1ccc(Nc2nc3ccccc3c3cnccc23)cc1,349.7770000000001,0.5155344149379018,25.0,2.932720039485528,0.0,4.0,21.0,0.0,0.0,6.115169481884274,3.736840241157971,1.2097484588812686,False,converged,0.0,0.0,52.61818179799434,39.352096243871756,13.266085554122583,0.5306434221649033,0.32323896670934593,0.3432659552740913,[],
"FLOWR head prediction, not measured affinity",gradient,1,True,built,0.3881111145019531,gradient_b001_final_049,6.711149215698242,6.707925319671631,7.099260330200195,7.119783401489258,49,100045,49,deferred_local,True,True,True,True,0.0,O=C([O-])C1=Cc2c3[nH]c4c(Cl)cccc4c3cc3c(Br)ccc(c23)O1,C1=Cc2c3[nH]c4ccccc4c3cc3cccc(c23)O1,413.6340000000002,0.5037227218890449,25.0,2.8411908366035536,0.0,3.0,22.0,0.0,0.0,11.123719246717231,7.920892038470404,629.68238198933,False,converged,0.0,0.0,96.36489094849028,83.08531848713632,13.279572461353965,0.5311828984541586,0.1639176442424038,0.14083772484453336,[],
