arm,batch,time,state_time,within_control_state_window,n_available,mean_reward,mean_standardized_residual,ck2:A:ASN117::all::proposal_motif_centroid_x,ck2:A:ASN117::all::proposal_motif_centroid_y,ck2:A:ASN117::all::proposal_motif_centroid_z,ck2:A:ASN117::all::proposal_motif_shell_2,ck2:A:ASN117::all::proposal_motif_shell_4,ck2:A:ASN117::all::proposal_motif_shell_6,ck2:A:ASN117::all::proposal_motif_pair_1_5,ck2:A:ASN117::all::proposal_motif_pair_3,ck2:A:ASN117::all::proposal_motif_pair_5,ck2:A:VAL116::all::proposal_motif_centroid_x,ck2:A:VAL116::all::proposal_motif_centroid_y,ck2:A:VAL116::all::proposal_motif_centroid_z,ck2:A:VAL116::all::proposal_motif_shell_2,ck2:A:VAL116::all::proposal_motif_shell_4,ck2:A:VAL116::all::proposal_motif_shell_6,ck2:A:VAL116::all::proposal_motif_pair_1_5,ck2:A:VAL116::all::proposal_motif_pair_3,ck2:A:VAL116::all::proposal_motif_pair_5
gradient,0,0,0.00999999977648,True,50,-0.132369995123,0.407690031423,2.28538172187,-10.2465618267,6.73500711502,2.23434090183e-16,6.98122655321e-10,4.05352205942e-05,0.194744129547,0.000728060834602,8.76075964875e-10,2.25439464734,-5.23514446985,6.11666731212,6.05481573991e-08,0.000820881633681,0.207157851048,0.195606674764,0.000735646842524,8.94064849439e-10
gradient,0,0.01,0.019999999553,True,50,-0.155732095284,0.433852735406,2.27321187309,-10.2109085682,6.72092283317,3.05634032509e-16,8.87597599923e-10,4.78905757613e-05,0.192956711392,0.000712862080212,8.42645094344e-10,2.24247257461,-5.20516771578,6.10664577112,7.05890601867e-08,0.000907476825396,0.217134856255,0.194534085352,0.000726530840985,8.74095920635e-10
gradient,0,0.02,0.0299999993294,True,50,-0.144602056296,0.415672285265,2.26257694095,-10.1773888887,6.70980673654,4.2101524403e-16,1.12643692098e-09,5.61921510936e-05,0.198657221969,0.00076344649917,9.63201963501e-10,2.23160337019,-5.1771945509,6.09953121191,8.23752846704e-08,0.000998119309134,0.226311024563,0.202463379596,0.000797514706687,1.04531377627e-09
gradient,0,0.03,0.0399999991059,True,50,-0.144886223883,0.407513705899,2.25570810653,-10.1436419495,6.69725143982,5.84157303e-16,1.4363876455e-09,6.60885971704e-05,0.208670356458,0.000859693349932,1.21935371044e-09,2.22421458053,-5.14798771229,6.09081053602,9.78659518215e-08,0.00110842911771,0.236563499082,0.21508229332,0.00092191704243,1.38836091002e-09
gradient,0,0.04,0.0499999970198,True,50,-0.146235232899,0.407420970894,2.24578011492,-10.1091669265,6.68425683124,8.41619552803e-16,1.87755945012e-09,7.8768479061e-05,0.222887705997,0.00101052103556,1.69097861012e-09,2.21420384937,-5.11912669277,6.08142548299,1.18486051692e-07,0.00124107393527,0.24754975379,0.231910884521,0.00111139419774,2.02543983782e-09
gradient,0,0.05,0.0599999986589,True,50,-0.140873244027,0.393032880965,2.23753347807,-10.0735963682,6.67192397202,1.20011457808e-15,2.44192023727e-09,9.36674342093e-05,0.237736079914,0.00119167462027,2.38863012214e-09,2.20569495244,-5.08836599154,6.0730020769,1.4383831854e-07,0.00139182121907,0.259010209954,0.249899975104,0.00134641460755,3.0092941871e-09
gradient,0,0.06,0.070000000298,True,50,-0.153453982474,0.395691051238,2.22944077281,-10.0407192065,6.66033733695,1.68583865957e-15,3.13333113206e-09,0.000110196228994,0.253155713179,0.00141424074174,3.48298713887e-09,2.19727693588,-5.05987676945,6.06497977647,1.73508681507e-07,0.00155253141525,0.270076621917,0.268780302593,0.00164074332763,4.58804101792e-09
gradient,0,0.07,0.0799999982119,True,50,-0.15969756572,0.39894568135,2.2229914369,-10.0075281115,6.64846674909,2.40065492189e-15,4.05385575597e-09,0.000130109087362,0.272205717682,0.00172263221558,5.36271061939e-09,2.1901149596,-5.03130713368,6.05709828496,2.10772000454e-07,0.00173639643239,0.281482888216,0.290820326423,0.00203787255439,7.30212317051e-09
gradient,0,0.08,0.0899999961257,True,50,-0.150832412603,0.387325252133,2.21631233257,-9.9725787816,6.63514529332,3.508968927e-15,5.34811531929e-09,0.000155498905312,0.291858991962,0.00211114688465,8.51920428391e-09,2.18279747424,-5.00161371293,6.04785344579,2.60995473337e-07,0.00196217064588,0.29415416843,0.31432225052,0.0025566022274,1.20098449314e-08
gradient,0,0.09,0.0999999940395,True,50,-0.14202013075,0.377398977901,2.20669688686,-9.93924766716,6.62567820821,4.94447087922e-15,6.87214946002e-09,0.000182689785616,0.311120042574,0.00255798073275,1.32804152487e-08,2.17345168697,-4.97308374255,6.04153491005,3.15345504936e-07,0.00218599691644,0.305604069183,0.337298516569,0.0031652819485,1.93467115816e-08
gradient,0,0.1,0.109999999404,True,50,-0.168552345719,0.39427140168,2.19871396271,-9.90489245871,6.61391728724,7.11384615586e-15,8.95554806027e-09,0.00021639973932,0.331847721855,0.00313624543363,2.14394231355e-08,2.16486588991,-4.94348111,6.03356047049,3.87339579564e-07,0.0024571440396,0.318273668601,0.361823387735,0.00395777415614,3.20486567866e-08
gradient,0,0.11,0.119999997318,True,50,-0.189372812104,0.401032343609,2.18800164444,-9.87144755731,6.60354463405,1.02171972574e-14,1.16513435009e-08,0.000255760743592,0.353311765045,0.00383888187647,3.44840496124e-08,2.15443215488,-4.91484166345,6.02692905055,4.73148386949e-07,0.00274979152904,0.330457977213,0.387004605902,0.00492876231947,5.27715537326e-08
gradient,0,0.12,0.129999995232,True,50,-0.200273749802,0.422059786891,2.17917638614,-9.83719503587,6.59099606772,1.49251417805e-14,1.53352901241e-08,0.000304321467331,0.375654697966,0.00472271888226,5.66242718973e-08,2.14538782398,-4.88534783548,6.01836898976,5.8529295143e-07,0.00310127342356,0.343880807496,0.412955991115,0.00616701007293,8.88809003374e-08
gradient,0,0.13,0.140000000596,True,50,-0.198957929316,0.423573138803,2.171279544,-9.80275708696,6.57856936503,2.18336901371e-14,2.01921905325e-08,0.000361865633204,0.397454904904,0.00577996630932,9.27267548938e-08,2.13704747447,-4.8555628552,6.0101641656,7.28358632139e-07,0.00350381578658,0.357549908184,0.438280146426,0.00765975073631,1.48001627433e-07
gradient,0,0.14,0.149999991059,True,50,-0.207828536799,0.404701452981,2.16272012616,-9.76794368094,6.56620512811,3.19821046143e-14,2.6607156662e-08,0.000430303118961,0.419892916002,0.00708588797454,1.53226154216e-07,2.12818415507,-4.82579170768,6.00152671191,9.05581052736e-07,0.00395740076872,0.371506319904,0.464089645366,0.00952732638595,2.49453717498e-07
gradient,0,0.15,0.159999996424,True,50,-0.236545963835,0.412902609046,2.15544788729,-9.73409038284,6.55388371237,4.66583079339e-14,3.49458571789e-08,0.00051001151557,0.443107390281,0.00868432278656,2.52612884077e-07,2.1205289645,-4.79676894732,5.99303543449,1.12589868527e-06,0.0044632928157,0.385251718413,0.489895397942,0.0117858217384,4.15187815175e-07
gradient,0,0.16,0.170000001788,True,50,-0.247895046014,0.426740160649,2.1480005409,-9.69910590201,6.54184382336,6.8233443676e-14,4.59754567399e-08,0.000605031364871,0.465482844324,0.0105853429656,4.14012854761e-07,2.11244929944,-4.76673738577,5.98489118879,1.40192873297e-06,0.00503742798338,0.399306859938,0.514674068028,0.0145002009603,6.87991392075e-07
gradient,0,0.17,0.179999992251,True,50,-0.283150069627,0.443423458411,2.14026052397,-9.66391350555,6.53000479937,9.97420622466e-14,6.04498359898e-08,0.000717062158134,0.487801053652,0.0128518823682,6.72266112642e-07,2.10417230793,-4.73631957544,5.97691507259,1.74427430399e-06,0.00568338694416,0.41348121061,0.538884640541,0.0177377712579,1.12839564415e-06
gradient,0,0.18,0.189999997616,True,50,-0.306935579001,0.457760810149,2.13126549187,-9.62908942564,6.51851567844,1.44931779385e-13,7.92169223599e-08,0.000847994023869,0.508520463267,0.0154380004827,1.06982698968e-06,2.09508063066,-4.70613999449,5.96924129446,2.16503653642e-06,0.00639997643614,0.42747754825,0.561093763663,0.0214569716615,1.81621099225e-06
gradient,0,0.19,0.199999988079,True,50,-0.354641335532,0.478198374028,2.12441925954,-9.59357910977,6.50768687877,2.0948851806e-13,1.03260949134e-07,0.00099857981497,0.528363695632,0.0184237666568,1.68856212119e-06,2.0877169863,-4.67510474315,5.9621656255,2.67504308752e-06,0.00718731282401,0.441300868349,0.581989562356,0.0257638843088,2.89968499195e-06
gradient,0,0.2,0.209999993443,True,50,-0.372496043108,0.498642207617,2.11759860164,-9.55893284562,6.49566844541,3.04472281195e-13,1.34993754399e-07,0.00117644497431,0.547416285783,0.0219027304337,2.66420840895e-06,2.08033210168,-4.64519394786,5.95399599259,3.31236999941e-06,0.00807334800299,0.455170707444,0.601513302276,0.0308002349832,4.6303436612e-06
gradient,0,0.21,0.219999998808,True,50,-0.429678302535,0.52364233707,2.10945844424,-9.52343176562,6.48399025176,4.36749116276e-13,1.75173102356e-07,0.00138179743617,0.565715312023,0.0258117297392,4.12626958255e-06,2.07198883207,-4.61456435518,5.94617130263,4.07299039882e-06,0.00904828194505,0.469041660271,0.619835003849,0.0364824077861,7.26064900724e-06
gradient,0,0.22,0.229999989271,True,50,-0.465081610612,0.547641695611,2.10296880174,-9.48883336711,6.47165700146,6.20936441636e-13,2.25756105245e-07,0.00161496703251,0.582918310323,0.0302257852946,6.35487769007e-06,2.06480973987,-4.58511545967,5.93755659746,5.00055638764e-06,0.010119998145,0.482609840706,0.636603768175,0.0429117250043,1.12929913058e-05
gradient,0,0.23,0.239999994636,True,50,-0.489017830201,0.546259144612,2.09524877007,-9.45376854147,6.45837716427,8.99478836263e-13,2.94491956593e-07,0.00189889657145,0.598994803422,0.0352175331166,9.75978405812e-06,2.05670267314,-4.55527878562,5.92833251129,6.18391130517e-06,0.0113552347509,0.496430164352,0.651726510997,0.0502225406533,1.75410447234e-05
gradient,0,0.24,0.25,True,50,-0.504149773278,0.542131297689,2.08796301041,-9.41849012684,6.44540293841,1.29873600728e-12,3.83263111787e-07,0.00222837814559,0.614096363105,0.0407766367786,1.47490071852e-05,2.04892348281,-4.52507893599,5.91910433093,7.64263086346e-06,0.0127303831258,0.510066933881,0.665327663134,0.0583078953575,2.67165624856e-05
gradient,0,0.25,0.259999990463,True,50,-0.537730629266,0.557895243757,2.08090939726,-9.38334542998,6.4330824082,1.86985473157e-12,4.96745136865e-07,0.00260435933749,0.627843959082,0.0468571809624,2.21013284801e-05,2.0412912373,-4.49501829935,5.9106865671,9.40045313547e-06,0.0142187857994,0.52295696739,0.677147744673,0.067214646014,4.06042011058e-05
gradient,0,0.26,0.269999980927,True,50,-0.551745039745,0.567260752097,2.07311554006,-9.34646142396,6.42048188753,2.74676471831e-12,6.5246462597e-07,0.00306436403325,0.640567949335,0.0536404841226,3.28936863441e-05,2.03310139414,-4.46355689998,5.90202097376,1.16535599261e-05,0.0159343254872,0.535959587449,0.687330735839,0.0770802273468,6.12574835322e-05
gradient,0,0.27,0.280000001192,True,50,-0.594987866232,0.592783714297,2.06589127407,-9.30954140035,6.40741117186,4.00475729321e-12,8.52414360535e-07,0.00359308327035,0.652019970619,0.060897790609,4.82042649134e-05,2.02533423033,-4.43204941762,5.89282524378,1.44395239425e-05,0.0178432385408,0.548733957821,0.695903317055,0.0875639935574,9.04242988566e-05
gradient,0,0.28,0.289999991655,True,50,-0.691339617726,0.622772438778,2.05847728124,-9.27336095203,6.3948331649,5.73122611411e-12,1.09996658982e-06,0.00418238724835,0.661307326804,0.068571067645,7.01069121977e-05,2.01749935039,-4.40076645381,5.884061414,1.7674062517e-05,0.0198588665363,0.560879139193,0.702216948449,0.0985449681186,0.000132249968828
gradient,0,0.29,0.299999982119,True,50,-0.767002183944,0.653565919706,2.05130802783,-9.23599301326,6.38177895961,8.33822495647e-12,1.432032747e-06,0.00488314253712,0.670200116436,0.0768291723223,0.000100936000199,2.00988730071,-4.36876730087,5.87509989349,2.17289033638e-05,0.0221137209302,0.572682040489,0.70746990593,0.110291606361,0.000191561246094
gradient,0,0.3,0.310000002384,True,50,-0.837012940005,0.698190720715,2.04386907065,-9.20006707483,6.36877034618,1.1866310394e-11,1.83987275518e-06,0.0056619621779,0.677681817789,0.0855325509032,0.000142852449571,2.00211538384,-4.33771303536,5.86621977477,2.65235802245e-05,0.0245305088841,0.583645618104,0.711296983707,0.122555108785,0.000272634439263
gradient,0,0.31,0.319999992847,True,50,-0.879767653638,0.735910557389,2.03700572634,-9.16287502192,6.35460370224,1.72067995132e-11,2.38923807939e-06,0.00659359777332,0.683914662072,0.0947412633194,0.000200775882071,1.99482956934,-4.30566275779,5.85620627329,3.26174756012e-05,0.0272993705861,0.594634956496,0.713746434711,0.135320083242,0.000384384813742
gradient,0,0.32,0.329999983311,True,50,-1.04626324369,0.852232821827,2.03023833188,-9.12627683,6.34018398334,2.48430111876e-11,3.09290462434e-06,0.00765933326543,0.689283357738,0.104398627835,0.000279822257192,1.98763476494,-4.27442144889,5.8457688734,4.00862016058e-05,0.0303429378537,0.604883849749,0.715081378147,0.148512373204,0.000535511507561
gradient,0,0.33,0.340000003576,True,50,-1.17137403644,0.940084079749,2.02325986869,-9.0898904924,6.32500796179,3.58835231364e-11,4.00028844293e-06,0.00888188291584,0.693328932239,0.114539664146,0.000386962063224,1.98020171914,-4.24331265014,5.83465169723,4.9245119623e-05,0.0336843298751,0.614640957213,0.715008899646,0.162064040384,0.000740118102856
gradient,0,0.34,0.34999999404,True,50,-1.34133699567,1.05147236036,2.01666304908,-9.05268118582,6.30999763451,5.26763358785e-11,5.2200645508e-06,0.0103272041148,0.69717134238,0.125419037175,0.000531180243235,1.97296523919,-4.21163112162,5.82403202717,6.07625821994e-05,0.0374224229511,0.623424348336,0.714279460795,0.176334447942,0.00101514290195
gradient,0,0.35,0.359999984503,True,50,-1.41972998105,1.09793414546,2.01010938553,-9.01688283495,6.2968873793,7.40018862001e-11,6.60828288339e-06,0.011803878687,0.69908933376,0.135814572698,0.000710237026966,1.96583104247,-4.18105225914,5.81458489765,7.29625796972e-05,0.0410284778237,0.63131116678,0.712078831016,0.190001000057,0.00136013618595
gradient,0,0.36,0.370000004768,True,50,-1.40588671418,1.07616444721,2.00356310667,-8.9803196311,6.28432536231,1.03948210955e-10,8.35976017469e-06,0.0134770354183,0.700601981617,0.14656951521,0.000946091338248,1.95866137128,-4.14978837001,5.80557245783,8.76654410478e-05,0.0449474889279,0.638359699969,0.709096115455,0.203938884946,0.00181943369984
gradient,0,0.37,0.379999995232,True,50,-1.42841271552,1.06672057955,1.99590581021,-8.94420166879,6.27180835367,1.45824365048e-10,1.05500681548e-05,0.0153450387337,0.701272657332,0.157668001063,0.00125346148561,1.9504264422,-4.1191074098,5.79656417813,0.000105045170177,0.049145375721,0.644661757326,0.705224518959,0.217936246763,0.00240777304855
gradient,0,0.38,0.389999985695,True,50,-1.43424621216,1.04206665678,1.98868381015,-8.90813789847,6.25762188069,2.05827622731e-10,1.33681397146e-05,0.0174939676207,0.701617662743,0.169108440688,0.00165920805923,1.9425856583,-4.08821222343,5.7862796461,0.000126671845585,0.053823689368,0.650427537827,0.700765726192,0.232012030372,0.00317878824661
gradient,0,0.39,0.399999976158,True,50,-1.46328027532,1.00244478411,1.97990683961,-8.87209645555,6.24585751919,2.89081527605e-10,1.68530747479e-05,0.019848498745,0.700897029515,0.180406612031,0.00215070063628,1.93350461695,-4.05763968888,5.77768278319,0.000151431939777,0.0586275196728,0.654909088633,0.695543370306,0.245565997256,0.00411024194693
gradient,0,0.4,0.409999996424,True,50,-1.46048460026,0.955945511204,1.9721053112,-8.83526988677,6.23212908825,4.12349665603e-10,2.1433403656e-05,0.0225927715035,0.699825592304,0.191992732036,0.00278557605888,1.92513051714,-4.02620305799,5.76792264774,0.000182601492838,0.0640324931448,0.658779191319,0.689729785085,0.259165432724,0.00529701720553
gradient,0,0.41,0.419999986887,True,50,-1.44113774592,0.938386095596,1.96420495753,-8.79973728976,6.21779071937,5.83233708671e-10,2.71153971978e-05,0.02562591207,0.698550513878,0.203630303622,0.00355565165127,1.91677384627,-3.99547225367,5.75771377007,0.000219843306655,0.0698181896463,0.661759572264,0.683787703184,0.272258588892,0.00672135050882
gradient,0,0.42,0.42999997735,True,50,-1.51378478605,0.963367316318,1.95694560496,-8.76314502498,6.20491641232,8.19443237911e-10,3.41070250225e-05,0.0289357072698,0.696059608175,0.214585311048,0.00445831046511,1.9090527537,-3.9643000525,5.74840756714,0.000263411576125,0.075832361876,0.663928987277,0.677110463734,0.28452309592,0.00838847928771
gradient,0,0.43,0.439999997616,True,50,-1.59764109031,1.04862617315,1.94956066638,-8.72727515444,6.19073467394,1.14701102986e-09,4.27751191987e-05,0.0326079186486,0.693413366007,0.225611883829,0.00556893615739,1.90118322415,-3.93360562613,5.7380840459,0.000314908318367,0.0822882513907,0.665494301625,0.670121418774,0.29656041136,0.0104129921153
gradient,0,0.44,0.449999988079,True,50,-1.63249632177,1.08588309255,1.94294406315,-8.69143136418,6.17455741905,1.62143885356e-09,5.39839460919e-05,0.0368262643031,0.690071029967,0.236529343739,0.00687396993399,1.89396802744,-3.9024060437,5.72634385736,0.000378762367393,0.0894564375987,0.666350928323,0.662765849652,0.308052963272,0.0127600924361
gradient,0,0.45,0.459999978542,True,50,-1.60601799552,1.04892318886,1.93547207423,-8.65451787044,6.1593634244,2.31372644112e-09,6.84352013378e-05,0.0415881235729,0.686559185284,0.247283107036,0.00844262516364,1.8860519194,-3.87069046577,5.71547675932,0.000456822784821,0.0970974568172,0.666029609126,0.655179959175,0.319102952947,0.0155402963287
gradient,0,0.46,0.469999998808,True,50,-1.61804565893,1.05132310773,1.92896204735,-8.61813050209,6.1459935959,3.14530683999e-09,8.41314526403e-05,0.0462999578974,0.682265688286,0.257028806113,0.0101601866467,1.87900036721,-3.83961516335,5.70578553362,0.000536037509072,0.10432776806,0.665874703829,0.647192609705,0.329119332338,0.018592745324
gradient,0,0.47,0.479999989271,True,50,-1.62048619084,1.02354912569,1.92179674283,-8.58093707593,6.13193390157,4.33566603308e-09,0.000104208126732,0.0516452613555,0.677804940275,0.266410401666,0.0121145018437,1.8712489134,-3.8077077158,5.6956969814,0.000632628129465,0.112171157947,0.665016531632,0.639142503637,0.338451467649,0.0220146344555
gradient,0,0.48,0.489999979734,True,50,-1.67535342714,1.06980996995,1.91510517823,-8.54512837655,6.11740534943,5.87646314841e-09,0.000127599105482,0.0572582446225,0.672830951442,0.275192741712,0.0143040078707,1.86400005214,-3.77682465097,5.68535397155,0.000741722791142,0.120204094543,0.663620852196,0.630909074616,0.347021061717,0.0257902226857
gradient,0,0.49,0.5,True,50,-1.77882685844,1.0899031795,1.90805392462,-8.50791418755,6.10358312239,7.94004417439e-09,0.000155705994364,0.0632758415561,0.667941419271,0.283494538056,0.0168021680319,1.85619313605,-3.74441127116,5.67545150218,0.000866523680809,0.128479810146,0.662112036085,0.622653345774,0.35489917187,0.03004910811
gradient,0,0.5,0.509999990463,False,50,-2.20032773182,1.44484303088,1.90064639879,-8.47160706136,6.08983916414,1.09150966173e-08,0.000191452068842,0.0699468555502,0.663409169982,0.291617648387,0.0195915754462,1.84817476309,-3.71261266762,5.66575064034,0.00101376793179,0.137155230683,0.659344908246,0.614880409604,0.362100786381,0.0346774067321
gradient,1,0,0.00999999977648,True,50,-0.147905607961,0.432641123661,2.2813523006,-10.2483429458,6.73296444887,2.239530242e-16,6.9940595091e-10,4.06005800066e-05,0.196951165109,0.000745505027278,9.11536339241e-10,2.25191471754,-5.23671375697,6.11412250508,6.06211596344e-08,0.000822521286234,0.207503089278,0.19699140374,0.000746117080237,9.13904661544e-10
gradient,1,0.01,0.019999999553,True,50,-0.18509025577,0.483310584907,2.27397945209,-10.2074940486,6.71984578862,3.17155145292e-16,9.1107394501e-10,4.86882217175e-05,0.19410555807,0.000722921198509,8.65469090119e-10,2.24319887157,-5.20308276756,6.10543177908,7.18376979533e-08,0.000916614721125,0.21801168072,0.19560581472,0.000735345936212,8.92665753125e-10
gradient,1,0.02,0.0299999993294,True,50,-0.15797728378,0.436603216093,2.26551206156,-10.1757646088,6.70992753994,4.19501358125e-16,1.12585485851e-09,5.62419295656e-05,0.198285417198,0.000759275429951,9.5067416542e-10,2.23473680252,-5.17557471127,6.09910779583,8.28332662052e-08,0.00100202370962,0.226737909781,0.20213874969,0.000793505979193,1.0323508221e-09
gradient,1,0.03,0.0399999991059,True,50,-0.148289986634,0.41442982199,2.25767644538,-10.1429783388,6.69591236666,5.83837888331e-16,1.44037129015e-09,6.6315775532e-05,0.208087551655,0.000852462830898,1.19570251184e-09,2.22670274955,-5.14770564425,6.0890060837,9.86777144363e-08,0.00111476719851,0.237175199235,0.214491870162,0.000914377178472,1.36225129015e-09
gradient,1,0.04,0.0499999970198,True,50,-0.143615925195,0.412223404891,2.24782017276,-10.1097033187,6.68243526594,8.29100684155e-16,1.86487911775e-09,7.861763713e-05,0.222753353079,0.00100847224897,1.6824856301e-09,2.21650997415,-5.11885588817,6.07951235915,1.1936380088e-07,0.00124782477399,0.248191750163,0.232078474506,0.00111070713919,2.01165671824e-09
gradient,1,0.05,0.0599999986589,True,50,-0.138297677849,0.401301776079,2.2370884456,-10.077238647,6.67140150656,1.15718533944e-15,2.38302585885e-09,9.23298065831e-05,0.237508010899,0.00119191205025,2.40326517712e-09,2.20583285616,-5.09086314862,6.07190791002,1.42479067325e-07,0.00138532262621,0.258659243461,0.249747075612,0.00134498860998,3.00391710393e-09
gradient,1,0.06,0.070000000298,True,50,-0.152403864217,0.410623435907,2.22899973033,-10.0399165725,6.66085968864,1.689642653e-15,3.14015268094e-09,0.00011037220344,0.255241016934,0.00144006332582,3.59916492571e-09,2.1972884605,-5.05931224436,6.06487182726,1.74048242468e-07,0.00155516712657,0.270247326842,0.270578755106,0.00166394071088,4.70084197791e-09
gradient,1,0.07,0.0799999982119,True,50,-0.158251102523,0.405067162427,2.22076009375,-10.0059109607,6.65049858355,2.40328659674e-15,4.0591441558e-09,0.000130241703674,0.273074646381,0.00173476663325,5.43762051169e-09,2.18859824093,-5.02998392817,6.05843159017,2.10616368215e-07,0.00173497280309,0.281365357606,0.291608674873,0.00204890636288,7.38051695488e-09
gradient,1,0.08,0.0899999961257,True,50,-0.151793407904,0.392505466088,2.21199808883,-9.97213507033,6.6404166291,3.39823081028e-15,5.22586377495e-09,0.000153267616194,0.290336067464,0.00207610193928,8.22937500081e-09,2.17977714171,-5.00081096164,6.0516901638,2.54251948789e-07,0.00193395407275,0.29277681193,0.312377931943,0.00251040422873,1.1616174041e-08
gradient,1,0.09,0.0999999940395,True,50,-0.136623936831,0.371964982218,2.20292264076,-9.93793209348,6.62871459602,4.89916007332e-15,6.82222499226e-09,0.000181847138742,0.31022888122,0.0025323037052,1.30232197708e-08,2.17062496356,-4.97103420797,6.0436070694,3.1226118779e-07,0.00217502782201,0.305270397822,0.335865450482,0.00312664369668,1.89715154283e-08
gradient,1,0.1,0.109999999404,True,50,-0.150739515062,0.369592276043,2.19468924997,-9.90396983655,6.61702514242,7.12990758093e-15,8.95288636185e-09,0.000216079735135,0.331480560943,0.00310623685825,2.09041895501e-08,2.16188240455,-4.94208742962,6.03585066052,3.84395574597e-07,0.00244563282713,0.317763470749,0.360898025378,0.00391370040959,3.136073006e-08
gradient,1,0.11,0.119999997318,True,50,-0.160748366957,0.369100977973,2.18677198762,-9.87092152786,6.60546073576,1.03704579931e-14,1.17239887549e-08,0.000256017022025,0.353992564845,0.00384180012984,3.4428593106e-08,2.15361425239,-4.91372499659,6.02815007005,4.73621844738e-07,0.00274822312476,0.330304392629,0.386982119142,0.00492049404688,5.27223161332e-08
gradient,1,0.12,0.129999995232,True,50,-0.180306607377,0.392089567444,2.17841362233,-9.83613978455,6.59376867663,1.5151478466e-14,1.54297828597e-08,0.000304521510101,0.377028627433,0.00473974902603,5.69106277071e-08,2.14508071285,-4.88365947025,6.02028864693,5.86827122173e-07,0.00309985810354,0.343625533109,0.413300410361,0.00615964899514,8.86901116795e-08
gradient,1,0.13,0.140000000596,True,50,-0.179043876148,0.393454159485,2.17031133806,-9.80294322332,6.58136619367,2.18130814736e-14,2.01271105664e-08,0.000360340844704,0.399070353387,0.00578729294601,9.22723037112e-08,2.13667085936,-4.85492141552,6.01184447258,7.24591430674e-07,0.00348962525623,0.356957670516,0.438447756701,0.00761563091969,1.45896693978e-07
gradient,1,0.14,0.149999991059,True,50,-0.194557965573,0.400963315073,2.16229351591,-9.76960839137,6.57054263484,3.08713008035e-14,2.59209137057e-08,0.000422889531998,0.420583969427,0.00703830767092,1.49155083812e-07,2.12820842004,-4.82608451465,6.00463194029,8.86392207461e-07,0.00390750228998,0.369920819227,0.463354137731,0.00939672370763,2.39991670971e-07
gradient,1,0.15,0.159999996424,True,50,-0.225558522763,0.429685645607,2.15526318062,-9.73371845408,6.55875673662,4.51029339934e-14,3.41194134643e-08,0.000502521548875,0.442790291166,0.00856688084219,2.43112971491e-07,2.12059525273,-4.79518574872,5.99659893609,1.10161154307e-06,0.00441265505876,0.384044722171,0.488558300112,0.0116017165612,3.9935483164e-07
gradient,1,0.16,0.170000001788,True,50,-0.245132141846,0.443086166784,2.14693313265,-9.69828286967,6.54748413738,6.60221862653e-14,4.49256081212e-08,0.000596449505709,0.464720350384,0.0104106619444,3.9744182196e-07,2.11167269243,-4.76460404588,5.98929988862,1.36963480638e-06,0.00497537356081,0.39792924518,0.513103778601,0.0142553980988,6.61513102467e-07
gradient,1,0.17,0.179999992251,True,50,-0.270346585457,0.450536492525,2.139779708,-9.66272032193,6.53509283306,9.67014188895e-14,5.92231773767e-08,0.000708588479205,0.485821595015,0.0125564789765,6.37953757539e-07,2.10381551312,-4.73417992752,5.98101764351,1.70704435479e-06,0.005620269384,0.412246136788,0.536686057043,0.0173903951576,1.08028730358e-06
gradient,1,0.18,0.189999997616,True,50,-0.291818309523,0.470851480291,2.13234090301,-9.62847206172,6.52242985428,1.40222438153e-13,7.7431318519e-08,0.000836770165197,0.507151023343,0.0150638523587,1.01491553677e-06,2.09587292679,-4.70467052778,5.9722933762,2.11450874132e-06,0.00632585055801,0.426387258861,0.559351480016,0.0210069659859,1.73475933832e-06
gradient,1,0.19,0.199999988079,True,50,-0.325116404709,0.465204962688,2.1244141572,-9.59445770893,6.50924526904,2.02342798434e-13,1.00912113396e-07,0.000986076656138,0.526770052255,0.0179707954118,1.60883021699e-06,2.08756273456,-4.67540360804,5.96299935936,2.61473250467e-06,0.0071130876103,0.440669703096,0.580194506102,0.025237671562,2.77629826576e-06
gradient,1,0.2,0.209999993443,True,50,-0.356338301616,0.487718959433,2.11665758726,-9.55918302421,6.4956140407,2.94976214863e-13,1.32507738222e-07,0.00116702754179,0.546019399133,0.0213694241143,2.55394193539e-06,2.0793419001,-4.64519042927,5.95322924519,3.26280507685e-06,0.0080318509783,0.455428822407,0.600321174032,0.0302321255957,4.45870365799e-06
gradient,1,0.21,0.219999998808,True,50,-0.392709402056,0.506697158381,2.10924109038,-9.52443180994,6.48359471804,4.24791625722e-13,1.72181949171e-07,0.00137031222086,0.563420106714,0.0250888427458,3.94424871547e-06,2.07158465643,-4.61570553761,5.9449692014,4.00553773929e-06,0.00898794117195,0.469120687868,0.618136875335,0.0357386790513,6.96742219239e-06
gradient,1,0.22,0.229999989271,True,50,-0.421985159284,0.511961195229,2.10220785949,-9.48965084745,6.47010905866,6.1901634945e-13,2.25330227192e-07,0.00161386156219,0.580849903043,0.029469242242,6.12957283516e-06,2.06404925025,-4.58599515177,5.93578022489,4.97631329294e-06,0.01010352917,0.483083008022,0.635156758208,0.0421552968638,1.08971006037e-05
gradient,1,0.23,0.239999994636,True,50,-0.435894431482,0.528205982074,2.09492848103,-9.45397055675,6.45636763648,9.07939245364e-13,2.96303290848e-07,0.00190561531577,0.597470166632,0.0344277524071,9.49220776949e-06,2.05624994267,-4.55576299606,5.92609331324,6.19467144454e-06,0.0113730252478,0.497248482208,0.650758259454,0.0494697545091,1.70413095631e-05
gradient,1,0.24,0.25,True,50,-0.464376370056,0.543538896865,2.08827616778,-9.41810473943,6.44268403278,1.32865819528e-12,3.88996052496e-07,0.00224647726079,0.612971397451,0.0399830934466,1.45940130199e-05,2.04886453341,-4.52550783432,5.91635488761,7.72348292202e-06,0.0127965171355,0.511190185206,0.664637688054,0.0576356895396,2.63644570068e-05
gradient,1,0.25,0.259999990463,True,50,-0.508734089246,0.560510991579,2.08180178021,-9.3826202002,6.42940540611,1.92454574521e-12,5.06626188755e-07,0.00263429077462,0.626769010332,0.0459740008598,2.1873248426e-05,2.04177804499,-4.4957826996,5.9066838294,9.53800990095e-06,0.0143307332025,0.524607524054,0.676571258997,0.066498430732,3.98683123036e-05
gradient,1,0.26,0.269999980927,True,50,-0.518408100027,0.551818024111,2.07387813896,-9.34715904528,6.41636370024,2.77035469208e-12,6.56707483559e-07,0.00307889852703,0.639008984275,0.0525467447096,3.25746129445e-05,2.03337355607,-4.46588941821,5.8974899379,1.17293876596e-05,0.0160039475863,0.537524583211,0.686628912653,0.0760858600459,5.9540862662e-05
gradient,1,0.27,0.280000001192,True,50,-0.549713351963,0.563332233508,2.06746825897,-9.31155595232,6.40285504248,4.02744516689e-12,8.56470806675e-07,0.00360581867122,0.65023384936,0.0599133807599,4.85488389622e-05,2.02640485802,-4.43587187752,5.88817372551,1.44985550877e-05,0.0178968513215,0.550054048215,0.695053009046,0.0866929699449,8.89630114971e-05
gradient,1,0.28,0.289999991655,True,50,-0.648541256375,0.6163010844,2.05961888332,-9.27602897117,6.38929307277,5.80048963068e-12,1.10925841861e-06,0.00420429459501,0.659903794518,0.0675903976654,7.09051471456e-05,2.01811460953,-4.40572743377,5.87850256342,1.77883070616e-05,0.0199378867602,0.562290762454,0.701537294411,0.0977680636388,0.00013061568058
gradient,1,0.29,0.299999982119,True,50,-0.71710460675,0.657974339848,2.05199274056,-9.24040606965,6.37614682904,8.38479494129e-12,1.43812326738e-06,0.00489717260762,0.66837544438,0.0758239546074,0.000102278262533,2.01033125777,-4.37535201373,5.86935569393,2.18546711205e-05,0.0221887968343,0.573760721975,0.706651577666,0.109483986613,0.000189330820656
gradient,1,0.3,0.310000002384,True,50,-0.801524123379,0.719014659614,2.0455815165,-9.20501485406,6.36353228576,1.2095966493e-11,1.85930419415e-06,0.00568566492117,0.676033351855,0.0846640348387,0.000146180379946,2.00349043763,-4.34526143991,5.86047480822,2.67469220954e-05,0.0246264926648,0.584466270576,0.710496987076,0.121895899025,0.000271708896214
gradient,1,0.31,0.319999992847,True,50,-0.85879840047,0.745288820486,2.0385187972,-9.16885195002,6.35092074803,1.73298441433e-11,2.39368897604e-06,0.00658570866648,0.682799071095,0.0940080619889,0.00020658963122,1.99585125246,-4.31454248319,5.85143735992,3.2655047604e-05,0.0272889944001,0.594806060564,0.71310318515,0.134829556935,0.000384783510085
gradient,1,0.32,0.329999983311,True,50,-1.01775563493,0.854411794044,2.03215489138,-9.13204061208,6.33776751947,2.48501563516e-11,3.08217407587e-06,0.00762569871188,0.68837005174,0.103723608834,0.000288069476432,1.98884057749,-4.28310064862,5.84201918058,3.98643685997e-05,0.030245500725,0.604833719314,0.714447879078,0.148137060381,0.000538326466308
gradient,1,0.33,0.340000003576,True,50,-1.14416840162,0.956168583651,2.02476976277,-9.09602374731,6.324532806,3.556816685e-11,3.95720107364e-06,0.00880050883914,0.693057322359,0.113743134449,0.000396531846715,1.98086693768,-4.25231829779,5.83250222105,4.85089417222e-05,0.0334235422258,0.614079709277,0.714725119833,0.161605956324,0.000741013604545
gradient,1,0.34,0.34999999404,True,50,-1.31431786391,1.05217215974,2.01718218493,-9.06054938598,6.31057721277,5.14303479705e-11,5.11166843176e-06,0.0101727394529,0.696705214462,0.124240610501,0.000539496518953,1.97284449895,-4.22210213464,5.82258531347,5.93446890595e-05,0.03696564407,0.622447938054,0.713889869011,0.175477822363,0.00101010449584
gradient,1,0.35,0.359999984503,True,50,-1.37770295192,1.08585419002,2.01022530329,-9.025323026,6.29807335418,7.19994774773e-11,6.4605496287e-06,0.0116212602111,0.699175710245,0.134644109458,0.000721602616106,1.96529000543,-4.19210375781,5.81360225746,7.12257325281e-05,0.0405204467467,0.630101406766,0.712031199069,0.189183949002,0.00135261601988
gradient,1,0.36,0.370000004768,True,50,-1.42327036736,1.11814329412,2.00399979391,-8.98873271456,6.28536040086,1.00932961235e-10,8.16216444395e-06,0.0132635875807,0.700689319175,0.14518288025,0.000958310507026,1.95835314808,-4.16052255247,5.80453286882,8.53674912978e-05,0.0443914090643,0.63747683162,0.709127928277,0.202866944643,0.00180413078404
gradient,1,0.37,0.379999995232,True,50,-1.43297187506,1.07078777817,1.99677448348,-8.9532210379,6.27072420622,1.4228256071e-10,1.03479153627e-05,0.0151491645805,0.701152921141,0.156150606981,0.0012671332276,1.95049456343,-4.13009169933,5.79371234826,0.000102799715455,0.0486939727329,0.644393620508,0.70507286356,0.216886047309,0.00238567702249
gradient,1,0.38,0.389999985695,True,50,-1.46057830941,1.04234608168,1.98902406468,-8.91773092422,6.25653934361,2.01316216911e-10,1.31352984381e-05,0.0172878017469,0.701478153402,0.16731544995,0.00167119543285,1.94219689591,-4.10016098018,5.78357143521,0.00012389875646,0.0533226863644,0.649972623417,0.700650781615,0.230832926596,0.00314346160506
gradient,1,0.39,0.399999976158,True,50,-1.47891423156,1.00763840554,1.98046135379,-8.88269643859,6.24313813556,2.82491913489e-10,1.65619321613e-05,0.0196330100223,0.700797554154,0.178447991429,0.00216436522878,1.93333920937,-4.07036749457,5.77404654854,0.000148451337862,0.0581834389914,0.65463251949,0.695438024009,0.244390619003,0.00406144105018
gradient,1,0.4,0.409999996424,True,50,-1.43818964139,0.917527317292,1.97127018156,-8.84836224504,6.22900127677,4.00985981281e-10,2.10092690427e-05,0.0223255301226,0.699643186826,0.190075174599,0.00280612091746,1.92399369249,-4.0412490689,5.76393385197,0.000178835629752,0.0635176523564,0.658231480942,0.689667239118,0.257984313464,0.00523693924827
gradient,1,0.41,0.419999986887,True,50,-1.41629703792,0.874505755573,1.96328983592,-8.81405348262,6.21385806827,5.69315044506e-10,2.66239169562e-05,0.025334054124,0.698465204051,0.20150950066,0.0035955321474,1.91568753993,-4.01144753596,5.75301324619,0.000215774134583,0.0692958075383,0.661337279497,0.683800826127,0.270941997726,0.00666209720078
gradient,1,0.42,0.42999997735,True,50,-1.49464201691,0.941279354171,1.95596669372,-8.77949448599,6.20005824533,7.94849691898e-10,3.33527380221e-05,0.0285585008838,0.696142525118,0.212751487645,0.00454682297127,1.90782738906,-3.98218365636,5.74307330593,0.000258036750486,0.0752505192962,0.66335736362,0.677152557206,0.283430084139,0.00835933464113
gradient,1,0.43,0.439999997616,True,50,-1.54853225425,0.995926850822,1.94968501398,-8.74620923573,6.18559442872,1.10161749994e-09,4.15247008642e-05,0.0320427797399,0.693191226862,0.223732099496,0.00569766451613,1.90084106042,-3.95376135166,5.7323881759,0.000307592360629,0.0815158948216,0.664859264635,0.670071151294,0.295328727252,0.010371776905
gradient,1,0.44,0.449999988079,True,50,-1.57634649502,1.01385463494,1.94230673593,-8.71248556701,6.17047415901,1.54334776454e-09,5.20511161285e-05,0.0360441381952,0.690302912733,0.234687405569,0.0070790063329,1.89304111522,-3.92496575764,5.72116198745,0.000368861121403,0.0884086270903,0.665397670834,0.66298019143,0.306803274794,0.0127583778228
gradient,1,0.45,0.459999978542,True,50,-1.57817600403,1.01513406152,1.93427867586,-8.67825977742,6.15429559628,2.17823041571e-09,6.55751538509e-05,0.0406112067984,0.687369966196,0.245530131933,0.00872656789367,1.88473495034,-3.89579574303,5.70913230773,0.000443782718699,0.095937118142,0.665179897395,0.655758876546,0.317928946249,0.0155653077518
gradient,1,0.46,0.469999998808,True,50,-1.60799553766,1.04234467228,1.92812943261,-8.64328877184,6.14144515157,2.92779235666e-09,7.99951967855e-05,0.0450392469586,0.682747397898,0.255143506726,0.0105128908989,1.87801292554,-3.86594578196,5.70010379863,0.00051752536709,0.102844542479,0.665138110671,0.647624903481,0.327846307999,0.0186083440125
gradient,1,0.47,0.479999989271,True,50,-1.67471639366,1.07398959281,1.92117748739,-8.6071005921,6.12652844198,4.02708663656e-09,9.91016734124e-05,0.0502902209256,0.677889431475,0.264731710212,0.0125759476781,1.87068900206,-3.834498669,5.68933604822,0.000613234853871,0.110823453064,0.664207130625,0.639323277234,0.337266798032,0.0221131090902
gradient,1,0.48,0.489999979734,True,50,-1.68567582795,1.07680420248,1.91501830726,-8.57157757939,6.11168688636,5.54021891275e-09,0.00012251805741,0.0559675671463,0.67320432526,0.274308244543,0.01495491873,1.86383098348,-3.80364146831,5.67863761607,0.000726871513341,0.119144244371,0.662325838741,0.631093812952,0.34638018404,0.0260559112391
gradient,1,0.49,0.5,True,50,-1.83463163976,1.15945314704,1.90803888414,-8.53613609537,6.09744820923,7.47859010439e-09,0.000149372869678,0.0618190660802,0.667795173357,0.282609470264,0.0175841798294,1.8562135075,-3.77282743548,5.66830695477,0.000850553230109,0.127410719253,0.660512214525,0.622542580698,0.354251480301,0.0303698081224
gradient,1,0.5,0.509999990463,False,50,-2.27385558438,1.52835876745,1.89961511678,-8.50117827763,6.08560249361,1.01516192325e-08,0.000182116488898,0.0680233042915,0.663383292785,0.290611968317,0.020512443935,1.84728043676,-3.74233042959,5.66021786469,0.000987548263133,0.135447601506,0.657881948438,0.61482393433,0.361334322376,0.0350584339539
