arm,batch,time,reference_time,n_available,mean_deficit,inside_fraction_available,ck2:A:ASN117::hetero_distance_softmin,ck2:A:VAL116::hetero_distance_softmin
gradient,0,0.0,0.0,50,0.7758287153427956,0.58,7.305614315026553,4.701016504304977
gradient,0,0.01,0.01,50,0.8964736732073731,0.52,7.156906337078564,4.602650747538355
gradient,0,0.02,0.02,50,1.1066935604647832,0.52,6.855792552821969,4.345268028871837
gradient,0,0.03,0.03,50,1.597288260191223,0.42,6.673552547366061,4.175822780793195
gradient,0,0.04,0.04,50,2.0057963125929206,0.46,6.641713023853149,4.140485040016944
gradient,0,0.05,0.05,50,1.552183171155577,0.36,6.497820148341199,4.0103260306927675
gradient,0,0.06,0.06,50,2.06197081181561,0.34,6.49885100895931,4.00398916319826
gradient,0,0.07,0.07,50,2.0706110658453527,0.34,6.493487937159017,4.002673116150744
gradient,0,0.08,0.08,50,0.6561055694050019,0.38,6.362669643694701,3.894060928542578
gradient,0,0.09,0.09,50,0.554346059653237,0.36,6.366211394501939,3.8929517282029322
gradient,0,0.1,0.1,50,0.5127289282444751,0.46,6.3738497759741195,3.8929689484339964
gradient,0,0.11,0.11,50,0.5923422406166405,0.34,6.3903940468304,3.9042395339094664
gradient,0,0.12,0.12,50,0.5701388648825573,0.32,6.39247493719927,3.90521859001015
gradient,0,0.13,0.13,50,0.44819994944662506,0.46,6.389181886406248,3.898347909411261
gradient,0,0.14,0.14,50,0.4063040557139437,0.46,6.395833931504053,3.896947001217042
gradient,0,0.15,0.15,50,0.34037111245964446,0.56,6.396906966564139,3.891444477979026
gradient,0,0.16,0.16,50,0.3121715674616785,0.56,6.396333120960663,3.8891357937923368
gradient,0,0.17,0.17,50,0.25899529566426627,0.52,6.404295973877836,3.896436909206634
gradient,0,0.18,0.18,50,0.277776487105051,0.48,6.410847241936459,3.901461763428178
gradient,0,0.19,0.19,50,0.29577460882642265,0.52,6.412986721776945,3.9012676348382844
gradient,0,0.2,0.2,50,0.2547749255608924,0.52,6.412550754728275,3.8978073780234133
gradient,0,0.21,0.21,50,0.22833751842682085,0.6,6.411521264580285,3.8963074299080205
gradient,0,0.22,0.22,50,0.2731395245964392,0.56,6.403159569309432,3.884268388898821
gradient,0,0.23,0.23,50,0.2802493144408757,0.56,6.397837630891815,3.88435580869656
gradient,0,0.24,0.24,50,0.30730624377183074,0.56,6.3976067032419985,3.8855664850958505
gradient,0,0.25,0.25,50,0.36654333864631544,0.5,6.393175560238823,3.8784732721274597
gradient,0,0.26,0.26,50,0.47302082588359307,0.42,6.397598240811731,3.879750879540459
gradient,0,0.27,0.27,50,0.43378119155468964,0.48,6.392931438207659,3.888523352544389
gradient,0,0.28,0.28,50,0.49523124006542785,0.5,6.395467200679516,3.8955727662342734
gradient,0,0.29,0.29,50,0.6058184895950768,0.46,6.384095086899582,3.893733926566654
gradient,0,0.3,0.3,50,0.6652616719319243,0.46,6.3811608971450315,3.8944846946836655
gradient,0,0.31,0.31,50,0.7331813189872688,0.46,6.384559823391177,3.8945445431940104
gradient,0,0.32,0.32,50,0.9672400376921917,0.44,6.4146020445146545,3.927158288613041
gradient,0,0.33,0.33,50,0.7363954017465634,0.44,6.3824637070476475,3.8809117959936463
gradient,0,0.34,0.34,50,1.134225661457711,0.4,6.452612197116905,3.937564397757754
gradient,0,0.35,0.35,50,1.2837460787143171,0.38,6.454038083368106,3.9366025309583295
gradient,0,0.36,0.36,50,1.3827936126927376,0.34,6.456643573116552,3.94224050729936
gradient,0,0.37,0.37,50,1.1946146741994503,0.32,6.452454883952336,3.9433309959061074
gradient,0,0.38,0.38,50,1.2065615182356288,0.32,6.458358888507486,3.948489641235223
gradient,0,0.39,0.39,50,1.2055997002049117,0.3,6.459665834984389,3.948247531026483
gradient,0,0.4,0.4,50,1.2451770024846551,0.3,6.459257793899139,3.945002482931261
gradient,0,0.41,0.41,50,1.2395435281138516,0.34,6.46744828557895,3.9536684111079454
gradient,0,0.42,0.42,50,1.7654278309648417,0.32,6.5758121802855065,4.056553549536597
gradient,0,0.43,0.43,50,1.9483351379120868,0.32,6.577248657414587,4.055734830676624
gradient,0,0.44,0.44,50,2.130294171756078,0.34,6.627891695680429,4.123169418171976
gradient,0,0.45,0.45,50,2.1549307412703786,0.34,6.631407231252503,4.126748373857659
gradient,0,0.46,0.46,50,2.156190741492577,0.34,6.634142431277398,4.127391099537747
gradient,0,0.47,0.47,50,2.410093087557752,0.36,6.671326154730483,4.182343288989468
gradient,0,0.48,0.48,50,1.9135968618376293,0.38,6.600289088268152,4.123540440065656
gradient,0,0.49,0.49,50,2.039751853395705,0.36,6.598768718872327,4.121378010885737
gradient,0,0.5,0.5,50,1.6650951536974319,0.44,6.545812451758133,4.06398949370797
gradient,0,0.51,0.5,50,1.9448329396146502,0.42,6.595890920596074,4.131419754835959
gradient,0,0.52,0.5,50,2.2098788058414396,0.4,6.641180700383067,4.193981465732703
gradient,0,0.53,0.5,50,2.4806848440427345,0.34,6.691515011697976,4.263247538938534
gradient,0,0.54,0.5,50,2.483218810566563,0.34,6.685900674292978,4.259508819620359
gradient,0,0.55,0.5,50,1.8898102303611353,0.34,6.569649695255366,4.125636675400635
gradient,0,0.56,0.5,50,1.5629779603844944,0.36,6.506564850314175,4.059611846562936
gradient,0,0.57,0.5,50,1.8245554004317939,0.36,6.549969381803257,4.122101785406011
gradient,0,0.58,0.5,50,1.823390434144328,0.34,6.54981836731687,4.123317275372602
gradient,0,0.59,0.5,50,1.810660950617022,0.38,6.546808347377126,4.120956762472915
gradient,0,0.6,0.5,50,1.8153763880960812,0.34,6.538625009665233,4.1173574957591
gradient,0,0.61,0.5,50,2.083916192840059,0.34,6.590527788421857,4.185910453593161
gradient,0,0.62,0.5,50,2.074032770942633,0.32,6.582552004508964,4.178630247540049
gradient,0,0.63,0.5,50,2.073528362545845,0.32,6.581893777555426,4.177164558360006
gradient,0,0.64,0.5,50,2.0186181972356927,0.34,6.582670149788344,4.1539047259124935
gradient,0,0.65,0.5,50,2.012418910866906,0.36,6.58173627005836,4.150688379933384
gradient,0,0.66,0.5,50,2.004043431048105,0.36,6.575826501960048,4.145921948940151
gradient,0,0.67,0.5,50,1.9953101228762855,0.34,6.576966441220614,4.149231259805466
gradient,0,0.68,0.5,50,1.9956915249807787,0.34,6.570627304010648,4.145919326797616
gradient,0,0.69,0.5,50,2.0080711002892775,0.34,6.5719948515848134,4.146385881458008
gradient,0,0.7,0.5,50,1.9968436968779237,0.34,6.568617322192441,4.142807788269495
gradient,0,0.71,0.5,50,2.3408296329930987,0.36,6.636805316069019,4.201074487255259
gradient,0,0.72,0.5,50,2.330739158340319,0.36,6.631299962248663,4.2013028215071655
gradient,0,0.73,0.5,50,2.0007698241403618,0.34,6.561176562206016,4.141629929059156
gradient,0,0.74,0.5,50,1.999739101970158,0.34,6.55539761622382,4.134915866990212
gradient,0,0.75,0.5,50,2.001026552725588,0.3,6.552024216952723,4.131841899028718
gradient,0,0.76,0.5,50,2.1814014556820855,0.3,6.581915219273345,4.1733026161965885
gradient,0,0.77,0.5,50,2.169393558087803,0.3,6.58083311911489,4.173424031084467
gradient,0,0.78,0.5,50,2.3394798739031617,0.3,6.618735581583846,4.190427204586843
gradient,0,0.79,0.5,50,2.3380338353542074,0.32,6.618631241700664,4.190520706415243
gradient,0,0.8,0.5,50,2.3400214944386257,0.32,6.6167150179522825,4.188028069110432
gradient,0,0.81,0.5,50,1.7689284065419917,0.3,6.502136558335756,4.054511323252768
gradient,0,0.82,0.5,50,1.7691332121914412,0.3,6.49712869710558,4.050600606892547
gradient,0,0.83,0.5,50,1.774539290956813,0.3,6.495032751930797,4.050977631506605
gradient,0,0.84,0.5,50,1.8478656181066981,0.28,6.487380486221372,4.061866591687946
gradient,0,0.85,0.5,50,1.8560076757669575,0.24,6.482908636099185,4.060274405546637
gradient,0,0.86,0.5,50,1.858132070658719,0.24,6.478705916204885,4.05856397316819
gradient,0,0.87,0.5,50,1.8673328357377454,0.2,6.475058455172135,4.0619436999637655
gradient,0,0.88,0.5,50,1.8800202391565535,0.22,6.471712057581446,4.061850268590926
gradient,0,0.89,0.5,50,1.8844353065307036,0.24,6.466718846656381,4.061504614294248
gradient,0,0.9,0.5,50,1.901371006749192,0.24,6.460481967951743,4.059984668838497
gradient,0,0.91,0.5,50,1.9119063216980194,0.24,6.459018312984256,4.06141203949591
gradient,0,0.92,0.5,50,1.9140874834615311,0.24,6.458268303076743,4.059917688845532
gradient,0,0.93,0.5,50,1.9177126865942171,0.18,6.458782666603342,4.059802036177164
gradient,0,0.94,0.5,50,1.9202303984699127,0.22,6.459452363570932,4.061500887579127
gradient,0,0.95,0.5,50,2.1221008588728068,0.22,6.499518940831102,4.1135065484102284
gradient,0,0.96,0.5,50,2.12815999653502,0.22,6.502273657739401,4.118146902759594
gradient,0,0.97,0.5,50,2.1130546825144942,0.22,6.5026539563692385,4.114439489970638
gradient,0,0.98,0.5,50,2.434706580658384,0.2,6.565828249903579,4.182165300353633
gradient,0,0.99,0.5,50,2.409546636272908,0.22,6.567693838672362,4.182771893095697
gradient,1,0.0,0.0,50,1.2961404376819283,0.52,7.758056766152138,5.120878370092746
gradient,1,0.01,0.01,50,1.4296727625014842,0.58,7.5712215019237075,4.954453333554904
gradient,1,0.02,0.02,50,1.5085343719567834,0.52,6.99296617471445,4.46915689090802
gradient,1,0.03,0.03,50,2.2506399746739483,0.48,6.798556210067882,4.286993205607285
gradient,1,0.04,0.04,50,1.996560524943409,0.5,6.643314501992347,4.147565254251261
gradient,1,0.05,0.05,50,2.4680188746918024,0.48,6.632533287046049,4.126078388288339
gradient,1,0.06,0.06,50,3.275316638850222,0.4,6.629917259500152,4.1122672689767885
gradient,1,0.07,0.07,50,2.1924269159979004,0.4,6.512847121294073,4.013965690800667
gradient,1,0.08,0.08,50,2.1955560349997265,0.38,6.507683927766006,4.005351355616542
gradient,1,0.09,0.09,50,2.209410542239542,0.38,6.5203575600581765,4.014759122310219
gradient,1,0.1,0.1,50,2.138410352942778,0.38,6.489954767585519,4.008809212571553
gradient,1,0.11,0.11,50,1.9573019859309193,0.42,6.502410815519953,4.015220020732503
gradient,1,0.12,0.12,50,1.3073328082186761,0.48,6.472248657160623,3.987720290400379
gradient,1,0.13,0.13,50,1.2206005261041952,0.5,6.477125058257806,3.9855283854033927
gradient,1,0.14,0.14,50,1.1971134031172896,0.52,6.486236087444871,3.9835404040687785
gradient,1,0.15,0.15,50,0.6031141078525769,0.52,6.433565497470311,3.9177653135152313
gradient,1,0.16,0.16,50,0.9270078451820736,0.46,6.468414495992332,3.9604836311806952
gradient,1,0.17,0.17,50,0.7736121088649404,0.44,6.466242128776842,3.956189034634458
gradient,1,0.18,0.18,50,0.747164693485188,0.44,6.469877860592483,3.955950193531441
gradient,1,0.19,0.19,50,0.47721991062232294,0.44,6.4472128758914025,3.9256373850360196
gradient,1,0.2,0.2,50,0.6328289062388682,0.52,6.4754355273811335,3.956810089891817
gradient,1,0.21,0.21,50,0.608280311753112,0.46,6.461639443645458,3.941872681780971
gradient,1,0.22,0.22,50,0.46128420345180915,0.52,6.435067220084387,3.911234848646605
gradient,1,0.23,0.23,50,0.5759167483699464,0.5,6.45248016423611,3.9326761922449602
gradient,1,0.24,0.24,50,1.609643046021044,0.44,6.628376670021525,4.116792885949653
gradient,1,0.25,0.25,50,1.6638906206444388,0.42,6.638767177725148,4.119332364152575
gradient,1,0.26,0.26,50,1.1451017222056545,0.34,6.524207245336367,4.00835563261689
gradient,1,0.27,0.27,50,2.0768392719657816,0.34,6.693117465527044,4.1740085151161574
gradient,1,0.28,0.28,50,2.3056046067010487,0.32,6.729684693137038,4.207041255528264
gradient,1,0.29,0.29,50,1.6681652828650728,0.34,6.573106464759364,4.063013821622155
gradient,1,0.3,0.3,50,2.1411400661258004,0.32,6.658201169137402,4.131514840047838
gradient,1,0.31,0.31,50,2.36221082122037,0.36,6.700102114418784,4.1876272263426
gradient,1,0.32,0.32,50,1.6918853647153613,0.36,6.583410333289188,4.069223914989129
gradient,1,0.33,0.33,50,1.6569829852399198,0.36,6.57590772769733,4.064893072302784
gradient,1,0.34,0.34,50,1.8138994658160488,0.32,6.6022788130459995,4.107532530814959
gradient,1,0.35,0.35,50,2.0747513712944623,0.28,6.618635532521805,4.135935256737505
gradient,1,0.36,0.36,50,2.228523909912699,0.22,6.608659806978418,4.128459818651418
gradient,1,0.37,0.37,50,2.445735535492843,0.22,6.688738751764679,4.196082472524711
gradient,1,0.38,0.38,50,2.730858990641358,0.2,6.742112253045421,4.262843507464011
gradient,1,0.39,0.39,50,2.377621005371829,0.24,6.687802529018617,4.193083076525159
gradient,1,0.4,0.4,50,2.19094117937888,0.18,6.646741143867912,4.1417774490093455
gradient,1,0.41,0.41,50,1.5873594858948286,0.18,6.535342143812761,4.029409317529408
gradient,1,0.42,0.42,50,1.5621084340185973,0.16,6.536683877100262,4.026161915196415
gradient,1,0.43,0.43,50,1.7660890388604,0.18,6.54185162650841,4.028851726782895
gradient,1,0.44,0.44,50,1.70441937461434,0.16,6.5434625340733215,4.030146226389843
gradient,1,0.45,0.45,50,1.4974943629753488,0.22,6.512793027819505,3.991860623024601
gradient,1,0.46,0.46,50,1.4682443238621083,0.2,6.510155093373868,3.989228676890727
gradient,1,0.47,0.47,50,1.5078958039536365,0.16,6.506814711038617,3.988111451347621
gradient,1,0.48,0.48,50,1.6388382895759261,0.22,6.554190765111257,4.053198867297203
gradient,1,0.49,0.49,50,1.527677395221956,0.18,6.510818252103436,4.0319932548158945
gradient,1,0.5,0.5,50,1.4766223858541685,0.28,6.509654603791656,4.033496715034602
gradient,1,0.51,0.5,50,1.4713735974284237,0.26,6.5053651718664005,4.031622139445757
gradient,1,0.52,0.5,50,1.674475835991669,0.18,6.547886552963227,4.053550145420848
gradient,1,0.53,0.5,50,1.6389209492917503,0.24,6.547245023078439,4.053295457329041
gradient,1,0.54,0.5,50,1.6365020789159264,0.22,6.542303373244978,4.049512614693221
gradient,1,0.55,0.5,50,1.6289420899071945,0.2,6.535556531350858,4.0445781587254315
gradient,1,0.56,0.5,50,1.7377660173153089,0.18,6.5608494954420244,4.064947345306276
gradient,1,0.57,0.5,50,1.6679952732430547,0.18,6.5271582900067155,4.044068854671101
gradient,1,0.58,0.5,50,1.348058676476525,0.18,6.4623336533271045,3.975089929705377
gradient,1,0.59,0.5,50,1.3489488817562103,0.2,6.46210936921161,3.975290806169054
gradient,1,0.6,0.5,50,1.3359261934902265,0.2,6.453529986672695,3.9699003168429936
gradient,1,0.61,0.5,50,1.3546751068060106,0.2,6.45362252939701,3.9712545284110807
gradient,1,0.62,0.5,50,1.357357792439551,0.22,6.4546728264262185,3.971939769900887
gradient,1,0.63,0.5,50,1.3667237940882822,0.22,6.454912750146571,3.969783877791729
gradient,1,0.64,0.5,50,1.368824978710382,0.22,6.464242936580008,3.973176781991676
gradient,1,0.65,0.5,50,1.614110049482873,0.22,6.507117205525349,4.021444454110342
gradient,1,0.66,0.5,50,1.8014241828594078,0.2,6.53435525303585,4.023788856717139
gradient,1,0.67,0.5,50,1.8069516931606926,0.18,6.527437578832421,4.021280506539884
gradient,1,0.68,0.5,50,2.0023010930198653,0.18,6.556156946159393,4.06232317393251
gradient,1,0.69,0.5,50,1.7977178136534848,0.18,6.518954580698195,4.016252450802089
gradient,1,0.7,0.5,50,1.6012701609385376,0.18,6.471584107508424,3.989419392362973
gradient,1,0.71,0.5,50,1.6042830665087309,0.18,6.469918478928374,3.9880910718820406
gradient,1,0.72,0.5,50,1.5937946459906984,0.16,6.464329205892722,3.987664556452876
gradient,1,0.73,0.5,50,1.5892176886724099,0.14,6.465903441287752,3.9914679643327067
gradient,1,0.74,0.5,50,1.595816678327874,0.14,6.461724156714176,3.9856494581203306
gradient,1,0.75,0.5,50,1.592121709043954,0.14,6.456804193034784,3.981392729711048
gradient,1,0.76,0.5,50,1.7985004637615754,0.12,6.49777417992457,4.002536100554991
gradient,1,0.77,0.5,50,1.7970519249700538,0.12,6.49806052706483,4.003840432043281
gradient,1,0.78,0.5,50,1.7976079546478878,0.12,6.496209023475326,4.001643980440514
gradient,1,0.79,0.5,50,1.8186761328423608,0.12,6.492064944813705,3.999958236908401
gradient,1,0.8,0.5,50,1.8023614842657625,0.12,6.495112396362125,4.002137152347493
gradient,1,0.81,0.5,50,1.8201039192653405,0.12,6.489835410950933,3.99772297685654
gradient,1,0.82,0.5,50,1.8269992412929486,0.12,6.483501832499275,3.9931390586858475
gradient,1,0.83,0.5,50,1.8231816018983105,0.12,6.47773991775877,3.99056957733925
gradient,1,0.84,0.5,50,1.834674356274437,0.1,6.472642251062506,3.9875878626687724
gradient,1,0.85,0.5,50,1.828395814383901,0.12,6.4638715189482685,3.981422411787014
gradient,1,0.86,0.5,50,1.8354316451384622,0.12,6.457811792005224,3.978277723878136
gradient,1,0.87,0.5,50,1.8414297394350256,0.12,6.452740648132582,3.9809344701115568
gradient,1,0.88,0.5,50,2.0717272169657104,0.12,6.487504589660315,4.036275751894945
gradient,1,0.89,0.5,50,2.05977185471761,0.1,6.487188229966974,4.040945781952659
gradient,1,0.9,0.5,50,2.06062011060314,0.12,6.480121476977336,4.039832824049291
gradient,1,0.91,0.5,50,1.8507360351714979,0.16,6.430105135183004,4.01463813618892
gradient,1,0.92,0.5,50,2.0639082382040708,0.12,6.477884996214185,4.040322896514718
gradient,1,0.93,0.5,50,1.870431583269346,0.12,6.433944636289981,4.017108344935157
gradient,1,0.94,0.5,50,2.090425416487295,0.12,6.479072373461832,4.042878878306663
gradient,1,0.95,0.5,50,2.083812648018126,0.12,6.481274305462856,4.0454828455111445
gradient,1,0.96,0.5,50,2.07714451540984,0.1,6.484789149692278,4.051336023777971
gradient,1,0.97,0.5,50,2.0892773801573874,0.1,6.488152634837583,4.050910462884676
gradient,1,0.98,0.5,50,1.7939077224001394,0.1,6.440303427377915,4.013147236059795
gradient,1,0.99,0.5,50,2.067311546116523,0.1,6.497355552338702,4.055908196327445
