arm,batch,time,mean_translation_injection_A,mean_nontranslation_injection_rms_A,mean_total_injection_rms_A
unguided,0,0,0,0,0
unguided,0,0.01,0,0,0
unguided,0,0.02,0,0,0
unguided,0,0.03,0,0,0
unguided,0,0.04,0,0,0
unguided,0,0.05,0,0,0
unguided,0,0.06,0,0,0
unguided,0,0.07,0,0,0
unguided,0,0.08,0,0,0
unguided,0,0.09,0,0,0
unguided,0,0.1,0,0,0
unguided,0,0.11,0,0,0
unguided,0,0.12,0,0,0
unguided,0,0.13,0,0,0
unguided,0,0.14,0,0,0
unguided,0,0.15,0,0,0
unguided,0,0.16,0,0,0
unguided,0,0.17,0,0,0
unguided,0,0.18,0,0,0
unguided,0,0.19,0,0,0
unguided,0,0.2,0,0,0
unguided,0,0.21,0,0,0
unguided,0,0.22,0,0,0
unguided,0,0.23,0,0,0
unguided,0,0.24,0,0,0
unguided,0,0.25,0,0,0
unguided,0,0.26,0,0,0
unguided,0,0.27,0,0,0
unguided,0,0.28,0,0,0
unguided,0,0.29,0,0,0
unguided,0,0.3,0,0,0
unguided,0,0.31,0,0,0
unguided,0,0.32,0,0,0
unguided,0,0.33,0,0,0
unguided,0,0.34,0,0,0
unguided,0,0.35,0,0,0
unguided,0,0.36,0,0,0
unguided,0,0.37,0,0,0
unguided,0,0.38,0,0,0
unguided,0,0.39,0,0,0
unguided,0,0.4,0,0,0
unguided,0,0.41,0,0,0
unguided,0,0.42,0,0,0
unguided,0,0.43,0,0,0
unguided,0,0.44,0,0,0
unguided,0,0.45,0,0,0
unguided,0,0.46,0,0,0
unguided,0,0.47,0,0,0
unguided,0,0.48,0,0,0
unguided,0,0.49,0,0,0
unguided,0,0.5,0,0,0
unguided,0,0.51,0,0,0
unguided,0,0.52,0,0,0
unguided,0,0.53,0,0,0
unguided,0,0.54,0,0,0
unguided,0,0.55,0,0,0
unguided,0,0.56,0,0,0
unguided,0,0.57,0,0,0
unguided,0,0.58,0,0,0
unguided,0,0.59,0,0,0
unguided,0,0.6,0,0,0
unguided,0,0.61,0,0,0
unguided,0,0.62,0,0,0
unguided,0,0.63,0,0,0
unguided,0,0.64,0,0,0
unguided,0,0.65,0,0,0
unguided,0,0.66,0,0,0
unguided,0,0.67,0,0,0
unguided,0,0.68,0,0,0
unguided,0,0.69,0,0,0
unguided,0,0.7,0,0,0
unguided,0,0.71,0,0,0
unguided,0,0.72,0,0,0
unguided,0,0.73,0,0,0
unguided,0,0.74,0,0,0
unguided,0,0.75,0,0,0
unguided,0,0.76,0,0,0
unguided,0,0.77,0,0,0
unguided,0,0.78,0,0,0
unguided,0,0.79,0,0,0
unguided,0,0.8,0,0,0
unguided,0,0.81,0,0,0
unguided,0,0.82,0,0,0
unguided,0,0.83,0,0,0
unguided,0,0.84,0,0,0
unguided,0,0.85,0,0,0
unguided,0,0.86,0,0,0
unguided,0,0.87,0,0,0
unguided,0,0.88,0,0,0
unguided,0,0.89,0,0,0
unguided,0,0.9,0,0,0
unguided,0,0.91,0,0,0
unguided,0,0.92,0,0,0
unguided,0,0.93,0,0,0
unguided,0,0.94,0,0,0
unguided,0,0.95,0,0,0
unguided,0,0.96,0,0,0
unguided,0,0.97,0,0,0
unguided,0,0.98,0,0,0
unguided,0,0.99,0,0,0
unguided,1,0,0,0,0
unguided,1,0.01,0,0,0
unguided,1,0.02,0,0,0
unguided,1,0.03,0,0,0
unguided,1,0.04,0,0,0
unguided,1,0.05,0,0,0
unguided,1,0.06,0,0,0
unguided,1,0.07,0,0,0
unguided,1,0.08,0,0,0
unguided,1,0.09,0,0,0
unguided,1,0.1,0,0,0
unguided,1,0.11,0,0,0
unguided,1,0.12,0,0,0
unguided,1,0.13,0,0,0
unguided,1,0.14,0,0,0
unguided,1,0.15,0,0,0
unguided,1,0.16,0,0,0
unguided,1,0.17,0,0,0
unguided,1,0.18,0,0,0
unguided,1,0.19,0,0,0
unguided,1,0.2,0,0,0
unguided,1,0.21,0,0,0
unguided,1,0.22,0,0,0
unguided,1,0.23,0,0,0
unguided,1,0.24,0,0,0
unguided,1,0.25,0,0,0
unguided,1,0.26,0,0,0
unguided,1,0.27,0,0,0
unguided,1,0.28,0,0,0
unguided,1,0.29,0,0,0
unguided,1,0.3,0,0,0
unguided,1,0.31,0,0,0
unguided,1,0.32,0,0,0
unguided,1,0.33,0,0,0
unguided,1,0.34,0,0,0
unguided,1,0.35,0,0,0
unguided,1,0.36,0,0,0
unguided,1,0.37,0,0,0
unguided,1,0.38,0,0,0
unguided,1,0.39,0,0,0
unguided,1,0.4,0,0,0
unguided,1,0.41,0,0,0
unguided,1,0.42,0,0,0
unguided,1,0.43,0,0,0
unguided,1,0.44,0,0,0
unguided,1,0.45,0,0,0
unguided,1,0.46,0,0,0
unguided,1,0.47,0,0,0
unguided,1,0.48,0,0,0
unguided,1,0.49,0,0,0
unguided,1,0.5,0,0,0
unguided,1,0.51,0,0,0
unguided,1,0.52,0,0,0
unguided,1,0.53,0,0,0
unguided,1,0.54,0,0,0
unguided,1,0.55,0,0,0
unguided,1,0.56,0,0,0
unguided,1,0.57,0,0,0
unguided,1,0.58,0,0,0
unguided,1,0.59,0,0,0
unguided,1,0.6,0,0,0
unguided,1,0.61,0,0,0
unguided,1,0.62,0,0,0
unguided,1,0.63,0,0,0
unguided,1,0.64,0,0,0
unguided,1,0.65,0,0,0
unguided,1,0.66,0,0,0
unguided,1,0.67,0,0,0
unguided,1,0.68,0,0,0
unguided,1,0.69,0,0,0
unguided,1,0.7,0,0,0
unguided,1,0.71,0,0,0
unguided,1,0.72,0,0,0
unguided,1,0.73,0,0,0
unguided,1,0.74,0,0,0
unguided,1,0.75,0,0,0
unguided,1,0.76,0,0,0
unguided,1,0.77,0,0,0
unguided,1,0.78,0,0,0
unguided,1,0.79,0,0,0
unguided,1,0.8,0,0,0
unguided,1,0.81,0,0,0
unguided,1,0.82,0,0,0
unguided,1,0.83,0,0,0
unguided,1,0.84,0,0,0
unguided,1,0.85,0,0,0
unguided,1,0.86,0,0,0
unguided,1,0.87,0,0,0
unguided,1,0.88,0,0,0
unguided,1,0.89,0,0,0
unguided,1,0.9,0,0,0
unguided,1,0.91,0,0,0
unguided,1,0.92,0,0,0
unguided,1,0.93,0,0,0
unguided,1,0.94,0,0,0
unguided,1,0.95,0,0,0
unguided,1,0.96,0,0,0
unguided,1,0.97,0,0,0
unguided,1,0.98,0,0,0
unguided,1,0.99,0,0,0
gradient_zero,0,0,0,0,0
gradient_zero,0,0.01,0,0,0
gradient_zero,0,0.02,0,0,0
gradient_zero,0,0.03,0,0,0
gradient_zero,0,0.04,0,0,0
gradient_zero,0,0.05,0,0,0
gradient_zero,0,0.06,0,0,0
gradient_zero,0,0.07,0,0,0
gradient_zero,0,0.08,0,0,0
gradient_zero,0,0.09,0,0,0
gradient_zero,0,0.1,0,0,0
gradient_zero,0,0.11,0,0,0
gradient_zero,0,0.12,0,0,0
gradient_zero,0,0.13,0,0,0
gradient_zero,0,0.14,0,0,0
gradient_zero,0,0.15,0,0,0
gradient_zero,0,0.16,0,0,0
gradient_zero,0,0.17,0,0,0
gradient_zero,0,0.18,0,0,0
gradient_zero,0,0.19,0,0,0
gradient_zero,0,0.2,0,0,0
gradient_zero,0,0.21,0,0,0
gradient_zero,0,0.22,0,0,0
gradient_zero,0,0.23,0,0,0
gradient_zero,0,0.24,0,0,0
gradient_zero,0,0.25,0,0,0
gradient_zero,0,0.26,0,0,0
gradient_zero,0,0.27,0,0,0
gradient_zero,0,0.28,0,0,0
gradient_zero,0,0.29,0,0,0
gradient_zero,0,0.3,0,0,0
gradient_zero,0,0.31,0,0,0
gradient_zero,0,0.32,0,0,0
gradient_zero,0,0.33,0,0,0
gradient_zero,0,0.34,0,0,0
gradient_zero,0,0.35,0,0,0
gradient_zero,0,0.36,0,0,0
gradient_zero,0,0.37,0,0,0
gradient_zero,0,0.38,0,0,0
gradient_zero,0,0.39,0,0,0
gradient_zero,0,0.4,0,0,0
gradient_zero,0,0.41,0,0,0
gradient_zero,0,0.42,0,0,0
gradient_zero,0,0.43,0,0,0
gradient_zero,0,0.44,0,0,0
gradient_zero,0,0.45,0,0,0
gradient_zero,0,0.46,0,0,0
gradient_zero,0,0.47,0,0,0
gradient_zero,0,0.48,0,0,0
gradient_zero,0,0.49,0,0,0
gradient_zero,0,0.5,0,0,0
gradient_zero,0,0.51,0,0,0
gradient_zero,0,0.52,0,0,0
gradient_zero,0,0.53,0,0,0
gradient_zero,0,0.54,0,0,0
gradient_zero,0,0.55,0,0,0
gradient_zero,0,0.56,0,0,0
gradient_zero,0,0.57,0,0,0
gradient_zero,0,0.58,0,0,0
gradient_zero,0,0.59,0,0,0
gradient_zero,0,0.6,0,0,0
gradient_zero,0,0.61,0,0,0
gradient_zero,0,0.62,0,0,0
gradient_zero,0,0.63,0,0,0
gradient_zero,0,0.64,0,0,0
gradient_zero,0,0.65,0,0,0
gradient_zero,0,0.66,0,0,0
gradient_zero,0,0.67,0,0,0
gradient_zero,0,0.68,0,0,0
gradient_zero,0,0.69,0,0,0
gradient_zero,0,0.7,0,0,0
gradient_zero,0,0.71,0,0,0
gradient_zero,0,0.72,0,0,0
gradient_zero,0,0.73,0,0,0
gradient_zero,0,0.74,0,0,0
gradient_zero,0,0.75,0,0,0
gradient_zero,0,0.76,0,0,0
gradient_zero,0,0.77,0,0,0
gradient_zero,0,0.78,0,0,0
gradient_zero,0,0.79,0,0,0
gradient_zero,0,0.8,0,0,0
gradient_zero,0,0.81,0,0,0
gradient_zero,0,0.82,0,0,0
gradient_zero,0,0.83,0,0,0
gradient_zero,0,0.84,0,0,0
gradient_zero,0,0.85,0,0,0
gradient_zero,0,0.86,0,0,0
gradient_zero,0,0.87,0,0,0
gradient_zero,0,0.88,0,0,0
gradient_zero,0,0.89,0,0,0
gradient_zero,0,0.9,0,0,0
gradient_zero,0,0.91,0,0,0
gradient_zero,0,0.92,0,0,0
gradient_zero,0,0.93,0,0,0
gradient_zero,0,0.94,0,0,0
gradient_zero,0,0.95,0,0,0
gradient_zero,0,0.96,0,0,0
gradient_zero,0,0.97,0,0,0
gradient_zero,0,0.98,0,0,0
gradient_zero,0,0.99,0,0,0
gradient_zero,1,0,0,0,0
gradient_zero,1,0.01,0,0,0
gradient_zero,1,0.02,0,0,0
gradient_zero,1,0.03,0,0,0
gradient_zero,1,0.04,0,0,0
gradient_zero,1,0.05,0,0,0
gradient_zero,1,0.06,0,0,0
gradient_zero,1,0.07,0,0,0
gradient_zero,1,0.08,0,0,0
gradient_zero,1,0.09,0,0,0
gradient_zero,1,0.1,0,0,0
gradient_zero,1,0.11,0,0,0
gradient_zero,1,0.12,0,0,0
gradient_zero,1,0.13,0,0,0
gradient_zero,1,0.14,0,0,0
gradient_zero,1,0.15,0,0,0
gradient_zero,1,0.16,0,0,0
gradient_zero,1,0.17,0,0,0
gradient_zero,1,0.18,0,0,0
gradient_zero,1,0.19,0,0,0
gradient_zero,1,0.2,0,0,0
gradient_zero,1,0.21,0,0,0
gradient_zero,1,0.22,0,0,0
gradient_zero,1,0.23,0,0,0
gradient_zero,1,0.24,0,0,0
gradient_zero,1,0.25,0,0,0
gradient_zero,1,0.26,0,0,0
gradient_zero,1,0.27,0,0,0
gradient_zero,1,0.28,0,0,0
gradient_zero,1,0.29,0,0,0
gradient_zero,1,0.3,0,0,0
gradient_zero,1,0.31,0,0,0
gradient_zero,1,0.32,0,0,0
gradient_zero,1,0.33,0,0,0
gradient_zero,1,0.34,0,0,0
gradient_zero,1,0.35,0,0,0
gradient_zero,1,0.36,0,0,0
gradient_zero,1,0.37,0,0,0
gradient_zero,1,0.38,0,0,0
gradient_zero,1,0.39,0,0,0
gradient_zero,1,0.4,0,0,0
gradient_zero,1,0.41,0,0,0
gradient_zero,1,0.42,0,0,0
gradient_zero,1,0.43,0,0,0
gradient_zero,1,0.44,0,0,0
gradient_zero,1,0.45,0,0,0
gradient_zero,1,0.46,0,0,0
gradient_zero,1,0.47,0,0,0
gradient_zero,1,0.48,0,0,0
gradient_zero,1,0.49,0,0,0
gradient_zero,1,0.5,0,0,0
gradient_zero,1,0.51,0,0,0
gradient_zero,1,0.52,0,0,0
gradient_zero,1,0.53,0,0,0
gradient_zero,1,0.54,0,0,0
gradient_zero,1,0.55,0,0,0
gradient_zero,1,0.56,0,0,0
gradient_zero,1,0.57,0,0,0
gradient_zero,1,0.58,0,0,0
gradient_zero,1,0.59,0,0,0
gradient_zero,1,0.6,0,0,0
gradient_zero,1,0.61,0,0,0
gradient_zero,1,0.62,0,0,0
gradient_zero,1,0.63,0,0,0
gradient_zero,1,0.64,0,0,0
gradient_zero,1,0.65,0,0,0
gradient_zero,1,0.66,0,0,0
gradient_zero,1,0.67,0,0,0
gradient_zero,1,0.68,0,0,0
gradient_zero,1,0.69,0,0,0
gradient_zero,1,0.7,0,0,0
gradient_zero,1,0.71,0,0,0
gradient_zero,1,0.72,0,0,0
gradient_zero,1,0.73,0,0,0
gradient_zero,1,0.74,0,0,0
gradient_zero,1,0.75,0,0,0
gradient_zero,1,0.76,0,0,0
gradient_zero,1,0.77,0,0,0
gradient_zero,1,0.78,0,0,0
gradient_zero,1,0.79,0,0,0
gradient_zero,1,0.8,0,0,0
gradient_zero,1,0.81,0,0,0
gradient_zero,1,0.82,0,0,0
gradient_zero,1,0.83,0,0,0
gradient_zero,1,0.84,0,0,0
gradient_zero,1,0.85,0,0,0
gradient_zero,1,0.86,0,0,0
gradient_zero,1,0.87,0,0,0
gradient_zero,1,0.88,0,0,0
gradient_zero,1,0.89,0,0,0
gradient_zero,1,0.9,0,0,0
gradient_zero,1,0.91,0,0,0
gradient_zero,1,0.92,0,0,0
gradient_zero,1,0.93,0,0,0
gradient_zero,1,0.94,0,0,0
gradient_zero,1,0.95,0,0,0
gradient_zero,1,0.96,0,0,0
gradient_zero,1,0.97,0,0,0
gradient_zero,1,0.98,0,0,0
gradient_zero,1,0.99,0,0,0
gradient,0,0,0.0045875850459,0.00963134290116,0.0108949390422
gradient,0,0.01,0.000703097461419,0.0130507786273,0.0130734123096
gradient,0,0.02,0.000700557533112,0.013135969183,0.013157366237
gradient,0,0.03,0.000666280915277,0.0132279202142,0.013247483994
gradient,0,0.04,0.000589276592309,0.0133080402853,0.0133239160117
gradient,0,0.05,0.000747756433646,0.0133577611345,0.0133853098598
gradient,0,0.06,0.000801913901456,0.0133820312538,0.0134117087592
gradient,0,0.07,0.000858991203869,0.0134137665431,0.0134466591775
gradient,0,0.08,0.00081767305115,0.0134635670334,0.0134943590663
gradient,0,0.09,0.00124786458376,0.0134792010292,0.0135448558338
gradient,0,0.1,0.00107153875577,0.0134985742318,0.013547903826
gradient,0,0.11,0.00120742480497,0.0134744682701,0.0135366779647
gradient,0,0.12,0.00144794791326,0.0134492545667,0.013539815625
gradient,0,0.13,0.00138900389291,0.0134515855499,0.0135349504239
gradient,0,0.14,0.00169553361794,0.0133915229148,0.0135113330333
gradient,0,0.15,0.00176088620437,0.0133436347506,0.0134734912043
gradient,0,0.16,0.00162035438461,0.0133392980183,0.0134590913259
gradient,0,0.17,0.00171347984695,0.0133367011719,0.0134740518158
gradient,0,0.18,0.0016335355788,0.0133705476664,0.0134919864003
gradient,0,0.19,0.00150377692013,0.013395569199,0.0135071040779
gradient,0,0.2,0.00161890398001,0.0133874110535,0.0135154279489
gradient,0,0.21,0.00178118698467,0.0133658646825,0.0135151812069
gradient,0,0.22,0.00180156353376,0.0133725599872,0.0135171810791
gradient,0,0.23,0.0017842047995,0.0133710299586,0.013510258346
gradient,0,0.24,0.0016978875712,0.0133873736972,0.0135153134714
gradient,0,0.25,0.00190135892766,0.0133392608803,0.0135084842884
gradient,0,0.26,0.00196809117153,0.013297271906,0.0134930658954
gradient,0,0.27,0.00195826052732,0.013286815292,0.0134905645605
gradient,0,0.28,0.00188877941124,0.0133138323952,0.0134975894073
gradient,0,0.29,0.00209460734012,0.0132633985905,0.0134940597978
gradient,0,0.3,0.00232500973631,0.0132245625334,0.0134839167508
gradient,0,0.31,0.00297244478563,0.0130504328886,0.0134789913646
gradient,0,0.32,0.00289392975604,0.0130821071072,0.0134817304275
gradient,0,0.33,0.00264848042677,0.0131576223738,0.0134903358828
gradient,0,0.34,0.00291678425944,0.0131032478448,0.0135155978722
gradient,0,0.35,0.003074388939,0.0130708351458,0.0135207028974
gradient,0,0.36,0.00301244776379,0.0131036846643,0.0135497143242
gradient,0,0.37,0.00345506372121,0.0129797293308,0.0135562680257
gradient,0,0.38,0.00392184981351,0.0128225090079,0.013557905316
gradient,0,0.39,0.00404891316631,0.0127599514953,0.0135582175657
gradient,0,0.4,0.00369365028809,0.0129200110105,0.0135610072884
gradient,0,0.41,0.00321364659785,0.0130893101552,0.0135690679177
gradient,0,0.42,0.00329827696739,0.0130071405659,0.0135444986768
gradient,0,0.43,0.00366104582507,0.0128972613956,0.0135412441697
gradient,0,0.44,0.00381071788214,0.0128844852708,0.0135618541299
gradient,0,0.45,0.00410640145799,0.0127891786637,0.013589529962
gradient,0,0.46,0.00343485725275,0.0130529539142,0.0135947441898
gradient,0,0.47,0.00352568394209,0.013080019165,0.0136263406505
gradient,0,0.48,0.00431617069088,0.0127749817233,0.0136455183764
gradient,0,0.49,0.00421441853855,0.0129331244684,0.0136752847712
gradient,0,0.5,0,0,0
gradient,0,0.51,0,0,0
gradient,0,0.52,0,0,0
gradient,0,0.53,0,0,0
gradient,0,0.54,0,0,0
gradient,0,0.55,0,0,0
gradient,0,0.56,0,0,0
gradient,0,0.57,0,0,0
gradient,0,0.58,0,0,0
gradient,0,0.59,0,0,0
gradient,0,0.6,0,0,0
gradient,0,0.61,0,0,0
gradient,0,0.62,0,0,0
gradient,0,0.63,0,0,0
gradient,0,0.64,0,0,0
gradient,0,0.65,0,0,0
gradient,0,0.66,0,0,0
gradient,0,0.67,0,0,0
gradient,0,0.68,0,0,0
gradient,0,0.69,0,0,0
gradient,0,0.7,0,0,0
gradient,0,0.71,0,0,0
gradient,0,0.72,0,0,0
gradient,0,0.73,0,0,0
gradient,0,0.74,0,0,0
gradient,0,0.75,0,0,0
gradient,0,0.76,0,0,0
gradient,0,0.77,0,0,0
gradient,0,0.78,0,0,0
gradient,0,0.79,0,0,0
gradient,0,0.8,0,0,0
gradient,0,0.81,0,0,0
gradient,0,0.82,0,0,0
gradient,0,0.83,0,0,0
gradient,0,0.84,0,0,0
gradient,0,0.85,0,0,0
gradient,0,0.86,0,0,0
gradient,0,0.87,0,0,0
gradient,0,0.88,0,0,0
gradient,0,0.89,0,0,0
gradient,0,0.9,0,0,0
gradient,0,0.91,0,0,0
gradient,0,0.92,0,0,0
gradient,0,0.93,0,0,0
gradient,0,0.94,0,0,0
gradient,0,0.95,0,0,0
gradient,0,0.96,0,0,0
gradient,0,0.97,0,0,0
gradient,0,0.98,0,0,0
gradient,0,0.99,0,0,0
gradient,1,0,0.00445425827591,0.00983430697915,0.0109355816082
gradient,1,0.01,0.000698324025362,0.0130132761975,0.0130336232716
gradient,1,0.02,0.000758375114454,0.0130864306966,0.0131108750794
gradient,1,0.03,0.000669861679232,0.0131930538403,0.0132129567976
gradient,1,0.04,0.000636266499872,0.0132891396685,0.0133070163828
gradient,1,0.05,0.000865682081335,0.0133449441108,0.0133790401635
gradient,1,0.06,0.000950673747335,0.0133746228202,0.0134161265269
gradient,1,0.07,0.000920782761978,0.0134128174029,0.0134496196045
gradient,1,0.08,0.000860782897345,0.0134666260796,0.0134992656162
gradient,1,0.09,0.0011530379086,0.013485756663,0.0135418844552
gradient,1,0.1,0.00101170534422,0.0134871900471,0.013529584346
gradient,1,0.11,0.00096679886434,0.0134663036071,0.0135061849166
gradient,1,0.12,0.00123604262857,0.0134358802948,0.0134997521853
gradient,1,0.13,0.00123752630533,0.0134298953832,0.0134954900418
gradient,1,0.14,0.0013444858732,0.0134071183133,0.0134877238823
gradient,1,0.15,0.00152673784627,0.0133491617515,0.0134549173996
gradient,1,0.16,0.00159286187162,0.013338809762,0.0134600529414
gradient,1,0.17,0.00187387292344,0.0133243700589,0.0134783048257
gradient,1,0.18,0.00184597175242,0.013340944925,0.013491059272
gradient,1,0.19,0.00192611259967,0.0133322046861,0.0134914267081
gradient,1,0.2,0.00189104996137,0.0133328974635,0.0134907275179
gradient,1,0.21,0.00196270289565,0.0132998262271,0.0134703116318
gradient,1,0.22,0.0018317471268,0.0132856985751,0.0134525542191
gradient,1,0.23,0.00184427363463,0.0132659357689,0.0134285283786
gradient,1,0.24,0.0016187032649,0.0132873428914,0.0134229409411
gradient,1,0.25,0.00201991975207,0.013193684262,0.0134136672379
gradient,1,0.26,0.00234396845608,0.013128486467,0.0134087351446
gradient,1,0.27,0.00229273349958,0.0131526228022,0.0134222511369
gradient,1,0.28,0.00224301158949,0.0131607766545,0.0134325272664
gradient,1,0.29,0.00236724887184,0.0131310695169,0.013433277689
gradient,1,0.3,0.00251762930511,0.0130960170609,0.0134338379035
gradient,1,0.31,0.00296623245359,0.0129652079065,0.0134319391969
gradient,1,0.32,0.00303859737627,0.0129612839493,0.0134206746583
gradient,1,0.33,0.00280676538969,0.0130400302348,0.0134356918096
gradient,1,0.34,0.00316058221438,0.012930932078,0.013453092166
gradient,1,0.35,0.00345988637916,0.0128229399117,0.01344979047
gradient,1,0.36,0.00327929155271,0.0129250273427,0.0134787274934
gradient,1,0.37,0.00347409762822,0.0128430599361,0.013489283221
gradient,1,0.38,0.00366456220393,0.0127821731586,0.0134890123856
gradient,1,0.39,0.0039595416353,0.0126968782371,0.0134941391287
gradient,1,0.4,0.0037208765203,0.0128425957484,0.013499337014
gradient,1,0.41,0.0035793997681,0.0128701553097,0.0135133858347
gradient,1,0.42,0.0037143644691,0.0128161096463,0.0134795345945
gradient,1,0.43,0.00398358861411,0.0126983770347,0.0134661183407
gradient,1,0.44,0.0046683057866,0.0124716993448,0.0134882725988
gradient,1,0.45,0.00482945398403,0.0124551833254,0.0135055783256
gradient,1,0.46,0.00435505147012,0.0126302397355,0.0135107045581
gradient,1,0.47,0.00451463902255,0.0125732593442,0.0135313256388
gradient,1,0.48,0.0048772240842,0.0124033337877,0.0135517365152
gradient,1,0.49,0.00526369419729,0.0123552151023,0.0135869651482
gradient,1,0.5,0,0,0
gradient,1,0.51,0,0,0
gradient,1,0.52,0,0,0
gradient,1,0.53,0,0,0
gradient,1,0.54,0,0,0
gradient,1,0.55,0,0,0
gradient,1,0.56,0,0,0
gradient,1,0.57,0,0,0
gradient,1,0.58,0,0,0
gradient,1,0.59,0,0,0
gradient,1,0.6,0,0,0
gradient,1,0.61,0,0,0
gradient,1,0.62,0,0,0
gradient,1,0.63,0,0,0
gradient,1,0.64,0,0,0
gradient,1,0.65,0,0,0
gradient,1,0.66,0,0,0
gradient,1,0.67,0,0,0
gradient,1,0.68,0,0,0
gradient,1,0.69,0,0,0
gradient,1,0.7,0,0,0
gradient,1,0.71,0,0,0
gradient,1,0.72,0,0,0
gradient,1,0.73,0,0,0
gradient,1,0.74,0,0,0
gradient,1,0.75,0,0,0
gradient,1,0.76,0,0,0
gradient,1,0.77,0,0,0
gradient,1,0.78,0,0,0
gradient,1,0.79,0,0,0
gradient,1,0.8,0,0,0
gradient,1,0.81,0,0,0
gradient,1,0.82,0,0,0
gradient,1,0.83,0,0,0
gradient,1,0.84,0,0,0
gradient,1,0.85,0,0,0
gradient,1,0.86,0,0,0
gradient,1,0.87,0,0,0
gradient,1,0.88,0,0,0
gradient,1,0.89,0,0,0
gradient,1,0.9,0,0,0
gradient,1,0.91,0,0,0
gradient,1,0.92,0,0,0
gradient,1,0.93,0,0,0
gradient,1,0.94,0,0,0
gradient,1,0.95,0,0,0
gradient,1,0.96,0,0,0
gradient,1,0.97,0,0,0
gradient,1,0.98,0,0,0
gradient,1,0.99,0,0,0
