arm,baseline,metric,missing_batch_pairs,n_batches,mean_difference,t_ci_low,t_ci_high,sign_flip_p,positive_batches,negative_batches
gradient_region,unguided,ck2_rescore_all,0,4,-0.00136709213257,-0.071951649996,0.0692174657309,1,3,1
gradient_region,unguided,ck2_rescore_valid,0,4,-0.00114369501359,-0.0734984270041,0.0712110369769,1,3,1
gradient_region,unguided,valid_fraction,0,4,0.005,-0.0109122315264,0.0209122315264,1,1,0
gradient_region,unguided,connected_fraction,0,4,0.005,-0.0109122315264,0.0209122315264,1,1,0
gradient_region,unguided,unique_smiles_fraction,0,4,0.01,-0.00837386231037,0.0283738623104,0.5,2,0
gradient_region,unguided,clash_fraction_among_measured_valid,0,4,0,0,0,1,0,0
gradient_region,unguided,qed_valid,0,4,0.00121769909448,-0.0096657711487,0.0121011693377,1,1,3
gradient_region_compact,unguided,ck2_rescore_all,0,4,0.00413289546967,-0.0556419184357,0.063907709375,0.75,3,1
gradient_region_compact,unguided,ck2_rescore_valid,0,4,0.00436812340537,-0.0571053851951,0.0658416320059,0.75,3,1
gradient_region_compact,unguided,valid_fraction,0,4,0.005,-0.0109122315264,0.0209122315264,1,1,0
gradient_region_compact,unguided,connected_fraction,0,4,0.005,-0.0109122315264,0.0209122315264,1,1,0
gradient_region_compact,unguided,unique_smiles_fraction,0,4,0.005,-0.0254696036166,0.0354696036166,1,2,1
gradient_region_compact,unguided,clash_fraction_among_measured_valid,0,4,0,0,0,1,0,0
gradient_region_compact,unguided,qed_valid,0,4,-0.00215895232561,-0.0178316771908,0.0135137725396,0.625,1,3
single,unguided,ck2_rescore_all,0,4,0.116555836201,-0.149791473041,0.382903145443,0.375,3,1
single,unguided,ck2_rescore_valid,0,4,0.115895873473,-0.164501190962,0.396292937908,0.375,3,1
single,unguided,valid_fraction,0,4,-0.02,-0.169269963051,0.129269963051,0.75,2,2
single,unguided,connected_fraction,0,4,-0.02,-0.169269963051,0.129269963051,0.75,2,2
single,unguided,unique_smiles_fraction,0,4,-0.27,-0.361869311552,-0.178130688448,0.125,0,4
single,unguided,clash_fraction_among_measured_valid,0,4,0,0,0,1,0,0
single,unguided,qed_valid,0,4,-0.0164895228593,-0.0608861927231,0.0279071470046,0.375,1,3
