batch,time,known_nodes,elite_ancestor_nodes,covered_elite_ancestors
0,0.0,2,1,1
0,0.01,2,1,1
0,0.02,2,1,1
0,0.03,2,1,1
0,0.04,2,1,1
0,0.05,2,1,1
0,0.06,2,1,1
0,0.07,2,1,1
0,0.08,2,1,1
0,0.09,2,1,1
0,0.1,2,1,1
0,0.11,2,1,1
0,0.12,2,1,1
0,0.13,2,1,1
0,0.14,2,1,1
0,0.15,2,1,1
0,0.16,2,1,1
0,0.17,2,1,1
0,0.18,2,1,1
0,0.19,2,1,1
0,0.2,2,1,1
0,0.21,2,1,1
0,0.22,2,1,1
0,0.23,2,1,1
0,0.24,2,1,1
0,0.25,3,1,1
0,0.26,4,2,1
0,0.27,4,2,1
0,0.28,4,2,1
0,0.29,4,2,1
0,0.3,4,2,1
0,0.31,4,2,1
0,0.32,4,2,1
0,0.33,4,2,1
0,0.34,4,2,1
0,0.35,4,2,1
0,0.36,5,2,1
0,0.37,7,2,1
0,0.38,7,2,1
0,0.39,7,2,1
0,0.4,8,3,2
0,0.41,8,3,2
0,0.42,8,3,1
0,0.43,9,3,1
0,0.44,9,3,1
0,0.45,10,3,1
0,0.46,14,3,1
0,0.47,15,4,1
0,0.48,19,4,1
0,0.49,24,5,1
0,0.5,33,6,2
1,0.0,2,0,0
1,0.01,2,0,0
1,0.02,2,0,0
1,0.03,2,0,0
1,0.04,2,0,0
1,0.05,2,0,0
1,0.06,2,0,0
1,0.07,2,0,0
1,0.08,2,0,0
1,0.09,2,0,0
1,0.1,2,0,0
1,0.11,2,0,0
1,0.12,2,0,0
1,0.13,2,0,0
1,0.14,2,0,0
1,0.15,2,0,0
1,0.16,2,0,0
1,0.17,2,0,0
1,0.18,3,0,0
1,0.19,3,0,0
1,0.2,3,0,0
1,0.21,3,0,0
1,0.22,3,0,0
1,0.23,4,0,0
1,0.24,4,0,0
1,0.25,4,0,0
1,0.26,4,0,0
1,0.27,4,0,0
1,0.28,4,0,0
1,0.29,4,0,0
1,0.3,4,0,0
1,0.31,4,0,0
1,0.32,4,0,0
1,0.33,5,0,0
1,0.34,5,0,0
1,0.35,5,0,0
1,0.36,6,0,0
1,0.37,8,0,0
1,0.38,8,0,0
1,0.39,8,0,0
1,0.4,8,0,0
1,0.41,9,0,0
1,0.42,9,0,0
1,0.43,10,0,0
1,0.44,10,0,0
1,0.45,12,0,0
1,0.46,16,0,0
1,0.47,17,0,0
1,0.48,20,0,0
1,0.49,24,0,0
1,0.5,31,0,0
2,0.0,1,1,1
2,0.01,1,1,1
2,0.02,1,1,1
2,0.03,1,1,1
2,0.04,1,1,1
2,0.05,1,1,1
2,0.06,1,1,1
2,0.07,1,1,1
2,0.08,1,1,1
2,0.09,1,1,1
2,0.1,1,1,1
2,0.11,1,1,1
2,0.12,1,1,1
2,0.13,1,1,1
2,0.14,2,1,1
2,0.15,2,1,1
2,0.16,2,1,1
2,0.17,2,1,1
2,0.18,2,1,1
2,0.19,2,1,1
2,0.2,2,1,1
2,0.21,2,1,1
2,0.22,4,1,0
2,0.23,4,1,0
2,0.24,4,1,0
2,0.25,4,1,0
2,0.26,4,1,0
2,0.27,4,1,0
2,0.28,4,1,0
2,0.29,5,1,0
2,0.3,5,1,0
2,0.31,6,1,0
2,0.32,6,1,0
2,0.33,7,1,0
2,0.34,7,1,0
2,0.35,7,1,0
2,0.36,7,1,0
2,0.37,7,1,0
2,0.38,7,1,0
2,0.39,7,1,0
2,0.4,7,1,0
2,0.41,9,1,0
2,0.42,9,1,0
2,0.43,10,1,0
2,0.44,12,1,0
2,0.45,14,1,1
2,0.46,14,1,1
2,0.47,14,1,1
2,0.48,17,1,1
2,0.49,24,1,1
2,0.5,32,1,0
3,0.0,1,1,1
3,0.01,1,1,1
3,0.02,1,1,1
3,0.03,1,1,1
3,0.04,1,1,1
3,0.05,1,1,1
3,0.06,1,1,1
3,0.07,1,1,1
3,0.08,2,1,1
3,0.09,2,1,1
3,0.1,2,1,1
3,0.11,2,1,1
3,0.12,2,1,1
3,0.13,2,1,1
3,0.14,2,1,1
3,0.15,2,1,1
3,0.16,2,1,1
3,0.17,2,1,1
3,0.18,2,1,1
3,0.19,2,1,1
3,0.2,2,1,1
3,0.21,2,1,1
3,0.22,2,1,1
3,0.23,3,1,1
3,0.24,3,1,1
3,0.25,3,1,1
3,0.26,3,1,1
3,0.27,3,1,1
3,0.28,3,1,1
3,0.29,3,1,1
3,0.3,3,1,1
3,0.31,3,1,1
3,0.32,3,1,1
3,0.33,4,1,1
3,0.34,4,1,1
3,0.35,5,1,0
3,0.36,6,1,0
3,0.37,6,1,0
3,0.38,6,1,0
3,0.39,7,1,0
3,0.4,7,1,0
3,0.41,7,1,0
3,0.42,8,1,0
3,0.43,8,1,0
3,0.44,8,1,0
3,0.45,8,1,0
3,0.46,9,1,0
3,0.47,13,1,0
3,0.48,15,1,0
3,0.49,22,1,1
3,0.5,29,2,1
4,0.0,1,1,1
4,0.01,1,1,1
4,0.02,1,1,1
4,0.03,1,1,1
4,0.04,1,1,1
4,0.05,1,1,1
4,0.06,1,1,1
4,0.07,1,1,1
4,0.08,1,1,1
4,0.09,1,1,1
4,0.1,1,1,1
4,0.11,1,1,1
4,0.12,1,1,1
4,0.13,1,1,1
4,0.14,1,1,1
4,0.15,1,1,1
4,0.16,1,1,1
4,0.17,1,1,1
4,0.18,1,1,1
4,0.19,1,1,1
4,0.2,1,1,1
4,0.21,1,1,1
4,0.22,1,1,1
4,0.23,1,1,1
4,0.24,1,1,1
4,0.25,2,2,1
4,0.26,2,2,2
4,0.27,2,2,2
4,0.28,2,2,2
4,0.29,3,2,2
4,0.3,3,2,2
4,0.31,3,2,1
4,0.32,3,2,1
4,0.33,3,2,1
4,0.34,3,2,1
4,0.35,3,2,1
4,0.36,3,2,1
4,0.37,3,2,1
4,0.38,4,2,0
4,0.39,4,2,1
4,0.4,4,2,1
4,0.41,5,2,1
4,0.42,5,2,1
4,0.43,6,2,1
4,0.44,7,2,0
4,0.45,10,3,1
4,0.46,12,4,1
4,0.47,15,4,0
4,0.48,16,4,0
4,0.49,22,4,1
4,0.5,28,4,2
5,0.0,1,0,0
5,0.01,1,0,0
5,0.02,1,0,0
5,0.03,1,0,0
5,0.04,1,0,0
5,0.05,1,0,0
5,0.06,1,0,0
5,0.07,1,0,0
5,0.08,1,0,0
5,0.09,1,0,0
5,0.1,1,0,0
5,0.11,1,0,0
5,0.12,1,0,0
5,0.13,1,0,0
5,0.14,1,0,0
5,0.15,2,0,0
5,0.16,2,0,0
5,0.17,2,0,0
5,0.18,2,0,0
5,0.19,2,0,0
5,0.2,2,0,0
5,0.21,2,0,0
5,0.22,2,0,0
5,0.23,2,0,0
5,0.24,2,0,0
5,0.25,2,0,0
5,0.26,2,0,0
5,0.27,2,0,0
5,0.28,2,0,0
5,0.29,2,0,0
5,0.3,2,0,0
5,0.31,2,0,0
5,0.32,2,0,0
5,0.33,2,0,0
5,0.34,2,0,0
5,0.35,2,0,0
5,0.36,2,0,0
5,0.37,2,0,0
5,0.38,3,0,0
5,0.39,3,0,0
5,0.4,3,0,0
5,0.41,4,0,0
5,0.42,6,0,0
5,0.43,6,0,0
5,0.44,8,0,0
5,0.45,10,0,0
5,0.46,12,0,0
5,0.47,15,0,0
5,0.48,21,0,0
5,0.49,25,0,0
5,0.5,35,0,0
6,0.0,1,0,0
6,0.01,1,0,0
6,0.02,1,0,0
6,0.03,1,0,0
6,0.04,1,0,0
6,0.05,1,0,0
6,0.06,1,0,0
6,0.07,1,0,0
6,0.08,1,0,0
6,0.09,1,0,0
6,0.1,1,0,0
6,0.11,1,0,0
6,0.12,1,0,0
6,0.13,1,0,0
6,0.14,1,0,0
6,0.15,1,0,0
6,0.16,1,0,0
6,0.17,2,0,0
6,0.18,2,0,0
6,0.19,2,0,0
6,0.2,2,0,0
6,0.21,3,0,0
6,0.22,3,0,0
6,0.23,3,0,0
6,0.24,3,0,0
6,0.25,3,0,0
6,0.26,4,0,0
6,0.27,4,0,0
6,0.28,4,0,0
6,0.29,4,0,0
6,0.3,4,0,0
6,0.31,4,0,0
6,0.32,4,0,0
6,0.33,4,0,0
6,0.34,4,0,0
6,0.35,4,0,0
6,0.36,4,0,0
6,0.37,4,0,0
6,0.38,4,0,0
6,0.39,4,0,0
6,0.4,6,0,0
6,0.41,6,0,0
6,0.42,6,0,0
6,0.43,7,0,0
6,0.44,9,0,0
6,0.45,11,0,0
6,0.46,14,0,0
6,0.47,16,0,0
6,0.48,18,0,0
6,0.49,24,0,0
6,0.5,33,0,0
7,0.0,1,1,1
7,0.01,1,1,1
7,0.02,1,1,1
7,0.03,1,1,1
7,0.04,1,1,1
7,0.05,1,1,1
7,0.06,1,1,1
7,0.07,1,1,1
7,0.08,1,1,1
7,0.09,1,1,1
7,0.1,1,1,1
7,0.11,1,1,1
7,0.12,1,1,1
7,0.13,1,1,1
7,0.14,1,1,1
7,0.15,1,1,1
7,0.16,1,1,1
7,0.17,1,1,1
7,0.18,1,1,1
7,0.19,1,1,1
7,0.2,1,1,1
7,0.21,1,1,1
7,0.22,1,1,1
7,0.23,1,1,1
7,0.24,1,1,1
7,0.25,1,1,1
7,0.26,1,1,1
7,0.27,2,1,1
7,0.28,3,1,1
7,0.29,3,1,1
7,0.3,3,1,1
7,0.31,3,1,1
7,0.32,3,1,1
7,0.33,4,1,1
7,0.34,4,1,1
7,0.35,4,1,1
7,0.36,5,2,1
7,0.37,5,2,1
7,0.38,5,2,2
7,0.39,6,2,1
7,0.4,6,2,1
7,0.41,7,2,1
7,0.42,7,2,1
7,0.43,7,2,1
7,0.44,8,3,1
7,0.45,9,3,1
7,0.46,10,4,1
7,0.47,15,4,1
7,0.48,17,4,1
7,0.49,20,4,1
7,0.5,30,4,2
8,0.0,2,0,0
8,0.01,2,0,0
8,0.02,2,0,0
8,0.03,2,0,0
8,0.04,2,0,0
8,0.05,2,0,0
8,0.06,3,0,0
8,0.07,3,0,0
8,0.08,3,0,0
8,0.09,3,0,0
8,0.1,3,0,0
8,0.11,3,0,0
8,0.12,3,0,0
8,0.13,3,0,0
8,0.14,4,0,0
8,0.15,4,0,0
8,0.16,4,0,0
8,0.17,4,0,0
8,0.18,4,0,0
8,0.19,4,0,0
8,0.2,4,0,0
8,0.21,4,0,0
8,0.22,4,0,0
8,0.23,4,0,0
8,0.24,4,0,0
8,0.25,4,0,0
8,0.26,4,0,0
8,0.27,4,0,0
8,0.28,4,0,0
8,0.29,4,0,0
8,0.3,4,0,0
8,0.31,4,0,0
8,0.32,4,0,0
8,0.33,4,0,0
8,0.34,4,0,0
8,0.35,4,0,0
8,0.36,4,0,0
8,0.37,4,0,0
8,0.38,6,0,0
8,0.39,6,0,0
8,0.4,6,0,0
8,0.41,7,0,0
8,0.42,9,0,0
8,0.43,10,0,0
8,0.44,10,0,0
8,0.45,10,0,0
8,0.46,13,0,0
8,0.47,15,0,0
8,0.48,16,0,0
8,0.49,23,0,0
8,0.5,29,0,0
9,0.0,1,1,1
9,0.01,1,1,1
9,0.02,1,1,1
9,0.03,1,1,1
9,0.04,1,1,1
9,0.05,1,1,1
9,0.06,1,1,1
9,0.07,1,1,1
9,0.08,1,1,1
9,0.09,1,1,1
9,0.1,1,1,1
9,0.11,1,1,1
9,0.12,1,1,1
9,0.13,1,1,1
9,0.14,2,1,1
9,0.15,2,1,1
9,0.16,2,1,1
9,0.17,2,1,1
9,0.18,2,1,1
9,0.19,2,1,1
9,0.2,2,1,1
9,0.21,2,1,1
9,0.22,2,1,1
9,0.23,3,1,1
9,0.24,3,1,1
9,0.25,3,1,1
9,0.26,3,1,1
9,0.27,3,1,1
9,0.28,4,1,1
9,0.29,4,1,1
9,0.3,4,1,1
9,0.31,5,1,1
9,0.32,5,1,1
9,0.33,5,1,1
9,0.34,5,1,1
9,0.35,6,1,1
9,0.36,6,1,1
9,0.37,7,1,1
9,0.38,7,1,1
9,0.39,7,1,1
9,0.4,7,1,1
9,0.41,7,1,1
9,0.42,7,1,1
9,0.43,7,1,1
9,0.44,7,1,1
9,0.45,11,2,1
9,0.46,11,2,1
9,0.47,13,3,1
9,0.48,16,4,1
9,0.49,19,4,1
9,0.5,27,5,1
10,0.0,1,0,0
10,0.01,1,0,0
10,0.02,1,0,0
10,0.03,1,0,0
10,0.04,1,0,0
10,0.05,1,0,0
10,0.06,1,0,0
10,0.07,1,0,0
10,0.08,1,0,0
10,0.09,1,0,0
10,0.1,1,0,0
10,0.11,1,0,0
10,0.12,1,0,0
10,0.13,1,0,0
10,0.14,1,0,0
10,0.15,1,0,0
10,0.16,1,0,0
10,0.17,1,0,0
10,0.18,1,0,0
10,0.19,2,0,0
10,0.2,3,0,0
10,0.21,3,0,0
10,0.22,3,0,0
10,0.23,3,0,0
10,0.24,4,0,0
10,0.25,4,0,0
10,0.26,4,0,0
10,0.27,4,0,0
10,0.28,4,0,0
10,0.29,4,0,0
10,0.3,5,0,0
10,0.31,6,0,0
10,0.32,6,0,0
10,0.33,6,0,0
10,0.34,6,0,0
10,0.35,6,0,0
10,0.36,6,0,0
10,0.37,6,0,0
10,0.38,6,0,0
10,0.39,6,0,0
10,0.4,7,0,0
10,0.41,7,0,0
10,0.42,7,0,0
10,0.43,8,0,0
10,0.44,9,0,0
10,0.45,10,0,0
10,0.46,13,0,0
10,0.47,15,0,0
10,0.48,16,0,0
10,0.49,22,0,0
10,0.5,27,0,0
11,0.0,1,1,1
11,0.01,1,1,1
11,0.02,1,1,1
11,0.03,1,1,1
11,0.04,1,1,1
11,0.05,1,1,1
11,0.06,1,1,1
11,0.07,1,1,1
11,0.08,1,1,1
11,0.09,1,1,1
11,0.1,1,1,1
11,0.11,1,1,1
11,0.12,1,1,1
11,0.13,1,1,1
11,0.14,1,1,1
11,0.15,1,1,1
11,0.16,1,1,1
11,0.17,1,1,1
11,0.18,1,1,1
11,0.19,1,1,1
11,0.2,1,1,1
11,0.21,1,1,1
11,0.22,1,1,1
11,0.23,1,1,1
11,0.24,1,1,1
11,0.25,1,1,1
11,0.26,1,1,1
11,0.27,1,1,1
11,0.28,1,1,1
11,0.29,1,1,1
11,0.3,1,1,1
11,0.31,2,2,1
11,0.32,2,2,2
11,0.33,3,3,2
11,0.34,3,3,2
11,0.35,3,3,2
11,0.36,3,3,2
11,0.37,3,3,2
11,0.38,5,4,2
11,0.39,5,4,2
11,0.4,5,4,2
11,0.41,5,4,2
11,0.42,5,4,2
11,0.43,6,4,2
11,0.44,6,4,2
11,0.45,6,4,2
11,0.46,9,4,2
11,0.47,12,5,2
11,0.48,16,6,2
11,0.49,20,6,2
11,0.5,29,8,2
12,0.0,1,0,0
12,0.01,1,0,0
12,0.02,1,0,0
12,0.03,1,0,0
12,0.04,1,0,0
12,0.05,1,0,0
12,0.06,1,0,0
12,0.07,1,0,0
12,0.08,1,0,0
12,0.09,1,0,0
12,0.1,1,0,0
12,0.11,1,0,0
12,0.12,1,0,0
12,0.13,1,0,0
12,0.14,1,0,0
12,0.15,1,0,0
12,0.16,1,0,0
12,0.17,2,0,0
12,0.18,2,0,0
12,0.19,2,0,0
12,0.2,2,0,0
12,0.21,2,0,0
12,0.22,2,0,0
12,0.23,2,0,0
12,0.24,2,0,0
12,0.25,2,0,0
12,0.26,2,0,0
12,0.27,2,0,0
12,0.28,2,0,0
12,0.29,2,0,0
12,0.3,2,0,0
12,0.31,3,0,0
12,0.32,3,0,0
12,0.33,3,0,0
12,0.34,3,0,0
12,0.35,4,0,0
12,0.36,4,0,0
12,0.37,4,0,0
12,0.38,4,0,0
12,0.39,4,0,0
12,0.4,4,0,0
12,0.41,4,0,0
12,0.42,5,0,0
12,0.43,6,0,0
12,0.44,6,0,0
12,0.45,8,0,0
12,0.46,13,0,0
12,0.47,16,0,0
12,0.48,21,0,0
12,0.49,22,0,0
12,0.5,35,0,0
13,0.0,1,1,1
13,0.01,1,1,1
13,0.02,1,1,1
13,0.03,1,1,1
13,0.04,1,1,1
13,0.05,1,1,1
13,0.06,1,1,1
13,0.07,1,1,1
13,0.08,1,1,1
13,0.09,1,1,1
13,0.1,1,1,1
13,0.11,1,1,1
13,0.12,1,1,1
13,0.13,1,1,1
13,0.14,1,1,1
13,0.15,1,1,1
13,0.16,1,1,1
13,0.17,1,1,1
13,0.18,1,1,1
13,0.19,1,1,1
13,0.2,1,1,1
13,0.21,1,1,1
13,0.22,1,1,1
13,0.23,1,1,1
13,0.24,1,1,1
13,0.25,1,1,1
13,0.26,1,1,1
13,0.27,2,2,1
13,0.28,2,2,2
13,0.29,2,2,2
13,0.3,2,2,2
13,0.31,2,2,2
13,0.32,3,2,2
13,0.33,4,2,2
13,0.34,4,2,1
13,0.35,5,2,1
13,0.36,5,2,1
13,0.37,5,2,1
13,0.38,5,2,1
13,0.39,6,2,1
13,0.4,6,2,1
13,0.41,6,2,1
13,0.42,7,2,0
13,0.43,8,2,0
13,0.44,9,2,0
13,0.45,9,2,0
13,0.46,12,2,0
13,0.47,14,2,1
13,0.48,19,2,1
13,0.49,24,2,2
13,0.5,32,3,2
