arm,batch,seed,slot,node_id,root_slot,parent_step,parent_slot,pic50_on_upstream,pic50_off_upstream,pic50_on_rescore,pic50_off_rescore,build_success,failure_reason,smiles,gap_upstream,gap_rescore,connected,qed,mw,heavy_atoms,rings,min_protein_distance_A,pairs_below_1_2A,valid_connected,sanitized,pb_fast_pass,radicals,scaffold,severe_pairs_below_1_2A,patch_atoms,surround_atoms,patch_clash_atom_fraction,surround_clash_atom_fraction,ck2:A:ASN117::hetero_distance_softmin,ck2:A:VAL116::hetero_distance_softmin,terminal_patch_q_over_r2,terminal_patch_in_window_end_set,energy_status,mmff_H_relax_status,mmff_full_relax_status,mmff_pose_Hrelaxed_kcal_mol,mmff_local_min_kcal_mol,mmff_relief_kcal_mol,mmff_relief_per_heavy,relax_rms_patch_A,relax_rms_surround_A,pb_fast_failed_checks,elite,ck2:A:ARG172::distance_softmin,ck2:A:ARG172::contact_fraction,ck2:A:ARG47::distance_softmin,ck2:A:ARG47::contact_fraction,ck2:A:ASN117::distance_softmin,ck2:A:ASN117::contact_fraction,ck2:A:ASN118::distance_softmin,ck2:A:ASN118::contact_fraction,ck2:A:ASN161::distance_softmin,ck2:A:ASN161::contact_fraction,ck2:A:ASP120::distance_softmin,ck2:A:ASP120::contact_fraction,ck2:A:ASP175::distance_softmin,ck2:A:ASP175::contact_fraction,ck2:A:GLU114::distance_softmin,ck2:A:GLU114::contact_fraction,ck2:A:GLU52::distance_softmin,ck2:A:GLU52::contact_fraction,ck2:A:GLU55::distance_softmin,ck2:A:GLU55::contact_fraction,ck2:A:GLU81::distance_softmin,ck2:A:GLU81::contact_fraction,ck2:A:GLY177::distance_softmin,ck2:A:GLY177::contact_fraction,ck2:A:GLY46::distance_softmin,ck2:A:GLY46::contact_fraction,ck2:A:GLY48::distance_softmin,ck2:A:GLY48::contact_fraction,ck2:A:HIS115::distance_softmin,ck2:A:HIS115::contact_fraction,ck2:A:HIS154::distance_softmin,ck2:A:HIS154::contact_fraction,ck2:A:HIS160::distance_softmin,ck2:A:HIS160::contact_fraction,ck2:A:ILE174::distance_softmin,ck2:A:ILE174::contact_fraction,ck2:A:ILE95::distance_softmin,ck2:A:ILE95::contact_fraction,ck2:A:LEU111::distance_softmin,ck2:A:LEU111::contact_fraction,ck2:A:LEU173::distance_softmin,ck2:A:LEU173::contact_fraction,ck2:A:LEU45::distance_softmin,ck2:A:LEU45::contact_fraction,ck2:A:LEU70::distance_softmin,ck2:A:LEU70::contact_fraction,ck2:A:LEU85::distance_softmin,ck2:A:LEU85::contact_fraction,ck2:A:LEU97::distance_softmin,ck2:A:LEU97::contact_fraction,ck2:A:LYS44::distance_softmin,ck2:A:LYS44::contact_fraction,ck2:A:LYS64::distance_softmin,ck2:A:LYS64::contact_fraction,ck2:A:LYS68::distance_softmin,ck2:A:LYS68::contact_fraction,ck2:A:MET163::distance_softmin,ck2:A:MET163::contact_fraction,ck2:A:PHE113::distance_softmin,ck2:A:PHE113::contact_fraction,ck2:A:PHE54::distance_softmin,ck2:A:PHE54::contact_fraction,ck2:A:SER51::distance_softmin,ck2:A:SER51::contact_fraction,ck2:A:THR96::distance_softmin,ck2:A:THR96::contact_fraction,ck2:A:TRP176::distance_softmin,ck2:A:TRP176::contact_fraction,ck2:A:VAL112::distance_softmin,ck2:A:VAL112::contact_fraction,ck2:A:VAL116::distance_softmin,ck2:A:VAL116::contact_fraction,ck2:A:VAL53::distance_softmin,ck2:A:VAL53::contact_fraction,ck2:A:VAL65::distance_softmin,ck2:A:VAL65::contact_fraction,ck2:A:VAL66::distance_softmin,ck2:A:VAL66::contact_fraction,ck2:A:VAL67::distance_softmin,ck2:A:VAL67::contact_fraction,shape::radius_gyration_A,shape::thickness_A,shape::planarity_fraction,shape::largest_axis_fraction,graph::aromatic_atom_fraction,graph::aromatic_rings,graph::rings,graph::rotatable_bonds,graph::HBD,graph::HBA,graph::TPSA_A2,graph::logP,graph::carboxyl,graph::amide
single,11,1100075,30,single_b011_final_030,31,99,30,8.70920753479,5.77351760864,8.70480632782,5.81953382492,True,,Nc1ncc2cc3c4ccccc4[nH]c3c3cc(C(=O)O)ccc3c1-2,2.93568992615,2.8852725029,True,0.428892670441,327.343,25,5,2.96125103799,0,True,True,True,0,c1ccc2c(c1)[nH]c1c3ccccc3c3cncc-3cc21,0,5,20,0,0,6.10985273072,3.75088292014,1.56505697593,False,converged,0,0,193.914723142,46.6072956819,147.30742746,5.89229709839,0.5869692826,0.427909458342,[],True,7.76193668199,0.00163037671846,6.70713981286,0.0109739809738,6.42689563009,0.0145700099704,5.2319648289,0.103220347564,7.16453601526,0.0065389031521,8.89996628505,0.000121805399313,4.23877353324,0.148350156352,4.50317778189,0.137782092099,8.30316306791,0.000693267310189,7.99865007047,0.00125729502631,6.12673375074,0.0269295169548,7.4630434919,0.00167130677791,4.9425913855,0.0929318336679,8.1538975882,0.000412751274394,4.97278955172,0.110616119888,9.07343916054,9.69369129476e-05,4.76298528626,0.234730443137,4.55546517586,0.362517341207,4.99564749909,0.128155466387,7.8292875951,0.00119987622773,7.61582751353,0.00161781589089,4.33534037896,0.342884299045,8.77792797696,0.000147158003748,7.24073287662,0.00209886897018,9.06141330603,9.13419925719e-05,7.76513229639,0.00146695811792,8.63771179652,0.00019532006883,4.34706171733,0.117513290726,4.64489650301,0.363698151531,4.72301888573,0.188378742806,7.64610730608,0.00396694775585,7.01651643683,0.00357667193024,8.14373046047,0.000603588418529,6.19000256192,0.0234462257081,8.61869300712,0.000300968198655,4.09720508654,0.167553596681,4.70820540665,0.277687412213,7.54736734981,0.00233817197827,4.53441823883,0.367836556509,7.83805272609,0.00206969443589,3.59700835827,0.118141678159,0.00107875637979,0.619049240052,0.84,3,5,1,3,3,92,4.2545,1,0
single,4,400054,27,single_b004_final_027,25,99,27,8.61814880371,7.29244852066,8.62588882446,7.29327583313,True,,Cc1cccc2c1[nH]c1c3ccncc3c(=O)c3c(C(N)=O)nc2c31,1.32570028305,1.33261299133,True,0.364601339202,328.331,25,5,3.07015497166,0,True,True,True,0,O=c1c2cnccc2c2[nH]c3ccccc3c3ncc1c32,0,4,21,0,0,6.59743863218,3.96465256466,4.83184607171,False,converged,0,0,107.064087946,91.281146295,15.7829416512,0.631317666048,0.119816571385,0.146963441265,[],True,8.04988700946,0.000978678936937,6.21196280591,0.0233300149118,6.61643118139,0.0105521468817,5.49241067849,0.0746349198111,6.81565979491,0.0133275777588,8.59035629588,0.000149121348985,4.4820400766,0.125858182606,4.87664404057,0.113150946024,7.97043765559,0.00139204498105,8.004008964,0.00117677646265,6.77789259344,0.00926910973413,7.82502841105,0.000756987630161,4.84838848971,0.104915124989,7.49164304048,0.00164325145079,4.98476225336,0.0952894628228,9.47405214256,4.52313695641e-05,4.57921025299,0.30979998866,4.57783784415,0.365927611054,5.39699282335,0.0796204662573,8.42009603776,0.000418914534582,8.01541459846,0.000671839598313,4.43810134624,0.335144656674,8.75366485684,0.000141501025522,8.38477404615,0.000257425060479,9.5767457473,2.84051840617e-05,7.86003299339,0.00131304969692,8.69887244576,0.000157863741582,4.44066303303,0.104233644606,4.69649719868,0.348658816095,5.1225260503,0.109069623634,7.65560077754,0.00424540800813,6.54395176032,0.00888173465766,8.32074918066,0.000331573142163,6.95489956309,0.00773301920626,8.6113039364,0.000211876396083,4.20965094752,0.137173946512,4.56527877589,0.369224331652,7.54340109051,0.00214116239819,4.51750711178,0.3398836279,7.79305437961,0.00222977651844,3.45788726739,0.11848663627,0.00117413241993,0.581246028508,0.8,5,5,1,2,4,101.73,2.62282,0,1
single,17,1700093,21,single_b017_final_021,14,99,21,8.57970809937,6.82425308228,8.58439826965,6.86395120621,True,,NC(=O)c1cc2c3c(nc4cnccc4c3n1)-c1cccc(Cl)c1N2,1.75545501709,1.72044706345,True,0.451254363352,347.765,25,5,2.89050732225,0,True,True,True,0,c1ccc2c(c1)Nc1ccnc3c1c-2nc1cnccc13,0,4,21,0,0,6.30373598476,3.80180243636,0.184762993088,True,converged,0,0,111.926838564,102.196012372,9.73082619172,0.389233047669,0.0796875880535,0.175290303917,[],True,7.70264715145,0.0016640235345,5.55744541828,0.0346411491815,6.6189065149,0.0102224643321,5.64722556523,0.0700523100859,6.93013594765,0.0111116727984,8.90987942035,0.000111799587985,4.33242914152,0.142318284336,4.49645395446,0.12043924164,7.93356097829,0.00136673451382,8.14139135783,0.00102199772071,6.25661338355,0.0205763969883,7.40595816749,0.00156138362834,4.75058228252,0.117045856809,6.66167212941,0.00504136418947,4.95413688865,0.0953373453449,9.26382924895,7.54888979258e-05,4.64095216969,0.299404638143,4.52757972418,0.373610509048,5.232025686,0.0921389497583,8.07122661415,0.000715433549218,7.66102683246,0.00115703650993,4.36168560435,0.330613395783,8.69393571286,0.000158128272824,7.6868692608,0.000981191281817,9.32203142054,4.48860432414e-05,7.76411022554,0.00152523821658,8.83659038889,0.000127578026335,4.18853953993,0.113838610753,4.63748004898,0.367355528608,4.97846625209,0.125931864017,7.68856864415,0.00388990380372,7.00046245621,0.00482270609781,8.52188014147,0.000265385194479,6.55397392902,0.0167888044271,9.0677694924,0.000128822560846,4.1176575459,0.139550091464,4.59003998626,0.335385855102,7.60843885414,0.00191866224185,4.64357421314,0.314063644789,7.90865767383,0.0018011016618,3.56515255946,0.0916135232342,0.000660332895797,0.596837459117,0.8,4,5,1,2,5,93.79,3.6543,0,1
single,11,1100075,27,single_b011_final_027,31,99,27,8.58494949341,6.30477619171,8.57534217834,6.33309078217,True,,O=C(O)c1ccc2c(c1)c1cc3ccccc3c-1nc1cnccc12,2.2801733017,2.24225139618,True,0.483605591544,324.339,25,5,2.91936980186,0,True,True,True,0,c1ccc2c3nc4cnccc4c4ccccc4c-3cc2c1,0,5,20,0,0,6.00397029391,3.65415166992,2.81183400667,False,converged,0,0,303.355441658,111.181113154,192.174328504,7.68697314016,0.79807598519,0.560931501618,[],True,7.93330021399,0.0012858434256,6.72104287259,0.0107235514521,6.42238783288,0.0143617859862,5.35516029304,0.0920490718646,7.10334638088,0.00730098715946,8.92321033142,0.000114427089371,4.215073703,0.156100081842,4.62859672161,0.134077073033,8.29479798876,0.000712678949284,8.03074318882,0.00121819227517,5.95367986562,0.0338566344015,7.30442341972,0.00229060830904,4.95801490504,0.0919635041047,8.15638062495,0.000419398649621,4.86620449956,0.109645241628,9.05772335002,0.000104723241229,4.73714605983,0.239754545539,4.57533322342,0.360928728366,5.31765663552,0.12008524121,7.70108559579,0.00149928701761,7.68308589549,0.00147162469255,4.34265924514,0.336019743979,8.6986646719,0.000178256521433,7.13312940388,0.0024720809099,8.99521387346,9.85894196971e-05,7.76320007231,0.00145623936135,8.61253944367,0.000201659176536,4.22867494729,0.127083623486,4.64015270114,0.356638797399,4.65234219732,0.185996906136,7.64948997319,0.00403927381306,6.96823323942,0.00400940053588,8.31545466184,0.000473198202843,6.09205061346,0.0277501294466,8.60323402141,0.000298598099507,4.05179410845,0.158442495782,4.70157866975,0.285151785128,7.47426908483,0.00253767521298,4.51424652449,0.366721446896,7.80487715778,0.00218729779526,3.61072174668,0.10618722002,0.000864881204074,0.612967606396,0.88,3,5,1,1,3,63.08,4.7392,1,0
single,4,400054,37,single_b004_final_037,25,99,37,8.41052722931,7.19937419891,8.42145729065,7.22194004059,True,,Cc1cccc2c1[nH]c1c3ccncc3c(=O)c3c(C(N)=O)nc2c31,1.2111530304,1.19951725006,True,0.364601339202,328.331,25,5,3.03761658871,0,True,True,True,0,O=c1c2cnccc2c2[nH]c3ccccc3c3ncc1c32,0,4,21,0,0,6.49403428051,3.92649085597,2.01029861729,False,converged,0,0,106.471993662,92.325325953,14.1466677088,0.565866708354,0.12278425763,0.0919938295975,[],True,8.06850166556,0.000968509385701,6.09179624634,0.0272590348733,6.58708710933,0.011262301453,5.44077736912,0.0741785255753,6.90636381932,0.0110441601105,8.74328121071,0.000112804307991,4.55867220889,0.124473992016,4.9184090802,0.115498339358,7.88390000623,0.00158526227601,7.98947836162,0.00117953517323,6.56083007016,0.0127342355436,7.66304311425,0.00090619063936,4.84103212597,0.105311028672,7.27679751716,0.00237149779496,4.98234622071,0.0961585066645,9.62631303009,3.82994247488e-05,4.59050353857,0.304704560033,4.6353392678,0.366783544202,5.30512490729,0.0844238615873,8.11797918163,0.000616109378115,8.04038094054,0.000706335819598,4.50429990693,0.322041059107,8.81866805172,0.000130182607075,8.05877380698,0.000464562224207,9.29214648961,5.22024765375e-05,7.89448065212,0.00120102241739,8.68050338796,0.000167767973083,4.38062524173,0.105992515981,4.71715718119,0.338355917426,4.83805237621,0.133016974829,7.63891161393,0.00441304826079,6.90879849674,0.00563468191921,8.18712673591,0.000428837347031,6.93923913136,0.00851166413285,8.5120416078,0.000275539040333,4.18577200408,0.139017963219,4.53687140996,0.372166162091,7.55202722829,0.00212599030412,4.51603928201,0.350457737519,7.75969160704,0.00242358604821,3.45901152384,0.0712645482337,0.000424466142944,0.585101258071,0.8,5,5,1,2,4,101.73,2.62282,0,1
single,4,400054,2,single_b004_final_002,25,99,2,8.41805267334,7.0787358284,8.37987422943,7.05468082428,True,,Cc1cccc2c1[nH]c1c3ccncc3c(=O)c3c(C(=O)O)nc2c31,1.33931684494,1.32519340515,True,0.36349314059,329.315,25,5,3.03588147496,0,True,True,True,0,O=c1c2cnccc2c2[nH]c3ccccc3c3ncc1c32,0,4,21,0,0,6.52362802162,3.92768990106,2.92002366412,False,converged,0,0,124.480945899,104.282824798,20.1981211006,0.807924844024,0.135340984251,0.145929488738,[],True,8.03917809747,0.00102497525577,6.14883588073,0.0252470719791,6.59541562241,0.0110652231255,5.47355011948,0.07353785358,6.87133108357,0.0121657020555,8.69810684363,0.000120538062283,4.47394078938,0.131144030891,4.8920605973,0.115906921407,7.93821946589,0.00144405761456,7.99705829188,0.00116105021362,6.54495498573,0.0129868014019,7.6545165421,0.000976138253748,4.85286273116,0.103930905505,7.36718821242,0.00201819091439,4.97534889118,0.0962376270169,9.44878634606,5.15047252189e-05,4.57506085004,0.305966720729,4.55704897984,0.373575082916,5.30408463081,0.0867125157827,8.25892700025,0.000548877146836,7.85846695997,0.000889858618931,4.48318061305,0.323558310936,8.73739151998,0.000144581942827,8.11626964407,0.000446313479768,9.42677149155,4.06562181003e-05,7.88773668442,0.00122316189375,8.68460517603,0.000164452997787,4.32107909444,0.105960021145,4.70684601524,0.342349471346,5.00811373687,0.126470725085,7.65733155322,0.00422364066133,6.81333867052,0.00621510908886,8.20411383904,0.000407316754292,6.85018963815,0.0100285588316,8.54941633819,0.000243994063635,4.18570076392,0.138584422598,4.5697854829,0.362316121798,7.55212288543,0.00211952983885,4.52614389736,0.343017433491,7.79627350135,0.0022441278038,3.473063567,0.109135525127,0.000987431143083,0.58350277673,0.8,5,5,1,2,4,95.94,3.22212,1,0
single,11,1100075,5,single_b011_final_005,31,99,5,8.35146427155,5.97554731369,8.3557100296,5.99535417557,True,,Nc1nccc2c1-c1ccc(C(=O)O)cc1C1Nc3ccccc3C21,2.37591695786,2.36035585403,True,0.634164159006,329.359,25,5,2.96555647055,0,True,True,True,0,c1ccc2c(c1)NC1c3ccccc3-c3cnccc3C21,0,5,20,0,0,5.99789922171,3.74993828589,5.85415588112,False,converged,0,0,181.171270644,81.4607153972,99.7105552472,3.98842220989,0.444434563367,0.404669420274,[],True,7.80296076361,0.0014177106103,7.10486006115,0.00528226840672,6.3066890197,0.0183412334968,4.75021875124,0.13354400983,7.25259792263,0.00596518468356,8.84329380537,0.000140681897189,4.198301873,0.153089083092,4.40339826088,0.115010612532,8.50160698855,0.000485254574845,7.78389699937,0.00166742386413,6.06907842195,0.0307535031424,7.42455026227,0.00182095260671,5.22674025474,0.0705673114597,8.52921967036,0.000208272723739,4.90094174638,0.123384221637,8.99096187983,0.00011373452415,4.68795116657,0.222969015476,4.50075909184,0.367149965661,5.14956238029,0.125808427321,7.76572956643,0.0013890495658,7.42923195186,0.00221154957958,4.43036678223,0.345047036789,8.7303423271,0.000153023728347,7.02462212063,0.0032862353577,8.90590504655,0.000115869363246,7.82956157818,0.00124021945265,8.50654838324,0.000287605630332,4.27774275446,0.114562000415,4.63521024259,0.38603277223,4.63119920586,0.187752943675,7.70975556069,0.00353191163016,7.168536752,0.00268493513773,8.1874756141,0.000560857349465,6.10006869857,0.0270956384022,8.61448824483,0.000290493919003,4.07085445666,0.182461455018,4.83381906646,0.25871359835,7.54007411342,0.00221291358792,4.57347023119,0.360803321082,7.88926202026,0.00182484743142,3.59335539786,0.108877214592,0.000918065479869,0.622906271706,0.72,3,5,1,3,4,88.24,3.6411,1,0
single,7,700063,26,single_b007_final_026,49,99,26,8.35021781921,6.11221313477,8.35406303406,6.13315582275,True,,O=C(O)c1ccc2c(c1)c1ccncc1c1ccc3cccnc3c12,2.23800468445,2.2209072113,True,0.450390275014,324.339,25,5,2.80083731231,0,True,True,True,0,c1cnc2c(c1)ccc1c3cnccc3c3ccccc3c12,0,5,20,0,0,6.15323525042,3.65591367144,0.713789129689,True,converged,0,0,127.027427678,112.840711621,14.1867160568,0.567468642273,0.206748018161,0.297067442831,[],True,7.69296924347,0.00170052043786,6.82485026592,0.00841847654328,6.57087593828,0.0111910210525,5.01740299037,0.129519875498,6.94887496514,0.0100778806591,8.67985039193,0.00020202289623,4.31150343063,0.147912917077,4.4848477284,0.121112544851,8.30720749836,0.000685452321513,8.01604522208,0.00122220132431,6.07664766131,0.0261741697591,7.28321279803,0.00195128283266,5.05393015476,0.0843209913821,8.31228355386,0.000328431123229,4.92437672172,0.0988450187856,9.22145069853,8.41366941204e-05,4.7660363375,0.245726554876,4.54413891361,0.360663160919,5.22495743207,0.0973064756772,7.92292605778,0.000953176056607,7.59140463956,0.00133547842464,4.34219657288,0.366221233339,8.64869435408,0.000174149071223,7.48022506104,0.00148241706254,9.13284465751,6.20885952672e-05,7.81448778912,0.00139111160456,8.82065485656,0.000135765650868,4.10870398539,0.119009455545,4.59010472641,0.403488632803,4.82810151041,0.137645260851,7.73784401939,0.00343354819504,7.1157262552,0.00374449208941,8.4881218689,0.000289886398319,6.42940572285,0.0206981842599,8.99981819697,0.000143694171107,4.07386327378,0.149262695559,4.73128269773,0.28142921694,7.61141099499,0.00191731115982,4.65871892363,0.315009482556,7.91809454468,0.00169957555748,3.572874936,0.101006258528,0.000799210055543,0.611187492741,0.88,5,5,1,1,3,63.08,4.7876,1,0
single,13,1300081,14,single_b013_final_014,3,99,14,8.3565158844,6.62761688232,8.34928607941,6.66922092438,True,,O=C(O)c1ccc2c3cnccc3c3nc4ccccc4nc3c2c1,1.72889900208,1.68006515503,True,0.369406854464,325.327,25,5,2.97920297059,0,True,True,True,0,c1ccc2nc3c4ccncc4c4ccccc4c3nc2c1,0,4,21,0,0,6.05975091453,3.77276231592,3.81368426221,False,converged,0,0,138.434807015,128.935696181,9.49911083443,0.379964433377,0.100915148818,0.121668227444,[],True,8.22155710148,0.00079292980935,6.20042942859,0.0239006876176,6.30411117056,0.0180863192262,4.99221021355,0.112401133338,7.21371747787,0.00631470160301,9.18748542777,8.63284937346e-05,4.19838952792,0.154421518256,5.318995111,0.0950233447694,8.15602146485,0.000885799183125,7.74285018387,0.00172343792385,6.03175525925,0.0316222841607,7.3855336591,0.00195498422811,4.78562513501,0.110910649623,7.58169550647,0.00128551823416,4.87363877035,0.104373767046,9.00276350385,0.000111959748662,4.62590843776,0.258768157636,4.53404548351,0.352253011312,5.27586995319,0.100340434903,7.74789606516,0.0014291981173,7.51353773564,0.00194018909447,4.3145927163,0.362818443667,8.74022310039,0.000155508337788,7.05607422511,0.00302419651601,8.93112222251,0.0001118766282,7.8414986116,0.00130363764842,8.41317259208,0.000301259324623,4.28482897283,0.118532720312,4.70399482706,0.348020167629,4.63010394749,0.182152531637,7.6337566022,0.00416551373776,7.11101003239,0.00312530741246,8.20177942646,0.000491241429656,6.08148986521,0.0275117660378,8.56662062173,0.000297137888176,4.04593506166,0.152653588193,4.7324780728,0.291436659673,7.58205625561,0.00197852745778,4.53090592215,0.353734999398,7.84524456508,0.00198908909571,3.65497001804,0.100389796601,0.000754417077982,0.599118725845,0.88,5,5,1,1,4,75.97,4.1826,1,0
single,0,42,37,single_b000_final_037,20,99,37,8.35579681396,6.66077709198,8.34794044495,6.70312595367,True,,O=C(O)c1ccc2c3cnccc3c3nc4ccccc4nc3c2c1,1.69501972198,1.64481449127,True,0.369406854464,325.327,25,5,2.99156717123,0,True,True,True,0,c1ccc2nc3c4ccncc4c4ccccc4c3nc2c1,0,4,21,0,0,6.08384036195,3.78399046207,3.20934793785,False,converged,0,0,137.938667946,129.045658515,8.89300943073,0.355720377229,0.082381218201,0.10904827626,[],True,8.22638699813,0.000784422753603,6.20496894375,0.0237974893517,6.32231124688,0.0175793396724,5.01609193064,0.110135514436,7.19008777112,0.00651824685097,9.18541145913,8.6006816864e-05,4.21164996882,0.156192894684,5.3049411182,0.0949669085054,8.15959287716,0.000883592368366,7.7549492361,0.0016843110432,5.98159017243,0.0335628277808,7.34442954822,0.00211983417044,4.78879213488,0.110676091413,7.58501224315,0.00127853590431,4.88387151844,0.103371409296,9.02001376498,0.000110595294595,4.6227547653,0.259624589767,4.54345203234,0.352188332404,5.29428461112,0.0992538828776,7.70417616049,0.00152486129992,7.55213912358,0.00184016825184,4.31795591303,0.360745277912,8.72706992566,0.000162744103162,7.02774376041,0.00312457744746,8.90529122827,0.00011592398317,7.84433162252,0.00129588944913,8.42900901303,0.000291215554946,4.25837140058,0.121434867663,4.70358514641,0.34747083448,4.60168905078,0.181973462128,7.63555541995,0.00415263016625,7.09737260366,0.00323550968792,8.21383903562,0.000482406250689,6.06870123719,0.0283671327038,8.56520226166,0.000297626163575,4.05707035268,0.151588154435,4.73286440405,0.292259616689,7.58141153547,0.00197845551771,4.53101751706,0.353220076718,7.84286151021,0.00199682414549,3.65754807072,0.090739647867,0.000615480210584,0.599216226589,0.88,5,5,1,1,4,75.97,4.1826,1,0
single,13,1300081,48,single_b013_final_048,3,99,48,8.35342216492,6.66588306427,8.3475894928,6.71034431458,True,,O=C(O)c1ccc2c3cnccc3c3nc4ccccc4nc3c2c1,1.68753910065,1.63724517822,True,0.369406854464,325.327,25,5,2.99291648564,0,True,True,True,0,c1ccc2nc3c4ccncc4c4ccccc4c3nc2c1,0,4,21,0,0,6.088920818,3.79039947956,3.21274156834,False,converged,0,0,151.046604703,139.885267877,11.1613368256,0.446453473023,0.102964566279,0.204684283178,[],True,8.23189534393,0.000776266504991,6.18710888803,0.0244322372179,6.327551269,0.0174197735115,5.01540427474,0.109972663808,7.18782178993,0.00654024406782,9.19612394115,8.47020940064e-05,4.21206281436,0.156246292476,5.31127297285,0.0944710145953,8.14940471869,0.000898656595509,7.75156470666,0.00169458755576,5.98385151388,0.0334940173663,7.34573837373,0.00211542379105,4.77741826082,0.111824060026,7.56653168956,0.00132492385818,4.88637969264,0.103114663924,9.02072020298,0.000110628538181,4.62649710471,0.259826163795,4.54268192926,0.351833360626,5.29739083157,0.0988853498842,7.70541078462,0.00152128366533,7.55107303232,0.00184147776537,4.31159142753,0.361516759392,8.73007671116,0.000161796716672,7.02744488566,0.00312777426574,8.90432397521,0.000115903507833,7.83850106134,0.00131037641202,8.4294204929,0.00029098419922,4.26028910079,0.121339763992,4.70722976433,0.34633985925,4.60117117916,0.181754213703,7.63221728246,0.00418090244698,7.10133585086,0.00322109864556,8.21605546887,0.000480573891399,6.07066745824,0.0283541107023,8.56544304295,0.000297331266949,4.06315304343,0.151095070928,4.72841785006,0.29306127478,7.58023872503,0.00197940842425,4.52836865818,0.352931110728,7.84277282598,0.00199953758184,3.65893391821,0.0899803811431,0.000604764827102,0.599219582699,0.88,5,5,1,1,4,75.97,4.1826,1,0
single,0,42,0,single_b000_final_000,20,99,0,8.35132980347,6.67587089539,8.34495830536,6.71966218948,True,,O=C(O)c1ccc2c3cnccc3c3nc4ccccc4nc3c2c1,1.67545890808,1.62529611588,True,0.369406854464,325.327,25,5,2.97790297021,0,True,True,True,0,c1ccc2nc3c4ccncc4c4ccccc4c3nc2c1,0,4,21,0,0,6.09840688202,3.7994877987,3.13397130769,False,converged,0,0,138.35773447,129.045658518,9.31207595166,0.372483038066,0.0849841472083,0.108582260173,[],True,8.230817004,0.000776910702976,6.18130885161,0.0246451617343,6.33696447793,0.0171451108302,5.01546247352,0.109511148672,7.1835613349,0.00661336260522,9.1961914109,8.47218971927e-05,4.20710042262,0.157055074242,5.31756161635,0.0936371342844,8.14557795206,0.000905659410323,7.76120473297,0.00166593294058,5.97064178804,0.0340902492344,7.33171752485,0.00217421075424,4.78011791265,0.111732582128,7.55505076528,0.00135475632641,4.90125239256,0.101928628551,9.01588944596,0.000111830783905,4.62150062965,0.261248095127,4.5410112799,0.352721385488,5.30223769175,0.0985660622709,7.6985264727,0.00153966916895,7.55411419991,0.00183755410411,4.31894972105,0.360006367951,8.71892410201,0.000165460706863,7.0222589041,0.00315223305766,8.90468562851,0.000115830819442,7.8469609386,0.00129124985144,8.4455906002,0.000281736703962,4.24703345689,0.122134291176,4.70512746957,0.347102743449,4.60132398771,0.181366024575,7.63492706411,0.00415620376301,7.09086115293,0.00328645225662,8.22247218637,0.000474406305519,6.06052034183,0.0287649574756,8.57174457903,0.000293880469747,4.07220852637,0.150263294823,4.72709127215,0.293465534427,7.59063468604,0.00193969807878,4.53528060029,0.351345412632,7.84549961643,0.00198802391628,3.65887746492,0.0897395097669,0.000601549894345,0.59918723833,0.88,5,5,1,1,4,75.97,4.1826,1,0
single,0,42,7,single_b000_final_007,20,99,7,8.34901046753,6.67046451569,8.34191513062,6.71514511108,True,,O=C(O)c1ccc2c3cnccc3c3nc4ccccc4nc3c2c1,1.67854595184,1.62677001953,True,0.369406854464,325.327,25,5,2.98301576597,0,True,True,True,0,c1ccc2nc3c4ccncc4c4ccccc4c3nc2c1,0,4,21,0,0,6.09650387227,3.79799203705,3.15960651587,False,converged,0,0,138.839287563,129.045658531,9.79362903215,0.391745161286,0.0987277417058,0.112651849354,[],True,8.23010924052,0.000778317954232,6.16493646723,0.0252454185902,6.33189204576,0.0172920088439,5.00362816823,0.110313798121,7.18391350728,0.00660479040318,9.19325025311,8.54032352177e-05,4.20671293407,0.156636116504,5.31896739601,0.0934886243151,8.1376165232,0.000915417323805,7.76728943928,0.00165414758276,5.98211351021,0.0336081921096,7.33993121163,0.00213932176151,4.7717091666,0.112635985188,7.5394533252,0.00139589384041,4.90358821698,0.10184418129,9.01663080071,0.000111383087969,4.62564767815,0.261305102272,4.53947347185,0.352301655719,5.30709335441,0.0981665650759,7.70920616892,0.00151183569898,7.5528605095,0.00183431233272,4.31782086963,0.360279005239,8.72115957433,0.000164311000652,7.03516555922,0.00308422145379,8.91494664317,0.000113589055005,7.84908709308,0.001290844307,8.44901385793,0.000280194525725,4.25116388612,0.121707498772,4.70302276504,0.347357930027,4.61044278726,0.180596109364,7.63609279815,0.00414297743822,7.08973785198,0.00329231139204,8.22963044746,0.000468205086533,6.06777097506,0.0284604647255,8.57767226516,0.000290682958915,4.06793769145,0.15069593041,4.72646234715,0.293068177147,7.59508376511,0.00192365399026,4.53869432435,0.35073242975,7.84707820516,0.00198040378101,3.66100291859,0.0917835480552,0.000628535097824,0.598581192051,0.88,5,5,1,1,4,75.97,4.1826,1,0
single,11,1100075,40,single_b011_final_040,31,99,40,8.33563423157,6.03439569473,8.33944225311,6.03307342529,True,,N=C1N=Cc2c1c1ccc(C(=O)O)cc1c1nc3ccccc3nc21,2.30123853683,2.30636882782,True,0.413473784992,326.315,25,5,2.70966015212,0,True,True,True,0,N=C1N=Cc2c1c1ccccc1c1nc3ccccc3nc21,0,5,20,0,0,6.09405306045,3.77798109788,2.66230597074,False,converged,0,0,93.6891471755,82.4405787963,11.2485683792,0.44994273517,0.0679776871773,0.0746476650398,[],True,7.41480566617,0.00248621424338,7.02512707645,0.00614016072509,6.42684524486,0.014010891816,5.29474087082,0.105501909416,7.06117474788,0.00728596145914,8.71257531165,0.000166711583793,4.3643841693,0.152677508611,4.05665850045,0.139386836395,8.45115296319,0.000505320160128,8.0500279997,0.0011998842542,5.80885205243,0.0321491243186,7.2862188407,0.00212932988519,5.11000188781,0.0783448323937,8.55232247757,0.000213330655149,4.90906226419,0.116201966465,9.25402177355,7.24228368084e-05,4.76549898287,0.214658522863,4.57125580538,0.353594327987,4.827141688,0.1288879377,7.58136675209,0.00162374631459,7.88716054785,0.00110596982602,4.3552123561,0.344665124116,8.72071137329,0.000198464610991,7.3610438472,0.0016423981748,9.10329515826,8.94728661893e-05,7.76835219389,0.00141663514757,8.72313725972,0.000179440411032,4.32285302238,0.130326009801,4.60778591528,0.376147472564,4.69127582429,0.182346895322,7.72362098772,0.00333525330312,6.75051638367,0.00586393117799,8.05079118578,0.000669333497218,6.19026941829,0.022185635617,8.5821935928,0.000303302814402,4.10610211697,0.171885470218,4.87865895778,0.26065596216,7.59378764372,0.00214215235208,4.62116424515,0.35924082501,7.85284160293,0.00194050689318,3.64559329578,0.0550332959315,0.00022788440877,0.619908138686,0.72,4,5,1,2,4,99.29,3.39227,1,0
single,17,1700093,43,single_b017_final_043,14,99,43,8.16250514984,7.51477050781,8.33507633209,7.72461891174,True,,O=c1c2ccccc2oc2c3cc(Cl)c(O)cc3c3ccncc3c12,0.647734642029,0.610457420349,True,0.315848097485,347.757,25,5,3.05057799769,0,True,True,True,0,O=c1c2ccccc2oc2c3ccccc3c3ccncc3c12,0,4,21,0,0,6.42746336293,3.87848126294,1.16768789444,False,converged,0,0,105.481765679,89.7462228669,15.7355428122,0.629421712487,0.0664311319626,0.0951848178384,[],True,7.49220747434,0.00254051629889,7.131414115,0.00512799008076,6.86099834466,0.00655619390008,5.06177824053,0.0937558743258,6.85160007056,0.0108677638165,8.7354066739,0.000165240619118,4.30109641484,0.163395758756,4.37214983963,0.135171841065,8.34440031984,0.000635669460134,7.98114023436,0.00126262328735,6.25047108757,0.0204111350528,7.52897652668,0.0013939097247,5.1466408971,0.0761362448078,8.5944992266,0.000220176102763,5.0752356298,0.08584303174,9.29002058422,7.08578773014e-05,4.83699379417,0.220417081432,4.51457525116,0.395490347446,4.89149646383,0.131777687128,7.82437367354,0.000978940867277,7.71263702015,0.00140530690106,4.32464275127,0.346188636352,8.69332012903,0.000167126351282,7.29686987656,0.00175638101703,8.99563048916,8.91265919271e-05,7.73344593125,0.00152195361323,9.03566422593,9.40769825745e-05,4.32335531527,0.124541767527,4.65367341798,0.381078031342,4.65004086747,0.164327252305,7.6820537184,0.00362088535536,6.53654905275,0.00824841793258,8.17288271221,0.000549610844171,6.4162611506,0.0167774843478,8.76482787306,0.000238732909128,4.27822140953,0.134390826306,4.74217214072,0.295643823894,7.68820085245,0.0017363435873,4.68184226961,0.324138994937,7.88613030327,0.00188161031991,3.54032114194,0.0663358659944,0.000351084364788,0.638423555338,0.88,5,5,0,1,4,63.33,5.0066,0,0
single,0,42,41,single_b000_final_041,20,99,41,8.33122062683,6.63164997101,8.33351230621,6.6806397438,True,,O=C(O)c1ccc2c3cnccc3c3nc4ccccc4nc3c2c1,1.69957065582,1.65287256241,True,0.369406854464,325.327,25,5,2.98802614614,0,True,True,True,0,c1ccc2nc3c4ccncc4c4ccccc4c3nc2c1,0,4,21,0,0,6.06473321941,3.78568398563,4.04097328576,False,converged,0,0,148.667492259,138.501028522,10.1664637369,0.406658549475,0.101926545857,0.159321935129,[],True,8.23219546588,0.000774309287087,6.15595886356,0.0255019088583,6.31362703456,0.0177751621531,4.97992127263,0.112745181913,7.20679294899,0.00640533087371,9.20800755202,8.40282083471e-05,4.20446735876,0.154305486857,5.34393472515,0.0927497148597,8.12681881134,0.000931282167082,7.74303982366,0.00172068428653,6.0291779629,0.0316016844721,7.38456154904,0.00195738524311,4.76996769777,0.112732751947,7.5259480431,0.00143183219447,4.88963276963,0.103069666685,9.0124133539,0.000110081717954,4.62751804408,0.261001489951,4.53622448841,0.351744977468,5.29512869664,0.0980333724643,7.74604530126,0.00142593657531,7.53316777812,0.001876760492,4.31864127153,0.362626944209,8.73607149598,0.000157462830275,7.0705435735,0.0029285584851,8.94180621452,0.00010938810874,7.84914240274,0.00129106908173,8.42499044458,0.000294443628856,4.28251168222,0.119140981797,4.70578041695,0.3476489529,4.63544336595,0.180401102178,7.6319106935,0.00418483649623,7.09378948611,0.00324121999964,8.22185909988,0.000472239209192,6.08802768024,0.0272658369185,8.57848976812,0.000290150048088,4.05968294508,0.151445510957,4.72401545035,0.294428319273,7.59449305294,0.00192700035603,4.5370543419,0.351881765705,7.84638674869,0.00198465661047,3.65345492791,0.0986045125779,0.000728427064436,0.596403301844,0.88,5,5,1,1,4,75.97,4.1826,1,0
single,0,42,29,single_b000_final_029,20,99,29,8.33548641205,6.66598129272,8.32861995697,6.70979499817,True,,O=C(O)c1ccc2c3cnccc3c3nc4ccccc4nc3c2c1,1.66950511932,1.6188249588,True,0.369406854464,325.327,25,5,2.99414732102,0,True,True,True,0,c1ccc2nc3c4ccncc4c4ccccc4c3nc2c1,0,4,21,0,0,6.08618289798,3.80104365142,3.66752317702,False,converged,0,0,138.465849228,129.045658528,9.4201907005,0.37680762802,0.0824430053567,0.11038738746,[],True,8.23611355886,0.000770674234926,6.15693512306,0.0255394761018,6.33532966928,0.0171519254423,4.99836349698,0.110620149808,7.19326919309,0.00653727978201,9.21383636301,8.28665047736e-05,4.21072821497,0.156212775264,5.33874978555,0.0928690312933,8.1317884088,0.000925040731882,7.75154702067,0.00168921105823,5.99375624287,0.0332452007796,7.3540933854,0.00208358254497,4.7707632982,0.112708794477,7.52360440635,0.00143934001471,4.90453075363,0.101784726222,9.01655490045,0.000111238879976,4.62068609961,0.26213341537,4.53515591624,0.352999672282,5.29056805739,0.0990369626763,7.71192081973,0.0015100361687,7.5344927822,0.00188709744485,4.3185034663,0.360579333485,8.72983330697,0.000160717157355,7.0213695097,0.00318068978164,8.898859111,0.00011685669225,7.84777812362,0.00128918195936,8.44227899151,0.000283987120823,4.26121082926,0.120516829574,4.70673448511,0.346680635847,4.6001257379,0.18196061849,7.63396361045,0.00416936987116,7.11022300852,0.00318128757944,8.20862099805,0.000486116148903,6.07273328661,0.0282865835204,8.5620250962,0.000298586414609,4.07736999063,0.149936634031,4.72436129709,0.29379718253,7.59548523561,0.00192220252489,4.53543439324,0.35104791376,7.84700950272,0.00198596282213,3.65826321254,0.0912883259133,0.000622702466718,0.598866756418,0.88,5,5,1,1,4,75.97,4.1826,1,0
single,11,1100075,17,single_b011_final_017,31,99,17,8.32541656494,6.71671676636,8.32453727722,6.725730896,True,,O=C(O)C1=CC2=c3[nH]c4ccccc4c3=Nc3cnncc3C2C=C1,1.60869979858,1.59880638123,True,0.711646766352,328.331,25,5,2.86512423116,0,True,True,True,0,C1=CC2=c3[nH]c4ccccc4c3=Nc3cnncc3C2C=C1,0,5,20,0,0,5.98704845504,3.59208309759,2.46006687916,False,converged,0,0,180.416103438,102.943868013,77.4722354247,3.09888941699,0.923219194132,0.516447582958,[],True,7.89283235939,0.00130062266207,6.84886760776,0.00843829780343,6.3287400935,0.0163800740821,5.45990698824,0.0867487971885,6.98418725279,0.00900845006472,8.83503732595,0.000128829412168,4.31583718689,0.161328911335,4.52822433468,0.128860636482,8.24844324087,0.000787525972046,8.03400528644,0.00121257023713,5.63394678808,0.0376791516944,7.11717971862,0.00293733846348,5.03008603417,0.087034618641,8.30305095576,0.000359314038041,4.70487838279,0.115442681032,9.30094815664,6.90545569141e-05,4.74696453209,0.238100611339,4.57805050617,0.347952754615,5.38870396138,0.0998453917823,7.49288848284,0.00183615144562,7.99450119266,0.000858292116363,4.33494628039,0.332555897762,8.495317794,0.000318782083575,7.46319944154,0.00144106575848,9.25141611931,6.49999358622e-05,7.74979111749,0.0014837544769,8.49528307226,0.00024536998658,4.09425982766,0.144762580713,4.63867279153,0.353682347273,4.80542556278,0.161588648517,7.66699813654,0.00386758439875,6.4314984531,0.0103887695685,8.49139423824,0.000329536480799,6.16829403393,0.0231996070917,8.78646174595,0.000212144922913,3.94067967356,0.160749220807,4.70753492599,0.302710843911,7.42040289652,0.00268970580874,4.53790763664,0.353677483115,7.8409641567,0.00204067175112,3.64033513793,0.0716407080526,0.000387290642244,0.579308033705,0.6,3,5,1,2,4,91.23,1.7379,1,0
single,9,900069,30,single_b009_final_030,43,99,30,8.32141876221,6.31071472168,8.31084442139,6.35057449341,True,,O=C(O)c1ccc2c3cnccc3c3nc4ccccc4nc3c2c1,2.01070404053,1.96026992798,True,0.369406854464,325.327,25,5,2.99138352105,0,True,True,True,0,c1ccc2nc3c4ccncc4c4ccccc4c3nc2c1,0,4,21,0,0,6.07921126744,3.77881122666,3.22815193133,False,converged,0,0,151.618531463,139.88526788,11.7332635831,0.469330543324,0.0966820468517,0.210251576892,[],True,8.20928387663,0.000809310613726,6.20451968169,0.0237898552414,6.31857130874,0.0176591399667,5.01540300532,0.109985335066,7.17806969096,0.00662763227159,9.18928181215,8.53049236368e-05,4.21532084543,0.157483414681,5.2979804768,0.095091119793,8.15054167503,0.000895038584807,7.77799142231,0.00162775641225,5.9582031022,0.034249229121,7.32903855313,0.00218241706927,4.78800851557,0.110420438407,7.58330684685,0.00128266611383,4.90169248505,0.102063067987,9.02593356761,0.000110141880917,4.62871453953,0.259405735672,4.53973115731,0.353809040136,5.28975792854,0.0999021927407,7.68466369436,0.00156186221351,7.57212404446,0.00180664413946,4.32356243375,0.358128881424,8.72768197189,0.000164674811171,7.0227257979,0.00312461100062,8.90082670025,0.000117316053078,7.84733044392,0.00128955892163,8.45424861384,0.000276812714113,4.25788263519,0.122673704946,4.69680185273,0.349000418382,4.59371183138,0.181993866469,7.63951740447,0.00411127624368,7.08469761279,0.0033167702574,8.21125376089,0.000483654310479,6.0599396419,0.0286770044293,8.56736744651,0.000296561977173,4.05255580075,0.151460046319,4.72898143508,0.292189796164,7.60342353433,0.00190772990118,4.54937187519,0.350993783353,7.84936205275,0.00197286941768,3.65652233453,0.0867891375133,0.000563370735933,0.598833361562,0.88,5,5,1,1,4,75.97,4.1826,1,0
single,7,700063,28,single_b007_final_028,49,99,28,8.11845397949,5.98918437958,8.30603981018,6.0112862587,True,,OC(O)c1ccc2c(c1)c1ccncc1c1ccc3ccccc3c12,2.12926959991,2.29475355148,True,0.347504167691,325.367,25,5,2.79640708052,0,True,True,True,0,c1ccc2c(c1)ccc1c3cnccc3c3ccccc3c21,0,5,20,0,0,6.07241489133,3.59708225917,1.30958641414,False,converged,0,0,159.701113431,74.3253014751,85.3758119564,3.41503247825,0.210224472771,0.339202067638,[],True,7.7120354596,0.00164868893326,6.74999798624,0.00936519730303,6.56401022814,0.01127659199,5.02666608188,0.130308598213,6.93147965724,0.0104185592171,8.6621119351,0.00020986040217,4.28720744174,0.149123686266,4.51377275658,0.119001330554,8.32418371429,0.000667924755638,8.01487436867,0.00121519517359,6.08046421527,0.0259417609309,7.29991480064,0.00192066328119,5.00654001476,0.0872137506251,8.26943021711,0.000350598816686,4.93594576862,0.0983493914056,9.18068429837,8.93420674857e-05,4.77243121752,0.247649970642,4.51269443585,0.362213878043,5.25380944142,0.0956028233638,7.93736170942,0.000925547349584,7.54268309788,0.00143208269597,4.31358046397,0.369308917402,8.63151905983,0.00017738496539,7.49711755399,0.001455916376,9.18825655531,5.68968898948e-05,7.79262309232,0.00144536180375,8.81504307396,0.000137034763238,4.10175555859,0.117883664405,4.5847731145,0.403477894891,4.88670209984,0.135040469834,7.75080435986,0.00334700378347,7.09939396089,0.00377516608014,8.52416355436,0.000270395087402,6.41907388253,0.0210352618772,9.04837786319,0.000133945486322,4.08455974476,0.148850447499,4.76049412021,0.27694140117,7.61391796663,0.00189384693554,4.66156204669,0.311420533361,7.93945053991,0.0016352465783,3.5890109216,0.110672621801,0.00095089121894,0.613269466045,0.88,5,5,1,2,3,53.35,4.6776,0,0
single,9,900069,37,single_b009_final_037,43,99,37,8.31608390808,6.31755542755,8.30246353149,6.35271501541,True,,O=C(O)c1ccc2c3cnccc3c3nc4ccccc4nc3c2c1,1.99852848053,1.94974851608,True,0.369406854464,325.327,25,5,2.99973589004,0,True,True,True,0,c1ccc2nc3c4ccncc4c4ccccc4c3nc2c1,0,4,21,0,0,6.07301940587,3.78249013267,3.58777859721,False,converged,0,0,151.200786513,139.885267878,11.3155186349,0.452620745395,0.101582454621,0.209074535496,[],True,8.22200722784,0.000788703130077,6.19907180982,0.024037774815,6.31389769081,0.017762763162,4.99421264523,0.111720290783,7.18006132834,0.00659305395712,9.17479676302,8.80585837976e-05,4.22206756041,0.156319218883,5.32160753371,0.0933028986693,8.15120344372,0.000895510157611,7.77569962133,0.00163724279782,5.97213674371,0.0335805074026,7.34298886454,0.00212267916432,4.7842227824,0.111175846426,7.58189092218,0.00128673512067,4.90750288699,0.10166523212,9.03467944332,0.000107964168595,4.6303086941,0.26017428808,4.54434939259,0.352004468628,5.30627488419,0.0978502258232,7.69371392227,0.00153292745893,7.57887938042,0.00177198577407,4.32138322064,0.36043505898,8.72940134694,0.000163815715765,7.03877964436,0.00302901859423,8.91104283322,0.000114482464521,7.84859729521,0.00129142235426,8.4550504753,0.00027694064638,4.26389701932,0.122216526132,4.69337244831,0.349920591502,4.60134383203,0.18039205105,7.63909849281,0.00411152769957,7.07766970914,0.00335133620509,8.22828325304,0.000468238513978,6.07426963328,0.0280657581985,8.57650174634,0.000291246217174,4.05377492003,0.15119441945,4.72707401286,0.292405742729,7.61180185643,0.00187566845561,4.55167784908,0.350241222207,7.84678599255,0.00197591478687,3.65677410807,0.089081350073,0.000593440680816,0.598857561003,0.88,5,5,1,1,4,75.97,4.1826,1,0
single,15,1500087,48,single_b015_final_048,0,99,48,8.30408096313,6.03462409973,8.30006313324,6.02650022507,True,,NC1=NC(=O)c2c1c1ccc(C(=O)O)cc1c1c2[nH]c2ccccc21,2.2694568634,2.27356290817,True,0.498477950298,329.315,25,5,2.86576520148,0,True,True,True,0,O=C1N=Cc2c1c1[nH]c3ccccc3c1c1ccccc21,0,6,19,0,0,5.9872651834,3.74330552352,6.13797844,False,converged,0,0,43.8095290305,24.8666265515,18.9429024789,0.757716099157,0.152730238206,0.113045681047,[],True,7.66722415733,0.00159801466967,6.52716888336,0.0142704075863,6.32733754325,0.0188738288191,4.36801810087,0.147791403708,7.05731253895,0.00760765450546,9.26696108109,7.90873244492e-05,4.38590252784,0.14025264464,4.21407676665,0.119801644441,7.9885351406,0.00111069032073,7.58150575448,0.00230434623239,6.09540939223,0.02285389856,7.48866890631,0.00143521439577,4.99220804807,0.0824765685839,7.67985200513,0.000966828172838,4.84713736973,0.143115753088,9.27128992952,6.58022303969e-05,4.74892268656,0.216684460481,4.57870964615,0.336222489141,5.15144584468,0.102277771497,7.82492967747,0.00105168433405,7.94134575488,0.000951538215536,4.45344353387,0.346106999932,8.85447647834,0.000146366186185,7.57687902118,0.00102005625558,9.29249107975,5.95290580734e-05,7.94705241762,0.00105156986429,8.51936268018,0.000320460072704,4.4879785441,0.119545849805,4.6603669356,0.371255675967,4.85520343614,0.156459212083,7.62991887934,0.00421623302333,6.77262615082,0.00569906276756,8.31862401825,0.000415116957452,6.33962423768,0.0174864401572,8.72922737023,0.000227054627535,4.07732423587,0.207508381624,4.71275474391,0.30594170733,7.5337866722,0.00233161374684,4.5834598835,0.37262417804,7.85931494103,0.00195119145259,3.51811594715,0.070113293268,0.000397173657674,0.525314484598,0.68,4,5,1,3,3,108.54,3.0316,1,1
single,9,900069,23,single_b009_final_023,43,99,23,8.3088054657,6.31104135513,8.29727172852,6.34662294388,True,,O=C(O)c1ccc2c3cnccc3c3nc4ccccc4nc3c2c1,1.99776411057,1.95064878464,True,0.369406854464,325.327,25,5,3.00186662262,0,True,True,True,0,c1ccc2nc3c4ccncc4c4ccccc4c3nc2c1,0,4,21,0,0,6.07023420012,3.77749728902,3.53910361609,False,converged,0,0,151.536744117,139.88526788,11.6514762378,0.466059049512,0.0979811542497,0.210111020357,[],True,8.22413976666,0.000785373016915,6.20770910017,0.0237032608862,6.31088465824,0.0178645280249,4.99998430133,0.111689006893,7.17613775672,0.00661565724757,9.17065425344,8.85798145756e-05,4.21987345906,0.15615883254,5.31485247054,0.0937573773977,8.15978143463,0.000882282270441,7.76669556379,0.0016581297606,5.97643475154,0.0334082043041,7.34367123188,0.00211992029413,4.78861247602,0.110737199319,7.59242243766,0.00126021237785,4.89557663612,0.102548133335,9.03385188316,0.000108170897701,4.6279993455,0.259847955894,4.5455378084,0.351482444419,5.30921228353,0.0976349987466,7.69900996929,0.00151962238854,7.57943783579,0.00176667740454,4.32040659594,0.361281515985,8.73372616476,0.000162539307032,7.04524331418,0.00299576191914,8.91658807382,0.000113334399539,7.84766696791,0.00129278710952,8.44238673277,0.000283856536582,4.2667663083,0.122092590034,4.69462800543,0.349680418652,4.60589131444,0.180073382878,7.63900601008,0.00411539686842,7.07985539323,0.00333527248063,8.23125097328,0.000466077629843,6.07639729206,0.0280273166221,8.57730953239,0.000290732655887,4.04956037283,0.151645881183,4.7328679905,0.291861028087,7.60184661451,0.00191021315468,4.5457083256,0.351166834821,7.84582249884,0.00197869687936,3.65672395638,0.088813513343,0.000589893685165,0.598547734513,0.88,5,5,1,1,4,75.97,4.1826,1,0
single,13,1300081,32,single_b013_final_032,3,99,32,8.30861282349,6.31997585297,8.29525566101,6.35491895676,True,,O=C(O)c1ccc2c3cnccc3c3nc4ccccc4nc3c2c1,1.98863697052,1.94033670425,True,0.369406854464,325.327,25,5,2.99686926975,0,True,True,True,0,c1ccc2nc3c4ccncc4c4ccccc4c3nc2c1,0,4,21,0,0,6.07388746545,3.78836000053,3.74621157527,False,converged,0,0,151.316016583,139.885267879,11.4307487032,0.457229948127,0.0941777693169,0.208878637456,[],True,8.22537279112,0.000784464761049,6.18133302254,0.0246258079041,6.31847099924,0.0176129928667,4.989547743,0.111615658004,7.18488042855,0.00656509942878,9.19425247738,8.55338894246e-05,4.21909821014,0.156506520934,5.32982760755,0.0929111841365,8.14050476855,0.000911802460939,7.77392117006,0.00163914502204,5.97335092644,0.0337259670821,7.34246094149,0.00212776479858,4.77886567425,0.111545003668,7.55653642577,0.00135113767264,4.91361596688,0.101273900804,9.02945928625,0.000109113317131,4.62632288435,0.261053540259,4.54484490578,0.352553258246,5.30052516651,0.0983622972585,7.6939984373,0.00154080848269,7.56727853308,0.00180471493875,4.32400746069,0.359483871339,8.73050011974,0.000162979767976,7.02860837208,0.00310086396543,8.90308741841,0.000116245145847,7.85071942693,0.00128384725796,8.45829664298,0.00027530601532,4.26252768766,0.122054216916,4.69473557532,0.349230508165,4.59667677854,0.181353849575,7.63851810104,0.0041232720386,7.09137474337,0.00328556286775,8.22053844373,0.000475375801612,6.07104220258,0.0282877664192,8.57023332916,0.000294739234598,4.06079092558,0.150672625569,4.72418334946,0.293231580445,7.61435109833,0.00186646565337,4.55063347653,0.350121896989,7.84512495592,0.00198199560107,3.6564412809,0.0892245516876,0.000595458559023,0.598461570089,0.88,5,5,1,1,4,75.97,4.1826,1,0
single,3,300051,25,single_b003_final_025,1,99,25,8.2836894989,6.61497831345,8.2950592041,6.63968276978,True,,Cc1ccc(Cl)cc1Nc1nc2cc(C(=O)O)ccc2n2cncc12,1.66871118546,1.65537643433,True,0.574760285174,352.781,25,4,2.87391467862,0,True,True,True,0,c1ccc(Nc2nc3ccccc3n3cncc23)cc1,0,5,20,0,0,6.0831547519,3.71997221231,1.70863853756,False,converged,0,0,18.9512035875,6.95143962221,11.9997639653,0.479990558612,0.186653348636,0.216203256182,[],True,8.00708970264,0.00120857773464,5.85497221788,0.0252807649498,6.40758353092,0.0141914032279,4.99839378394,0.132943563021,7.18496566202,0.00557887097397,7.64873450744,0.000895923381803,4.25615612876,0.149711801332,4.84147228265,0.132865901875,7.55137054308,0.0015361215699,7.96550603505,0.00138206162278,6.00895814806,0.0279459990823,7.40645540006,0.00173102673735,4.71290473652,0.104859089236,7.08239617968,0.00225892017042,4.86615602689,0.102292050029,9.07860277693,9.41607204421e-05,5.00176000451,0.193825840424,4.55542886034,0.324456520315,5.05452557188,0.124288538777,7.73774358478,0.00137852529629,7.65785154843,0.0016484775757,4.3742906159,0.36759007014,8.87149418667,0.000133346954275,7.19673018202,0.00222236995401,8.95898971361,0.000115990472731,7.82666284006,0.00155375198426,8.55942987917,0.000208531455552,4.46112669563,0.117366565407,4.68619406474,0.337036727,4.6183551657,0.195015118735,7.62539281638,0.0038581528229,7.04552347825,0.00363121986605,7.9591143007,0.000771566774218,6.11907847841,0.0239554687261,8.39319300633,0.000404413037775,4.04260946326,0.147738337205,4.89558176016,0.237529261723,7.49472164854,0.00238940602598,4.49724744184,0.353668206481,7.83699090243,0.002011989446,3.83974031712,0.313436595414,0.00666339709054,0.66262457842,0.76,4,4,3,2,4,79.52,4.28612,1,0
single,3,300051,31,single_b003_final_031,1,99,31,8.28147697449,6.60698127747,8.29324913025,6.63255119324,True,,Cc1ccc(Cl)cc1Nc1nc2cc(C(=O)O)ccc2n2cncc12,1.67449569702,1.66069793701,True,0.574760285174,352.781,25,4,2.87631630562,0,True,True,True,0,c1ccc(Nc2nc3ccccc3n3cncc23)cc1,0,5,20,0,0,6.0722805487,3.71797651733,1.96552084316,False,converged,0,0,19.1736799834,6.95143962219,12.2222403612,0.488889614448,0.182765114013,0.223082241389,[],True,8.01313842306,0.00119358596397,5.8654518326,0.0252213210012,6.39653294759,0.0144404293038,5.02822316977,0.132912313671,7.18705265307,0.00557187734006,7.62811243596,0.000921820445231,4.25901978483,0.149084652587,4.86037016884,0.131450658443,7.51602321589,0.00163162967385,7.9645320161,0.00137800400386,6.01541122969,0.0277214543915,7.41233406611,0.00171120835279,4.7290347549,0.104877043436,7.07097496934,0.00231220538125,4.87051229906,0.102081498021,9.08235524261,9.3317336637e-05,4.98479946503,0.196915322005,4.55709663332,0.323729405983,5.06758853907,0.122690103719,7.74209766806,0.00136635977542,7.66289246923,0.00162645890506,4.38541565948,0.367038748848,8.87106847066,0.000133282764254,7.20448905984,0.00218755406068,8.96757829708,0.000113829906521,7.84322277625,0.00151609818369,8.55933817187,0.000208644310569,4.46207195792,0.117177584145,4.68344779572,0.338715615954,4.62431512854,0.193709854373,7.61602008752,0.00390944902442,7.04266410416,0.00366546315566,7.97370811837,0.000750401779075,6.12554493468,0.0237323765613,8.40134590246,0.000397782785625,4.04007876514,0.147844413865,4.86343422943,0.239645159214,7.50369792845,0.00235131938542,4.50241675548,0.353165482172,7.83710988472,0.00201091499527,3.83414971359,0.319577380131,0.00694726604314,0.66045893027,0.76,4,4,3,2,4,79.52,4.28612,1,0
single,11,1100075,0,single_b011_final_000,31,99,0,7.94758033752,6.42698717117,8.29259777069,6.72470188141,True,,O=C(O)c1ccc2c3cnncc3c3nc4ccccc4nc3c2c1,1.52059316635,1.56789588928,True,0.373999505363,326.315,25,5,2.97749327119,0,True,True,True,0,c1ccc2nc3c4cnncc4c4ccccc4c3nc2c1,0,4,21,0,0,5.93127465531,3.6885785459,6.92983037357,False,converged,0,0,146.76229977,133.526757485,13.2355422842,0.529421691368,0.107490691011,0.155292333859,[],True,8.21388524288,0.000803693366551,6.19262604247,0.0241681878565,6.28583489479,0.0185318536533,4.94625796475,0.116087637802,7.20906982425,0.00635655244515,9.17954712966,8.85975316343e-05,4.20000497988,0.153774007071,5.35537501701,0.0925319386625,8.14355536581,0.000897854578203,7.76292859674,0.00167932947359,6.05243086339,0.03056532081,7.40494049401,0.00187951722125,4.77133394728,0.111585694394,7.58406068664,0.0012806392634,4.90370502472,0.102475384285,9.00617576581,0.000110724115029,4.63985831888,0.259598593289,4.5231512848,0.353323843581,5.27519591282,0.0996327955573,7.76481180848,0.00137673459602,7.51494894776,0.00193560273163,4.3143052566,0.36353373397,8.75973709372,0.000150142753492,7.07767154259,0.00290432423572,8.94739132532,0.000108457428512,7.84367216994,0.00130601833207,8.44115789642,0.000285893764974,4.31010007865,0.117436970923,4.68697407632,0.35312889185,4.64467865259,0.180115725247,7.64156488579,0.00409519870679,7.11425167017,0.00310457440115,8.20716143606,0.000482698840813,6.09341157191,0.0268740170565,8.57831456886,0.000289589889562,4.03993626461,0.152541523386,4.73212597195,0.290397698938,7.6252580089,0.00183307652133,4.56018742959,0.349011592542,7.85801864348,0.0019364475072,3.6497414766,0.102489595434,0.000788561104033,0.599144785474,0.88,5,5,1,1,5,88.86,3.5776,1,0
single,9,900069,1,single_b009_final_001,43,99,1,8.26979541779,6.22872543335,8.28455352783,6.23606777191,True,,O=C(O)c1ccc2c3cncnc3c3nc4ccccc4nc3c2c1,2.04106998444,2.04848575592,True,0.373999505363,326.315,25,5,3.00732965436,0,True,True,True,0,c1ccc2nc3c4ncncc4c4ccccc4c3nc2c1,0,4,21,0,0,6.12921468936,3.83400131902,3.071961788,False,converged,0,0,152.419188207,138.377086223,14.0421019847,0.561684079387,0.124506445345,0.213212459749,[],True,8.22653545377,0.000781377372947,6.21590457269,0.023485897852,6.32677071615,0.0174294711537,5.00548210186,0.111424334232,7.1722177485,0.00665880831902,9.16111723159,8.99050345592e-05,4.23092417256,0.156088297159,5.31384102849,0.0933595193896,8.16532499229,0.000878349571713,7.77585766466,0.00163772948142,5.96741303687,0.0334598958031,7.34374880693,0.00211636024215,4.79148620772,0.110846128124,7.6042287602,0.00123383223785,4.91277215124,0.101558101708,9.04895253499,0.000105269733613,4.62748990114,0.259723471011,4.54915850392,0.350809932338,5.32541858309,0.0962402985861,7.68952709121,0.00153272041614,7.6082902595,0.00169052820282,4.31853997201,0.361535565195,8.72939603512,0.000165435687285,7.06233902494,0.00287671518252,8.92675104142,0.000111409264944,7.8475963095,0.00129601084065,8.46247922535,0.000273145501773,4.26807762869,0.123068794773,4.69542942947,0.350227978772,4.60787490161,0.179229098147,7.63958214084,0.00410680567784,7.05808933877,0.00346370843573,8.24584515625,0.000453542493754,6.08377953721,0.0276543118481,8.58282278114,0.000287584518521,4.06314954741,0.151160863151,4.73324476003,0.29230469629,7.60866267759,0.00188823049252,4.54870414612,0.350890061253,7.84479412797,0.00198369433815,3.65371090037,0.0862813063053,0.000557654308238,0.599029088482,0.88,5,5,1,1,5,88.86,3.5776,1,0
single,9,900069,26,single_b009_final_026,43,99,26,8.30186271667,6.23576545715,8.28126716614,6.27120018005,True,,O=C(O)c1ccc2c3cnccc3c3nc4ccccc4nc3c2c1,2.06609725952,2.01006698608,True,0.369406854464,325.327,25,5,2.98451577647,0,True,True,True,0,c1ccc2nc3c4ccncc4c4ccccc4c3nc2c1,0,4,21,0,0,6.04841338135,3.75692349801,3.76976544594,False,converged,0,0,149.238387785,138.50102852,10.7373592647,0.42949437059,0.088082184243,0.160094234333,[],True,8.20260705049,0.000821202442882,6.22895000756,0.0228956424445,6.28845889071,0.0185354089646,4.99314204844,0.112606971111,7.20482270742,0.00638426611042,9.17168169948,8.82748947709e-05,4.20484275617,0.155251551259,5.2989229153,0.095922521209,8.16399593756,0.000872565458536,7.7696525114,0.0016568575646,6.01064305784,0.0321500436838,7.37206052587,0.00200171369561,4.79817463162,0.109324760836,7.61542315072,0.00120443166435,4.88164609038,0.103869776174,9.01266227143,0.000110207776917,4.63117571131,0.257779960071,4.53490482178,0.353278523587,5.27694716492,0.100536152817,7.73217697846,0.00145578459543,7.54494599124,0.00186696025484,4.32370909595,0.360268545011,8.73515784451,0.000159193795573,7.06495212691,0.00294453853904,8.93748979536,0.000111337160177,7.84672882227,0.00129116059041,8.43137063358,0.00029036839606,4.28283212141,0.120091798045,4.69115244246,0.350914639315,4.62880268997,0.181919419982,7.64107058483,0.00409649723764,7.08350287214,0.00327172605348,8.20514942908,0.000487294319842,6.07642987107,0.0275626464706,8.57148789803,0.000294705859134,4.02790621235,0.153470207999,4.73549184735,0.290391377796,7.59952623149,0.00192646316325,4.54823898982,0.352416091771,7.84938141985,0.00197103199556,3.65207529377,0.097886094383,0.000718393767636,0.598573842065,0.88,5,5,1,1,4,75.97,4.1826,1,0
single,4,400054,10,single_b004_final_010,25,99,10,8.25682163239,6.70475292206,8.28110694885,6.69641971588,True,,Cc1cccc2c1Cc1c3ccncc3c(O)c3c(C(=O)O)cn-2c13,1.55206871033,1.58468723297,True,0.490139961751,330.343,25,5,3.05054916531,0,True,True,True,0,c1ccc2c(c1)Cc1c3ccncc3cc3ccn-2c13,0,4,21,0,0,6.45277851334,3.89101712549,1.55925909413,False,converged,0,0,97.2026404258,62.315538525,34.8871019008,1.39548407603,0.739667794972,0.600928596266,[],True,8.04252767231,0.00101516230103,6.10391453631,0.0268047328653,6.58681121089,0.0112429250186,5.41816072449,0.0761510755621,6.8897814055,0.0115281909953,8.74563445839,0.000114324083801,4.54453998033,0.126279522591,4.94488249396,0.112614483096,7.9125222878,0.00150821591201,8.01408581693,0.0011381783205,6.57141609411,0.012316856777,7.6648860951,0.000907071951974,4.85142042149,0.104834848226,7.28755850522,0.00232409833976,5.0106220622,0.0935844572359,9.59236482538,4.10100559992e-05,4.56619070689,0.308883942014,4.60077267262,0.372968979775,5.28419500322,0.0842696844756,8.19628929333,0.00055878386954,7.99095967851,0.000758359490963,4.50136830645,0.321473083432,8.82175039699,0.000127224062832,8.13198332195,0.000424335489726,9.3568996434,4.63836847209e-05,7.89020778082,0.00120309967753,8.71537123917,0.000156467278373,4.38371282804,0.103862505839,4.69652854402,0.347859375797,4.92048384502,0.127784871474,7.66198820958,0.00420954089167,6.91049127222,0.00554579268314,8.18228422649,0.000417320256534,6.93285563306,0.00866934607301,8.54202547845,0.000252175094781,4.19206558185,0.138280151123,4.55990159048,0.366017897288,7.59297374756,0.00195971228221,4.55324289551,0.341862362357,7.79829283464,0.00224954122932,3.45395922277,0.0699399930564,0.000410031061671,0.585651298358,0.76,4,5,1,2,3,75.35,3.79512,1,0
single,11,1100075,43,single_b011_final_043,31,99,43,8.28969764709,6.0352230072,8.27981090546,6.04553794861,True,,Nc1nccc2c1c1ccc(C(=O)O)cc1c1nc3ccccc3n21,2.25447463989,2.23427295685,True,0.45955903806,328.331,25,5,2.97657587338,0,True,True,True,0,c1ccc2c(c1)nc1c3ccccc3c3cnccc3n21,0,5,20,0,0,6.08595957388,3.83092772882,4.78957511445,False,converged,0,0,62.9292395588,45.2484570778,17.680782481,0.707231299239,0.305604849537,0.173134049156,[],True,7.75214217237,0.001513377289,7.33126922384,0.00344800853008,6.33033288778,0.0176957005309,4.81544328365,0.133228722648,7.18535067546,0.00663397993692,8.73048241074,0.000165482151963,4.20617264416,0.157225812663,4.34930542082,0.117487529717,8.56270081577,0.00042916709041,7.84759387498,0.00150224487049,5.96945272303,0.0338935025546,7.33626195787,0.00214804804775,5.40982925744,0.0582036882938,8.74505451268,0.000147421944683,4.93992716002,0.121192766768,9.01593836939,0.0001105183972,4.65163539293,0.220705370353,4.50516006955,0.372164845827,5.12041648586,0.122999387093,7.70371881351,0.00150693123428,7.5665422393,0.00183850581713,4.50534578159,0.335077989597,8.69176807175,0.000173396820113,7.05223812064,0.00297631350511,8.93785278827,0.000111923383315,7.9134422162,0.00104816296467,8.55220900681,0.00025925737714,4.23696763054,0.122078555259,4.59355617634,0.398406626929,4.62839982009,0.186480400512,7.74831210605,0.00326443515827,7.03729842364,0.00340448951145,8.1968549241,0.000552482233519,6.05933207277,0.0283145523663,8.62138838385,0.000286123681296,4.08858713491,0.181237389523,4.87671672918,0.252298120244,7.55552343616,0.00217955753411,4.58495518644,0.358087886578,7.89792202676,0.00180103920029,3.57714534234,0.0920494726268,0.000662169902344,0.628824814477,0.84,5,5,1,2,4,93.51,3.4693,1,0
single,11,1100075,16,single_b011_final_016,31,99,16,8.28341674805,5.84120082855,8.27881908417,5.85998249054,True,,Nc1nccc2c1=C1C=CC(C(=O)O)=CC1C1=Nc3ccccc3C=21,2.44221591949,2.41883659363,True,0.826425197259,327.343,25,5,2.94341543789,0,True,True,True,0,C1=CC2=c3cnccc3=C3C(=Nc4ccccc43)C2C=C1,0,5,20,0,0,6.07930543327,3.82637882356,4.9194802552,False,converged,0,0,134.66200044,68.1917836744,66.470216766,2.65880867064,0.463945972462,0.358204026558,[],True,7.78335864212,0.00138354418271,7.05974013842,0.00574449786163,6.37764397705,0.0162840857136,4.78351121147,0.128264949991,7.16335751758,0.0066857060891,8.82996760783,0.000141681341015,4.2311394114,0.1562048908,4.41726056219,0.110581610798,8.42287682531,0.000562645052283,7.82836853056,0.00158454499538,5.94741660219,0.034855070695,7.31570116593,0.00224424643405,5.19427836267,0.0737561528682,8.49540763231,0.00022998516532,4.98775627613,0.116301001344,9.05520565887,0.000104946976702,4.7215392416,0.22453322763,4.55634313934,0.360052368899,5.18118820034,0.115144737316,7.67335877896,0.00157310773153,7.62039103505,0.00165010642609,4.41672342718,0.346845153653,8.68460583383,0.000179544358523,7.05153344974,0.00291609846241,8.92168883378,0.000111676640329,7.82091134698,0.00128217363792,8.59388793295,0.000240781494482,4.21373265421,0.125371180231,4.65946323505,0.379977396516,4.60421930142,0.1829950013,7.67199528777,0.00376618537526,7.0192629406,0.0036106048793,8.25164624468,0.000499345686204,6.08281494644,0.0281729590634,8.62525657696,0.000280380757216,4.13841313668,0.175973157901,4.75802204563,0.272951887026,7.58257517649,0.0020590654953,4.58477290628,0.359013204638,7.85570326285,0.00193345903111,3.59725806369,0.0882753600104,0.00060219314192,0.62092555102,0.48,2,5,1,2,4,88.57,1.3102,1,0
single,0,42,34,single_b000_final_034,20,99,34,8.32800292969,6.64327192307,8.27705192566,6.67719841003,True,,O=C(O)c1ccc2c(c1)c1c(c3ccncc32)=NC2C=CC=CC2N=1,1.68473100662,1.59985351562,True,0.696344327502,327.343,25,5,2.99204804273,0,True,True,True,0,C1=CC2N=c3c(c4ccncc4c4ccccc34)=NC2C=C1,0,4,21,0,0,6.07033313373,3.78222114301,3.68840251862,False,converged,0,0,235.280445993,134.100123412,101.180322582,4.04721290327,0.36352647665,0.354215454257,[],True,8.22803709573,0.000781529807727,6.19433888034,0.0241609999674,6.31364194635,0.0177984365591,4.99123363008,0.112176426332,7.20140737207,0.00643420339096,9.18423705363,8.69821351663e-05,4.2048877516,0.154860965045,5.32698611833,0.0936425718696,8.15432922676,0.000891216351314,7.75116523416,0.00170110951591,6.01843683714,0.0320471918372,7.37467484378,0.00199677503943,4.78355120931,0.111397454322,7.5753453388,0.00130250353574,4.88867393001,0.10315917262,9.01311047017,0.000110473626196,4.62450488218,0.260089346665,4.53723293197,0.351896902013,5.29793102825,0.0984463833617,7.73743910144,0.00144586514823,7.53771030353,0.00186909692982,4.31468973663,0.362739325945,8.73446220372,0.000158506108497,7.06181160968,0.00296831225855,8.93523839825,0.000110527294116,7.84355731533,0.00130096830218,8.42959910257,0.000291692362814,4.27734748967,0.119710778506,4.7024219043,0.348800949517,4.6290823334,0.180625277458,7.63514785648,0.00415095243957,7.09280760536,0.0032341242293,8.22389117002,0.000472031564095,6.08285231584,0.0275571246052,8.57783817218,0.000290846197119,4.05484857669,0.151694054535,4.73145530861,0.292278634313,7.59199590328,0.00193874141438,4.53703551952,0.351982064063,7.84677611652,0.00198114211506,3.65449741349,0.0968054475025,0.000701688366255,0.598881403285,0.56,3,5,1,1,4,74.91,2.2022,1,0
single,7,700063,11,single_b007_final_011,49,99,11,8.18534755707,6.12611532211,8.27683448792,6.17197132111,True,,OC(O)c1cnc2c(c1)c1ccncc1c1ccc3ccccc3c12,2.05923223495,2.10486316681,True,0.359829342742,326.355,25,5,2.80056251671,0,True,True,True,0,c1ccc2c(c1)ccc1c3cnccc3c3cccnc3c21,0,4,21,0,0,6.12538134977,3.6707573772,0.665585111579,True,converged,0,0,135.317711213,67.7788527813,67.5388584316,2.70155433727,0.389995151331,0.624718153164,[],True,7.72837652459,0.00160845147123,6.65836200383,0.0111754831302,6.54858357673,0.0114865999414,5.09963786232,0.124251512018,6.96820696511,0.00986248050308,8.7619634957,0.000173357684107,4.28905384553,0.149471969116,4.51714529271,0.11910184665,8.26640433847,0.000749699365917,8.01949457758,0.00121878801911,6.06588773356,0.0263075325242,7.29873355292,0.00191870376532,4.97383776555,0.0897912540708,8.10620363171,0.000457110573824,4.93078325082,0.0987175739729,9.17418745001,9.04661446045e-05,4.75415297051,0.249885251347,4.51430207875,0.363461997597,5.2654417555,0.0969612047424,7.91886146536,0.000961346749079,7.50749041045,0.00152992451879,4.33617645888,0.364246191928,8.63679363497,0.000175024274946,7.4540697097,0.00158733538314,9.14692641664,6.08713501275e-05,7.81700317056,0.00139381010623,8.80249942268,0.000140194076296,4.10608891824,0.117473273037,4.59852424226,0.399792710802,4.85895741661,0.138412570753,7.72395241164,0.0035479627625,7.1287889886,0.00359814333894,8.51456407871,0.000278388596511,6.40684071323,0.0213865202857,9.02605069983,0.000140202788939,4.08257936281,0.148159951518,4.72997520699,0.286646294751,7.60466594351,0.00192892188716,4.65188307801,0.316454570401,7.9227147363,0.00170304217383,3.56564988008,0.112955934846,0.00100355392877,0.604768176567,0.88,5,5,1,2,4,66.24,4.0726,0,0
single,2,200048,12,single_b002_final_012,36,99,12,8.23850250244,6.76948738098,8.26543998718,6.80394363403,True,,O=C(O)c1ccc2c3cnccc3n(-c3cc4ccccc4[nH]3)c2c1,1.46901512146,1.46149635315,True,0.505948799249,327.343,25,5,2.94809410467,0,True,True,True,0,c1ccc2[nH]c(-n3c4ccccc4c4cnccc43)cc2c1,0,5,20,0,0,6.03998995461,3.72045436459,3.05025946913,False,converged,0,0,81.3272240337,66.9375140525,14.3897099812,0.575588399249,0.139189362821,0.211486370209,[],True,8.08173809768,0.00101096921977,6.06152495108,0.0302942201877,6.35791988732,0.016422622225,5.22297941866,0.0903736051371,7.03173593245,0.00741235971019,8.84720034147,0.000144342879838,4.38143398699,0.15148274194,5.05448880233,0.113191866767,8.07633562248,0.00100094017314,7.81607214067,0.00141896255582,5.84698891673,0.0293301330964,7.31393551966,0.0019377670358,4.65123342128,0.12339544109,7.52696031362,0.00141702488055,4.87692137461,0.106576718245,9.26862472061,6.97651845908e-05,4.71713113557,0.265986543204,4.56953119465,0.337889542836,5.17974345398,0.100913457903,7.62428329823,0.00149827157752,7.85707319896,0.0011471556343,4.33972234706,0.36431941263,8.8055116899,0.000171786369933,7.43344987874,0.00146505933167,9.11034673686,8.62965398305e-05,7.92459006284,0.00123485497127,8.47369094526,0.000261213535508,4.40084619598,0.12664659581,4.70077269523,0.327238254589,4.7038731679,0.174355286871,7.58077702134,0.00434656074832,6.80161718605,0.00556320565517,8.11473322534,0.000543935733386,6.22195305055,0.0207318493166,8.51572551323,0.00031660070917,4.05388862977,0.151982798639,4.69255015557,0.293107099514,7.55234798573,0.00216970561836,4.53162326249,0.362688752327,7.82697694198,0.00213000186862,3.73274138701,0.151615178466,0.00164979338853,0.613175935061,0.88,5,5,2,2,2,70.91,4.3582,1,0
single,9,900069,10,single_b009_final_010,43,99,10,8.27301216125,6.23924303055,8.26012992859,6.27324390411,True,,O=C(O)c1ccc2c3cnccc3c3nc4ccccc4nc3c2c1,2.03376913071,1.98688602448,True,0.369406854464,325.327,25,5,2.99539858617,0,True,True,True,0,c1ccc2nc3c4ccncc4c4ccccc4c3nc2c1,0,4,21,0,0,6.05189448924,3.76648528681,3.9351937303,False,converged,0,0,149.700691976,138.501028521,11.1996634548,0.447986538192,0.112445631897,0.168624844734,[],True,8.20640405023,0.000814807441459,6.13396182821,0.0261686989761,6.29609055818,0.0182916450278,4.9828205588,0.112183031251,7.20564578252,0.00638767042317,9.23335478693,8.01561467107e-05,4.2077274988,0.155303234531,5.31642297004,0.0948154054213,8.09371005686,0.000977856404024,7.77326742145,0.00164986476873,6.01178938481,0.0321576690595,7.37387969204,0.00199693061341,4.75815478578,0.113017973126,7.5009237292,0.00150144891603,4.89696388126,0.102819739391,9.01549171066,0.000109963587533,4.64556822434,0.25918497774,4.53617845728,0.353232340668,5.27717045772,0.100252571922,7.73065413144,0.00145943528914,7.54324767915,0.00187273082419,4.32893478137,0.358490114727,8.73832797535,0.000158185417411,7.06104979293,0.00296742823053,8.93221575783,0.000112162020187,7.8536305715,0.00128223954481,8.44468001572,0.000283253040565,4.28410714457,0.119985152376,4.70040139217,0.347455119074,4.62477583165,0.18195637703,7.62952465305,0.00419540815352,7.09145227091,0.00327294236447,8.20518129726,0.000487129519628,6.07959896666,0.0275593949517,8.57133861743,0.000294828439678,4.03850030157,0.152662075512,4.70791747047,0.29577257202,7.60993122922,0.00188883234489,4.55185769693,0.351970847729,7.84742799478,0.00198377145246,3.65254274593,0.0978087952122,0.000717076028287,0.594042515059,0.88,5,5,1,1,4,75.97,4.1826,1,0
single,7,700063,35,single_b007_final_035,49,99,35,8.24743175507,5.99584722519,8.2592124939,6.02376556396,True,,O=C(O)c1ccc2c(c1)c1ccncc1c1ccc3ccccc3c12,2.25158452988,2.23544692993,True,0.420590066401,323.351,25,5,2.79029901803,0,True,True,True,0,c1ccc2c(c1)ccc1c3cnccc3c3ccccc3c21,0,4,21,0,0,6.07658868146,3.59458050305,1.3165328655,False,converged,0,0,146.536330323,113.199894731,33.3364355912,1.33345742365,0.336857647498,0.281456465562,[],True,7.70129955434,0.00167825793729,6.70074248514,0.0102719552554,6.56918125322,0.0111462647036,5.07610294667,0.125315106344,6.95695819145,0.00992157661834,8.72650264718,0.000185214160594,4.32089346609,0.149103593802,4.49417794917,0.120663594397,8.27968963957,0.000727528745042,8.01678158656,0.00121973689077,6.05024050531,0.0270521349491,7.2723376015,0.00198556298542,4.99034235409,0.0885374560946,8.18056557023,0.000404919325762,4.93178107975,0.0983555273585,9.2277870404,8.36213959149e-05,4.77338264142,0.247243649419,4.54531368391,0.361522659205,5.23164842918,0.0978829486644,7.89251148411,0.00100873932979,7.58714485306,0.00135833367179,4.32653518378,0.365765247934,8.63991163136,0.0001773035438,7.444673422,0.00159106886382,9.09043259078,6.69415701713e-05,7.80735107232,0.00141731545229,8.82080552673,0.000135556141067,4.09862391531,0.119786288358,4.59725560354,0.399102564601,4.79107559853,0.140367291926,7.72808873729,0.00350027203973,7.13221131452,0.00367563185241,8.48072261017,0.000295689705922,6.41908795792,0.0210451533562,8.9761802029,0.000148921099505,4.08230640772,0.147982515673,4.73292851507,0.284668341585,7.61142168716,0.00191604930113,4.65663631352,0.31556965469,7.9164134746,0.00171529584534,3.57884219912,0.0996289009966,0.000774971230108,0.609111530248,0.88,5,5,1,1,2,50.19,5.3926,1,0
