batch,time,known,censored,instant_final_spearman,teachers
0,0.0,2,48,,2
0,0.01,2,48,,2
0,0.02,2,48,,2
0,0.03,2,48,,2
0,0.04,2,48,,2
0,0.05,2,48,,2
0,0.06,2,48,,2
0,0.07,2,48,,2
0,0.08,2,48,,2
0,0.09,2,48,,2
0,0.1,2,48,,2
0,0.11,2,48,,2
0,0.12,2,48,,2
0,0.13,2,48,,2
0,0.14,2,48,,2
0,0.15,2,48,,2
0,0.16,2,48,,2
0,0.17,2,48,,2
0,0.18,2,48,,2
0,0.19,2,48,,2
0,0.2,2,48,,2
0,0.21,2,48,,2
0,0.22,2,48,,2
0,0.23,2,48,,2
0,0.24,2,48,,2
0,0.25,3,47,0.0,2
0,0.26,4,46,0.632455532033676,2
0,0.27,4,46,0.0,2
0,0.28,4,46,0.7999999999999999,2
0,0.29,4,46,0.7999999999999999,2
0,0.3,4,46,0.7999999999999999,2
0,0.31,4,46,0.7999999999999999,2
0,0.32,4,46,0.7999999999999999,2
0,0.33,4,46,0.7999999999999999,2
0,0.34,4,46,0.7999999999999999,2
0,0.35,4,46,0.7999999999999999,2
0,0.36,5,45,0.4103913408340617,2
0,0.37,7,43,0.48650622985560193,2
0,0.38,7,43,0.21428571428571433,2
0,0.39,7,43,0.3571428571428572,2
0,0.4,8,42,0.21557272714438658,2
0,0.41,8,42,0.07142857142857144,2
0,0.42,8,42,0.2142857142857143,2
0,0.43,9,41,-0.11715583722580122,2
0,0.44,9,41,-0.2333333333333333,2
0,0.45,10,40,-0.17629260766721874,2
0,0.46,14,36,-0.05071692572019167,2
0,0.47,15,35,0.04468277029981736,2
0,0.48,19,31,0.182777083677813,2
0,0.49,24,26,0.15973894114160397,2
0,0.5,33,17,0.22645935331116707,2
1,0.0,2,48,,2
1,0.01,2,48,,2
1,0.02,2,48,,2
1,0.03,2,48,,2
1,0.04,2,48,,2
1,0.05,2,48,,2
1,0.06,2,48,,2
1,0.07,2,48,,2
1,0.08,2,48,,2
1,0.09,2,48,,2
1,0.1,2,48,,2
1,0.11,2,48,,2
1,0.12,2,48,,2
1,0.13,2,48,,2
1,0.14,2,48,,2
1,0.15,2,48,,2
1,0.16,2,48,,2
1,0.17,2,48,,2
1,0.18,3,47,-1.0,2
1,0.19,3,47,-1.0,2
1,0.2,3,47,-1.0,2
1,0.21,3,47,-1.0,2
1,0.22,3,47,-1.0,2
1,0.23,4,46,-0.316227766016838,2
1,0.24,4,46,-0.19999999999999998,2
1,0.25,4,46,-0.19999999999999998,2
1,0.26,4,46,-0.19999999999999998,2
1,0.27,4,46,-0.19999999999999998,2
1,0.28,4,46,-0.19999999999999998,2
1,0.29,4,46,-0.39999999999999997,2
1,0.3,4,46,-0.19999999999999998,2
1,0.31,4,46,-0.19999999999999998,2
1,0.32,4,46,-0.39999999999999997,2
1,0.33,5,45,-0.35909242322980395,2
1,0.34,5,45,-0.39999999999999997,2
1,0.35,5,45,-0.39999999999999997,2
1,0.36,6,44,-0.3188740696088466,2
1,0.37,8,42,-0.26507948099153394,2
1,0.38,8,42,-0.1666666666666667,2
1,0.39,8,42,-0.261904761904762,2
1,0.4,8,42,-0.3333333333333334,2
1,0.41,9,41,-0.3096261412396175,2
1,0.42,9,41,0.13333333333333333,2
1,0.43,10,40,0.10942299786241164,2
1,0.44,10,40,0.04242424242424241,2
1,0.45,12,38,-0.007017587058225038,2
1,0.46,16,34,-0.14738429531859928,2
1,0.47,17,33,-0.02329859420136533,2
1,0.48,20,30,0.02031603283924326,2
1,0.49,24,26,0.13365270432566753,2
1,0.5,31,19,0.32217072674377917,2
2,0.0,1,49,,2
2,0.01,1,49,,2
2,0.02,1,49,,2
2,0.03,1,49,,2
2,0.04,1,49,,2
2,0.05,1,49,,2
2,0.06,1,49,,2
2,0.07,1,49,,2
2,0.08,1,49,,2
2,0.09,1,49,,2
2,0.1,1,49,,2
2,0.11,1,49,,2
2,0.12,1,49,,2
2,0.13,1,49,,2
2,0.14,2,48,,2
2,0.15,2,48,,2
2,0.16,2,48,,2
2,0.17,2,48,,2
2,0.18,2,48,,2
2,0.19,2,48,,2
2,0.2,2,48,,2
2,0.21,2,48,,2
2,0.22,4,46,0.7745966692414834,2
2,0.23,4,46,0.39999999999999997,2
2,0.24,4,46,1.0,2
2,0.25,4,46,0.7999999999999999,2
2,0.26,4,46,0.7999999999999999,2
2,0.27,4,46,0.7999999999999999,2
2,0.28,4,46,0.7999999999999999,2
2,0.29,5,45,0.6155870112510925,2
2,0.3,5,45,0.7999999999999999,2
2,0.31,6,44,0.9276336570439174,2
2,0.32,6,44,0.8857142857142858,2
2,0.33,7,43,0.8468812149338255,2
2,0.34,7,43,0.6071428571428572,2
2,0.35,7,43,0.42857142857142866,2
2,0.36,7,43,0.39285714285714296,2
2,0.37,7,43,0.3571428571428572,2
2,0.38,7,43,0.42857142857142866,2
2,0.39,7,43,0.3571428571428572,2
2,0.4,7,43,0.3214285714285715,2
2,0.41,9,41,0.108787563138244,2
2,0.42,9,41,0.35,2
2,0.43,10,40,0.34650615989763683,2
2,0.44,12,38,0.23240012901731957,2
2,0.45,14,36,0.12981305985076452,2
2,0.46,14,36,0.1164835164835165,2
2,0.47,14,36,0.1912087912087912,2
2,0.48,17,33,0.29815973364435683,2
2,0.49,24,26,0.23764975984554707,2
2,0.5,32,17,0.15466478840308143,2
3,0.0,1,49,,2
3,0.01,1,49,,2
3,0.02,1,49,,2
3,0.03,1,49,,2
3,0.04,1,49,,2
3,0.05,1,49,,2
3,0.06,1,49,,2
3,0.07,1,49,,2
3,0.08,2,48,,2
3,0.09,2,48,,2
3,0.1,2,48,,2
3,0.11,2,48,,2
3,0.12,2,48,,2
3,0.13,2,48,,2
3,0.14,2,48,,2
3,0.15,2,48,,2
3,0.16,2,48,,2
3,0.17,2,48,,2
3,0.18,2,48,,2
3,0.19,2,48,,2
3,0.2,2,48,,2
3,0.21,2,48,,2
3,0.22,2,48,,2
3,0.23,3,47,0.0,2
3,0.24,3,47,0.5,2
3,0.25,3,47,0.5,2
3,0.26,3,47,0.5,2
3,0.27,3,47,0.5,2
3,0.28,3,47,0.5,2
3,0.29,3,47,0.5,2
3,0.3,3,47,0.5,2
3,0.31,3,47,0.5,2
3,0.32,3,47,0.5,2
3,0.33,4,46,0.316227766016838,2
3,0.34,4,46,-0.39999999999999997,2
3,0.35,5,45,-0.20519567041703085,2
3,0.36,6,44,-0.6377481392176932,2
3,0.37,6,44,-0.028571428571428574,2
3,0.38,6,44,-0.3714285714285715,2
3,0.39,7,43,-0.594618725379069,2
3,0.4,7,43,-0.6071428571428572,2
3,0.41,7,43,-0.6071428571428572,2
3,0.42,8,42,-0.8982196964349441,2
3,0.43,8,42,-0.880952380952381,2
3,0.44,8,42,-0.7142857142857144,2
3,0.45,8,42,-0.7380952380952381,2
3,0.46,9,41,-0.25941649671427414,2
3,0.47,13,37,-0.37345291387552554,2
3,0.48,15,35,-0.20751374885819437,2
3,0.49,22,27,-0.0452745925176062,2
3,0.5,29,20,0.4031067049019851,2
4,0.0,1,49,,2
4,0.01,1,49,,2
4,0.02,1,49,,2
4,0.03,1,49,,2
4,0.04,1,49,,2
4,0.05,1,49,,2
4,0.06,1,49,,2
4,0.07,1,49,,2
4,0.08,1,49,,2
4,0.09,1,49,,2
4,0.1,1,49,,2
4,0.11,1,49,,2
4,0.12,1,49,,2
4,0.13,1,49,,2
4,0.14,1,49,,2
4,0.15,1,49,,2
4,0.16,1,49,,2
4,0.17,1,49,,2
4,0.18,1,49,,2
4,0.19,1,49,,2
4,0.2,1,49,,2
4,0.21,1,49,,2
4,0.22,1,49,,2
4,0.23,1,49,,2
4,0.24,1,49,,2
4,0.25,2,48,,2
4,0.26,2,48,,2
4,0.27,2,48,,2
4,0.28,2,48,,2
4,0.29,3,47,1.0,2
4,0.3,3,47,0.5,2
4,0.31,3,47,0.5,2
4,0.32,3,47,0.5,2
4,0.33,3,47,0.5,2
4,0.34,3,47,1.0,2
4,0.35,3,47,1.0,2
4,0.36,3,47,1.0,2
4,0.37,3,47,1.0,2
4,0.38,4,46,0.316227766016838,2
4,0.39,4,46,0.19999999999999998,2
4,0.4,4,46,-0.39999999999999997,2
4,0.41,5,45,0.05129891760425771,2
4,0.42,5,45,0.09999999999999999,2
4,0.43,6,44,-0.4638168285219587,2
4,0.44,7,43,-0.30631873731649006,2
4,0.45,10,40,-0.23242568374889835,2
4,0.46,12,38,-0.3943759765142393,2
4,0.47,15,35,0.4243524705191445,2
4,0.48,16,34,0.2943341488526301,2
4,0.49,22,28,0.167373647585586,2
4,0.5,28,20,0.41726052453257256,2
5,0.0,1,49,,2
5,0.01,1,49,,2
5,0.02,1,49,,2
5,0.03,1,49,,2
5,0.04,1,49,,2
5,0.05,1,49,,2
5,0.06,1,49,,2
5,0.07,1,49,,2
5,0.08,1,49,,2
5,0.09,1,49,,2
5,0.1,1,49,,2
5,0.11,1,49,,2
5,0.12,1,49,,2
5,0.13,1,49,,2
5,0.14,1,49,,2
5,0.15,2,48,,2
5,0.16,2,48,,2
5,0.17,2,48,,2
5,0.18,2,48,,2
5,0.19,2,48,,2
5,0.2,2,48,,2
5,0.21,2,48,,2
5,0.22,2,48,,2
5,0.23,2,48,,2
5,0.24,2,48,,2
5,0.25,2,48,,2
5,0.26,2,48,,2
5,0.27,2,48,,2
5,0.28,2,48,,2
5,0.29,2,48,,2
5,0.3,2,48,,2
5,0.31,2,48,,2
5,0.32,2,48,,2
5,0.33,2,48,,2
5,0.34,2,48,,2
5,0.35,2,48,,2
5,0.36,2,48,,2
5,0.37,2,48,,2
5,0.38,3,47,0.8660254037844387,2
5,0.39,3,47,0.5,2
5,0.4,3,47,1.0,2
5,0.41,4,46,0.9486832980505139,2
5,0.42,6,44,0.5002164033860248,2
5,0.43,6,44,0.6,2
5,0.44,8,42,0.012049067317796999,2
5,0.45,10,40,0.12805116099701186,2
5,0.46,12,38,-0.15087812175183832,2
5,0.47,15,35,0.1506741607001768,2
5,0.48,21,29,0.13289972784899776,2
5,0.49,25,25,-0.054262083314351076,2
5,0.5,35,15,-0.24449752415331755,2
6,0.0,1,49,,2
6,0.01,1,49,,2
6,0.02,1,49,,2
6,0.03,1,49,,2
6,0.04,1,49,,2
6,0.05,1,49,,2
6,0.06,1,49,,2
6,0.07,1,49,,2
6,0.08,1,49,,2
6,0.09,1,49,,2
6,0.1,1,49,,2
6,0.11,1,49,,2
6,0.12,1,49,,2
6,0.13,1,49,,2
6,0.14,1,49,,2
6,0.15,1,49,,2
6,0.16,1,49,,2
6,0.17,2,48,,2
6,0.18,2,48,,2
6,0.19,2,48,,2
6,0.2,2,48,,2
6,0.21,3,47,0.8660254037844387,2
6,0.22,3,47,0.5,2
6,0.23,3,47,1.0,2
6,0.24,3,47,0.5,2
6,0.25,3,47,0.5,2
6,0.26,4,46,-0.7378647873726218,2
6,0.27,4,46,0.39999999999999997,2
6,0.28,4,46,0.39999999999999997,2
6,0.29,4,46,0.7999999999999999,2
6,0.3,4,46,0.19999999999999998,2
6,0.31,4,46,-0.39999999999999997,2
6,0.32,4,46,-0.7999999999999999,2
6,0.33,4,46,-0.7999999999999999,2
6,0.34,4,46,-0.6000000000000001,2
6,0.35,4,46,0.0,2
6,0.36,4,46,-0.6000000000000001,2
6,0.37,4,46,0.39999999999999997,2
6,0.38,4,46,-0.7999999999999999,2
6,0.39,4,46,-0.7999999999999999,2
6,0.4,6,44,-0.6982532518267538,2
6,0.41,6,44,-0.4285714285714286,2
6,0.42,6,44,-0.08571428571428573,2
6,0.43,7,43,-0.41443123283995714,2
6,0.44,9,41,-0.3361463227264072,2
6,0.45,11,39,-0.2323468442648847,2
6,0.46,14,36,-0.4961438385670925,2
6,0.47,16,34,-0.28108911215426174,2
6,0.48,18,32,-0.31095057914773905,2
6,0.49,24,26,-0.0671318773997175,2
6,0.5,33,17,0.049673875874015234,2
7,0.0,1,49,,2
7,0.01,1,49,,2
7,0.02,1,49,,2
7,0.03,1,49,,2
7,0.04,1,49,,2
7,0.05,1,49,,2
7,0.06,1,49,,2
7,0.07,1,49,,2
7,0.08,1,49,,2
7,0.09,1,49,,2
7,0.1,1,49,,2
7,0.11,1,49,,2
7,0.12,1,49,,2
7,0.13,1,49,,2
7,0.14,1,49,,2
7,0.15,1,49,,2
7,0.16,1,49,,2
7,0.17,1,49,,2
7,0.18,1,49,,2
7,0.19,1,49,,2
7,0.2,1,49,,2
7,0.21,1,49,,2
7,0.22,1,49,,2
7,0.23,1,49,,2
7,0.24,1,49,,2
7,0.25,1,49,,2
7,0.26,1,49,,2
7,0.27,2,48,,2
7,0.28,3,47,-0.8660254037844387,2
7,0.29,3,47,-1.0,2
7,0.3,3,47,-1.0,2
7,0.31,3,47,-0.5,2
7,0.32,3,47,-0.5,2
7,0.33,4,46,-0.7378647873726218,2
7,0.34,4,46,-0.6000000000000001,2
7,0.35,4,46,-0.6000000000000001,2
7,0.36,5,45,-0.6668859288553503,2
7,0.37,5,45,-0.6,2
7,0.38,5,45,-0.6,2
7,0.39,6,44,0.5797710356524485,2
7,0.4,6,44,0.3142857142857143,2
7,0.41,7,43,0.198206241793023,2
7,0.42,7,43,0.21428571428571433,2
7,0.43,7,43,0.14285714285714288,2
7,0.44,8,42,0.14285714285714288,2
7,0.45,9,41,0.12552411131335847,2
7,0.46,10,40,0.3161108827136336,2
7,0.47,15,35,-0.007187922934666107,2
7,0.48,17,33,-0.07357450800431158,2
7,0.49,20,30,-0.06398197529636114,2
7,0.5,30,20,-0.12877366738776647,2
8,0.0,2,48,,2
8,0.01,2,48,,2
8,0.02,2,48,,2
8,0.03,2,48,,2
8,0.04,2,48,,2
8,0.05,2,48,,2
8,0.06,3,47,0.0,2
8,0.07,3,47,-0.5,2
8,0.08,3,47,-1.0,2
8,0.09,3,47,-1.0,2
8,0.1,3,47,-1.0,2
8,0.11,3,47,-1.0,2
8,0.12,3,47,-1.0,2
8,0.13,3,47,1.0,2
8,0.14,4,46,0.316227766016838,2
8,0.15,4,46,0.19999999999999998,2
8,0.16,4,46,0.19999999999999998,2
8,0.17,4,46,-0.19999999999999998,2
8,0.18,4,46,-1.0,2
8,0.19,4,46,-1.0,2
8,0.2,4,46,-0.7999999999999999,2
8,0.21,4,46,-0.7999999999999999,2
8,0.22,4,46,-1.0,2
8,0.23,4,46,-0.7999999999999999,2
8,0.24,4,46,-0.7999999999999999,2
8,0.25,4,46,-0.39999999999999997,2
8,0.26,4,46,-0.39999999999999997,2
8,0.27,4,46,-0.39999999999999997,2
8,0.28,4,46,-0.39999999999999997,2
8,0.29,4,46,-0.7999999999999999,2
8,0.3,4,46,-0.39999999999999997,2
8,0.31,4,46,-0.39999999999999997,2
8,0.32,4,46,-0.19999999999999998,2
8,0.33,4,46,0.7999999999999999,2
8,0.34,4,46,1.0,2
8,0.35,4,46,1.0,2
8,0.36,4,46,0.39999999999999997,2
8,0.37,4,46,0.39999999999999997,2
8,0.38,6,44,0.33394720739540396,2
8,0.39,6,44,0.3714285714285715,2
8,0.4,6,44,0.3714285714285715,2
8,0.41,7,43,-0.12613124477737825,2
8,0.42,9,41,0.1338923854009157,2
8,0.43,10,40,-0.14589733048321551,2
8,0.44,10,40,-0.43030303030303024,2
8,0.45,10,40,-0.09090909090909088,2
8,0.46,13,37,-0.1212125811564599,2
8,0.47,15,35,-0.24329198141995204,2
8,0.48,16,34,-0.49006635783962915,2
8,0.49,23,27,-0.6249087066387469,2
8,0.5,29,20,-0.43119382026,2
9,0.0,1,49,,2
9,0.01,1,49,,2
9,0.02,1,49,,2
9,0.03,1,49,,2
9,0.04,1,49,,2
9,0.05,1,49,,2
9,0.06,1,49,,2
9,0.07,1,49,,2
9,0.08,1,49,,2
9,0.09,1,49,,2
9,0.1,1,49,,2
9,0.11,1,49,,2
9,0.12,1,49,,2
9,0.13,1,49,,2
9,0.14,2,48,,2
9,0.15,2,48,,2
9,0.16,2,48,,2
9,0.17,2,48,,2
9,0.18,2,48,,2
9,0.19,2,48,,2
9,0.2,2,48,,2
9,0.21,2,48,,2
9,0.22,2,48,,2
9,0.23,3,47,-0.8660254037844387,2
9,0.24,3,47,-1.0,2
9,0.25,3,47,-1.0,2
9,0.26,3,47,-1.0,2
9,0.27,3,47,-0.5,2
9,0.28,4,46,0.632455532033676,2
9,0.29,4,46,0.39999999999999997,2
9,0.3,4,46,0.39999999999999997,2
9,0.31,5,45,-0.15389675281277312,2
9,0.32,5,45,0.19999999999999998,2
9,0.33,5,45,0.19999999999999998,2
9,0.34,5,45,0.19999999999999998,2
9,0.35,6,44,0.28988551782622424,2
9,0.36,6,44,0.2571428571428572,2
9,0.37,7,43,0.2702812388086677,2
9,0.38,7,43,-0.14285714285714288,2
9,0.39,7,43,0.1785714285714286,2
9,0.4,7,43,-0.03571428571428572,2
9,0.41,7,43,-0.5357142857142858,2
9,0.42,7,43,0.14285714285714288,2
9,0.43,7,43,-0.10714285714285716,2
9,0.44,7,42,0.1785714285714286,2
9,0.45,11,38,0.7676494735787385,2
9,0.46,11,38,0.7363636363636363,2
9,0.47,13,36,0.6382399435416463,2
9,0.48,16,33,0.7363778236406555,2
9,0.49,19,30,0.6567048827573381,2
9,0.5,27,22,0.46142119591224023,2
10,0.0,1,49,,2
10,0.01,1,49,,2
10,0.02,1,49,,2
10,0.03,1,49,,2
10,0.04,1,49,,2
10,0.05,1,49,,2
10,0.06,1,49,,2
10,0.07,1,49,,2
10,0.08,1,49,,2
10,0.09,1,49,,2
10,0.1,1,49,,2
10,0.11,1,49,,2
10,0.12,1,49,,2
10,0.13,1,49,,2
10,0.14,1,49,,2
10,0.15,1,49,,2
10,0.16,1,49,,2
10,0.17,1,49,,2
10,0.18,1,49,,2
10,0.19,2,48,,2
10,0.2,3,47,0.0,2
10,0.21,3,47,0.5,2
10,0.22,3,47,0.5,2
10,0.23,3,47,0.5,2
10,0.24,4,46,0.632455532033676,2
10,0.25,4,46,0.7999999999999999,2
10,0.26,4,46,0.39999999999999997,2
10,0.27,4,46,0.39999999999999997,2
10,0.28,4,46,-0.6000000000000001,2
10,0.29,4,46,-0.7999999999999999,2
10,0.3,5,45,-0.7,2
10,0.31,6,44,-0.9276336570439174,2
10,0.32,6,44,-0.8285714285714287,2
10,0.33,6,44,-0.7142857142857143,2
10,0.34,6,44,-0.2571428571428572,2
10,0.35,6,44,0.028571428571428574,2
10,0.36,6,44,0.14285714285714288,2
10,0.37,6,44,0.08571428571428573,2
10,0.38,6,44,0.3142857142857143,2
10,0.39,6,44,0.08571428571428573,2
10,0.4,7,43,-0.41443123283995714,2
10,0.41,7,43,-0.3571428571428572,2
10,0.42,7,43,-0.5714285714285715,2
10,0.43,8,42,-0.4431217169079058,2
10,0.44,9,41,-0.1422606594884729,2
10,0.45,10,40,0.10942299786241164,2
10,0.46,13,37,-0.13554957614741295,2
10,0.47,15,35,0.030411497677494004,2
10,0.48,16,34,0.05445181753773657,2
10,0.49,22,28,0.37952543325077776,2
10,0.5,27,23,0.4081883780056126,2
11,0.0,1,49,,2
11,0.01,1,49,,2
11,0.02,1,49,,2
11,0.03,1,49,,2
11,0.04,1,49,,2
11,0.05,1,49,,2
11,0.06,1,49,,2
11,0.07,1,49,,2
11,0.08,1,49,,2
11,0.09,1,49,,2
11,0.1,1,49,,2
11,0.11,1,49,,2
11,0.12,1,49,,2
11,0.13,1,49,,2
11,0.14,1,49,,2
11,0.15,1,49,,2
11,0.16,1,49,,2
11,0.17,1,49,,2
11,0.18,1,49,,2
11,0.19,1,49,,2
11,0.2,1,49,,2
11,0.21,1,49,,2
11,0.22,1,49,,2
11,0.23,1,49,,2
11,0.24,1,49,,2
11,0.25,1,49,,2
11,0.26,1,49,,2
11,0.27,1,49,,2
11,0.28,1,49,,2
11,0.29,1,49,,2
11,0.3,1,49,,2
11,0.31,2,48,,2
11,0.32,2,48,,2
11,0.33,3,47,-0.5,2
11,0.34,3,47,1.0,2
11,0.35,3,47,1.0,2
11,0.36,3,47,1.0,2
11,0.37,3,47,0.5,2
11,0.38,5,45,0.4472135954999579,2
11,0.39,5,45,0.8999999999999998,2
11,0.4,5,45,-0.6,2
11,0.41,5,44,-0.09999999999999999,2
11,0.42,5,44,0.09999999999999999,2
11,0.43,6,43,0.20291986247835694,2
11,0.44,6,43,-0.08571428571428573,2
11,0.45,6,43,-0.08571428571428573,2
11,0.46,9,40,-0.5966597228393727,2
11,0.47,12,37,-0.06678475954023655,2
11,0.48,16,33,0.41562371279845,2
11,0.49,20,27,0.37452996991191473,2
11,0.5,29,15,0.05744578730407494,2
12,0.0,1,49,,2
12,0.01,1,49,,2
12,0.02,1,49,,2
12,0.03,1,49,,2
12,0.04,1,49,,2
12,0.05,1,49,,2
12,0.06,1,49,,2
12,0.07,1,49,,2
12,0.08,1,49,,2
12,0.09,1,49,,2
12,0.1,1,49,,2
12,0.11,1,49,,2
12,0.12,1,49,,2
12,0.13,1,49,,2
12,0.14,1,49,,2
12,0.15,1,49,,2
12,0.16,1,49,,2
12,0.17,2,48,,2
12,0.18,2,48,,2
12,0.19,2,48,,2
12,0.2,2,48,,2
12,0.21,2,48,,2
12,0.22,2,48,,2
12,0.23,2,48,,2
12,0.24,2,48,,2
12,0.25,2,48,,2
12,0.26,2,48,,2
12,0.27,2,48,,2
12,0.28,2,48,,2
12,0.29,2,48,,2
12,0.3,2,48,,2
12,0.31,3,47,-0.8660254037844387,2
12,0.32,3,47,-1.0,2
12,0.33,3,47,-1.0,2
12,0.34,3,47,-1.0,2
12,0.35,4,46,-0.39999999999999997,2
12,0.36,4,46,-0.39999999999999997,2
12,0.37,4,46,-0.7999999999999999,2
12,0.38,4,46,0.19999999999999998,2
12,0.39,4,46,0.19999999999999998,2
12,0.4,4,46,0.39999999999999997,2
12,0.41,4,46,0.7999999999999999,2
12,0.42,5,45,0.3,2
12,0.43,6,44,0.4058397249567139,2
12,0.44,6,44,0.5428571428571429,2
12,0.45,8,42,0.2515015150017844,2
12,0.46,13,37,0.21976687004805023,2
12,0.47,16,34,0.23139334365020084,2
12,0.48,21,29,0.343415088129176,2
12,0.49,22,28,0.32420221569566304,2
12,0.5,35,15,0.41250727016915845,2
13,0.0,1,49,,2
13,0.01,1,49,,2
13,0.02,1,49,,2
13,0.03,1,49,,2
13,0.04,1,49,,2
13,0.05,1,49,,2
13,0.06,1,49,,2
13,0.07,1,49,,2
13,0.08,1,49,,2
13,0.09,1,49,,2
13,0.1,1,49,,2
13,0.11,1,49,,2
13,0.12,1,49,,2
13,0.13,1,49,,2
13,0.14,1,49,,2
13,0.15,1,49,,2
13,0.16,1,49,,2
13,0.17,1,49,,2
13,0.18,1,49,,2
13,0.19,1,49,,2
13,0.2,1,49,,2
13,0.21,1,49,,2
13,0.22,1,49,,2
13,0.23,1,49,,2
13,0.24,1,49,,2
13,0.25,1,49,,2
13,0.26,1,49,,2
13,0.27,2,48,,2
13,0.28,2,48,,2
13,0.29,2,48,,2
13,0.3,2,48,,2
13,0.31,2,48,,2
13,0.32,3,47,0.5,2
13,0.33,4,46,0.9486832980505139,2
13,0.34,4,46,0.39999999999999997,2
13,0.35,5,45,0.4103913408340617,2
13,0.36,5,45,-0.3,2
13,0.37,5,45,-0.3,2
13,0.38,5,45,-0.3,2
13,0.39,6,44,-0.6087595874350709,2
13,0.4,6,44,0.028571428571428574,2
13,0.41,6,44,0.4285714285714286,2
13,0.42,7,43,0.054056247761733546,2
13,0.43,8,42,0.04761904761904763,2
13,0.44,9,41,0.04184137043778616,2
13,0.45,9,41,0.11666666666666665,2
13,0.46,12,38,0.1195095697035812,2
13,0.47,14,36,-0.09680973954972272,2
13,0.48,19,31,0.028219089881125675,2
13,0.49,24,26,0.3008930121980641,2
13,0.5,32,17,0.09022557756413044,2
