split,feature,metric,n_batches,signed_window_effect,absolute_contribution_sum,first_time,first_node_contribution,first_fraction_absolute_contributions,dominant_time,dominant_fraction_absolute_contributions,effective_time_nodes,sum_of_all_other_node_contributions,mean_time_coverage
discovery,ck2:A:ASN117::NOS::centroid_x,selection_shift,14,9.18006359836e-05,0.000374015029161,0,6.54044709491e-05,0.174871237383,0.0,0.174871237383,18.9412848053,2.63961650345e-05,1
discovery,ck2:A:ASN117::NOS::centroid_x,partial_affinity_correlation,14,-0.011931212445,0.0481155369388,0,6.89248797937e-05,0.00143248697155,0.49,0.05383622006,34.6775188502,-0.0120001373248,1
discovery,ck2:A:ASN117::NOS::centroid_x,lag_partial_gain_correlation,14,0.0375788249,0.0625735906105,0,0.000751161273581,0.0120044457454,0.45,0.0601740086102,32.0221498563,0.0368276636264,1
discovery,ck2:A:ASN117::NOS::centroid_y,selection_shift,14,0.000551113840179,0.0015340925163,0,0.000520394207261,0.339219572308,0.0,0.339219572308,7.776053533,3.07196329184e-05,1
discovery,ck2:A:ASN117::NOS::centroid_y,partial_affinity_correlation,14,-0.00791189112282,0.0568789765676,0,0.00222412175262,0.0391027034387,0.32,0.052861542855,33.9328620095,-0.0101360128754,1
discovery,ck2:A:ASN117::NOS::centroid_y,lag_partial_gain_correlation,14,0.029057208089,0.0605642158477,0,0.00302258629958,0.0499071317489,0.2,0.0635354585028,33.9421404087,0.0260346217894,1
discovery,ck2:A:ASN117::NOS::centroid_z,selection_shift,14,-0.000181376435106,0.00159190470661,0,-0.000271372691074,0.170470437047,0.0,0.170470437047,19.0142811248,8.99962559678e-05,1
discovery,ck2:A:ASN117::NOS::centroid_z,partial_affinity_correlation,14,0.00885815227697,0.0676128785283,0,-0.00131903193101,0.0195085900751,0.41,0.0562210873307,35.208976141,0.010177184208,1
discovery,ck2:A:ASN117::NOS::centroid_z,lag_partial_gain_correlation,14,-0.0255403989912,0.0629189618203,0,-0.000323397320451,0.00513990236162,0.43,0.0549948966333,33.3663355818,-0.0252170016707,1
discovery,ck2:A:ASN117::NOS::endpoint_transport_x,selection_shift,14,-0.000863799742362,0.00236914260288,0,6.51727950522e-05,0.0275090216068,0.01,0.116875888973,26.1504163319,-0.000928972537414,1
discovery,ck2:A:ASN117::NOS::endpoint_transport_x,partial_affinity_correlation,14,0.00898176783175,0.079033193656,0,0.000409971109674,0.00518732814289,0.01,0.0801185533812,27.1334034849,0.00857179672208,1
discovery,ck2:A:ASN117::NOS::endpoint_transport_x,lag_partial_gain_correlation,14,0.0279125568917,0.0715055507236,0,-0.000359720841022,0.0050306701701,0.26,0.0487096487525,35.363079384,0.0282722777327,1
discovery,ck2:A:ASN117::NOS::endpoint_transport_y,selection_shift,14,0.00492646653336,0.00964090298885,0,0.000814337539475,0.0844669363873,0.01,0.311563219192,6.49111458103,0.00411212899388,1
discovery,ck2:A:ASN117::NOS::endpoint_transport_y,partial_affinity_correlation,14,0.0313519696896,0.0864282872486,0,0.00227875183338,0.0263658103836,0.01,0.0810001346681,29.4255051989,0.0290732178563,1
discovery,ck2:A:ASN117::NOS::endpoint_transport_y,lag_partial_gain_correlation,14,-0.00266822312309,0.0744094345709,0,0.00215105546701,0.0289083700127,0.01,0.043483255832,36.3874663042,-0.0048192785901,1
discovery,ck2:A:ASN117::NOS::endpoint_transport_z,selection_shift,14,-0.00662843606806,0.010094682975,0,-0.000519162633653,0.0514293153078,0.01,0.189406238587,14.2521843294,-0.00610927343441,1
discovery,ck2:A:ASN117::NOS::endpoint_transport_z,partial_affinity_correlation,14,-0.0718068472387,0.100017410727,0,-0.00235427939693,0.0235386957112,0.01,0.075070160748,30.6013474058,-0.0694525678418,1
discovery,ck2:A:ASN117::NOS::endpoint_transport_z,lag_partial_gain_correlation,14,-0.0539005486168,0.0826437225441,0,-0.0030882629273,0.0373683908738,0.09,0.0548995819643,33.9725309332,-0.0508122856895,1
discovery,ck2:A:ASN117::NOS::native_speed,selection_shift,14,-0.0125959338883,0.0228595712096,0,-0.00956149507193,0.418270972114,0.0,0.418270972114,5.4190082804,-0.00303443881639,1
discovery,ck2:A:ASN117::NOS::native_speed,partial_affinity_correlation,14,-0.00100469950491,0.0426601170634,0,-0.000730194858258,0.0171165694921,0.23,0.0454962875655,35.8473457985,-0.000274504646648,1
discovery,ck2:A:ASN117::NOS::native_speed,lag_partial_gain_correlation,14,-0.0236210315904,0.04418602137,0,-0.000636325701827,0.0144010635513,0.26,0.0708372622237,32.2931521762,-0.0229847058886,1
discovery,ck2:A:ASN117::NOS::native_velocity_x,selection_shift,14,-0.00795100355971,0.0159997989335,0,-0.00656572870168,0.410363200748,0.0,0.410363200748,5.35284921203,-0.00138527485803,1
discovery,ck2:A:ASN117::NOS::native_velocity_x,partial_affinity_correlation,14,0.00590629401889,0.0299075183551,0,-8.37706368127e-05,0.00280098923013,0.3,0.074887580525,28.7265339975,0.0059900646557,1
discovery,ck2:A:ASN117::NOS::native_velocity_x,lag_partial_gain_correlation,14,-0.0111269846463,0.0424535467602,0,-0.000744761869069,0.0175429834703,0.41,0.0632176020986,32.0625679722,-0.0103822227773,1
discovery,ck2:A:ASN117::NOS::native_velocity_y,selection_shift,14,-0.0505179644912,0.0681966067609,0,-0.0513268035765,0.752629874335,0.0,0.752629874335,1.75202296325,0.000808839085272,1
discovery,ck2:A:ASN117::NOS::native_velocity_y,partial_affinity_correlation,14,0.00143740035273,0.0456395679349,0,-0.00221854568621,0.0486101377949,0.02,0.0594437506981,32.2823267887,0.00365594603894,1
discovery,ck2:A:ASN117::NOS::native_velocity_y,lag_partial_gain_correlation,14,-0.019762221296,0.0560027329679,0,-0.00300312791057,0.0536246670729,0.26,0.0551932047512,33.2526505819,-0.0167590933855,1
discovery,ck2:A:ASN117::NOS::native_velocity_z,selection_shift,14,0.0169597342947,0.0413584440733,0,0.0261459609603,0.63217951125,0.0,0.63217951125,2.46291111986,-0.00918622666562,1
discovery,ck2:A:ASN117::NOS::native_velocity_z,partial_affinity_correlation,14,-0.0132959253858,0.0413009162946,0,0.00125112108741,0.0302928167136,0.42,0.0647879863738,33.8333744162,-0.0145470464732,1
discovery,ck2:A:ASN117::NOS::native_velocity_z,lag_partial_gain_correlation,14,0.00372210020355,0.0343233932818,0,0.000304935454133,0.00888418728385,0.17,0.0512522279915,32.1732630368,0.00341716474942,1
discovery,ck2:A:ASN117::NOS::proposal_centroid_x,selection_shift,14,1.22906167409e-05,0.000292507178916,0,-2.5281460015e-07,0.000864302206489,0.26,0.060846648369,32.383363509,1.25434313411e-05,1
discovery,ck2:A:ASN117::NOS::proposal_centroid_x,partial_affinity_correlation,14,-0.00954915472298,0.0422933522689,0,-0.000280672739019,0.00663633228301,0.48,0.0549404412475,33.0240488675,-0.00926848198396,1
discovery,ck2:A:ASN117::NOS::proposal_centroid_x,lag_partial_gain_correlation,14,0.0330392150186,0.0603588015599,0,-0.000158148471681,0.00262013935986,0.33,0.0626637389515,31.997602154,0.0331973634902,1
discovery,ck2:A:ASN117::NOS::proposal_centroid_y,selection_shift,14,4.59342065486e-05,0.00109783706147,0,7.12618296841e-06,0.00649111167631,0.02,0.0558244396708,32.7087512505,3.88080235802e-05,1
discovery,ck2:A:ASN117::NOS::proposal_centroid_y,partial_affinity_correlation,14,-0.00570024987178,0.0570286166143,0,0.000219249172895,0.00384454657874,0.02,0.0718171361236,29.9904303861,-0.00591949904468,1
discovery,ck2:A:ASN117::NOS::proposal_centroid_y,lag_partial_gain_correlation,14,0.0205154708417,0.0577107430183,0,0.000357340937279,0.00619193097489,0.2,0.0563507178886,34.3812620905,0.0201581299044,1
discovery,ck2:A:ASN117::NOS::proposal_centroid_z,selection_shift,14,-1.17790964427e-05,0.00143510022786,0,-9.91308731435e-06,0.00690759232136,0.26,0.0737807606021,31.6013723797,-1.86600912838e-06,1
discovery,ck2:A:ASN117::NOS::proposal_centroid_z,partial_affinity_correlation,14,0.00274764917714,0.0678241839206,0,-0.000671880019687,0.00990620131123,0.41,0.0524996915052,33.6092411664,0.00341952919683,1
discovery,ck2:A:ASN117::NOS::proposal_centroid_z,lag_partial_gain_correlation,14,-0.0275459678524,0.0631831916468,0,-0.000335216249807,0.00530546560042,0.43,0.0537750735453,33.3386841598,-0.0272107516026,1
discovery,ck2:A:ASN117::NOS::proposal_spread,selection_shift,14,-0.000327842994612,0.0012874130528,0,-2.61861762532e-06,0.00203401512795,0.26,0.0698239871341,29.1134904538,-0.000325224376986,1
discovery,ck2:A:ASN117::NOS::proposal_spread,partial_affinity_correlation,14,-0.0036984965288,0.0517190241238,0,-0.00133710145668,0.0258531841876,0.01,0.058037841071,31.9463060822,-0.00236139507212,1
discovery,ck2:A:ASN117::NOS::proposal_spread,lag_partial_gain_correlation,14,-0.0451587095279,0.0759925596595,0,-0.000232260436512,0.00305635759017,0.09,0.0661644054539,33.0160021169,-0.0449264490913,1
discovery,ck2:A:ASN117::NOS::spread,selection_shift,14,-0.000297811920309,0.00123254209658,0,-2.02949172052e-05,0.0164659018638,0.26,0.0728432486545,28.8238685729,-0.000277517003103,1
discovery,ck2:A:ASN117::NOS::spread,partial_affinity_correlation,14,-0.00139414682255,0.0521858208899,0,-0.00160214992978,0.0307008666811,0.01,0.0619645624247,31.2400338402,0.000208003107233,1
discovery,ck2:A:ASN117::NOS::spread,lag_partial_gain_correlation,14,-0.0458206035459,0.077035414505,0,3.73456397311e-06,4.84785341535e-05,0.09,0.0673796175382,33.3916127905,-0.0458243381099,1
discovery,ck2:A:ASN117::all::centroid_x,selection_shift,14,-5.5175626672e-06,0.000152992340474,0,-2.92556251993e-05,0.191222809643,0.0,0.191222809643,16.8412260539,2.37380625321e-05,1
discovery,ck2:A:ASN117::all::centroid_x,partial_affinity_correlation,14,0.00380364174815,0.0601668599851,0,-0.000760534404007,0.0126404203941,0.49,0.0463880650216,35.6609812662,0.00456417615215,1
discovery,ck2:A:ASN117::all::centroid_x,lag_partial_gain_correlation,14,0.0345777977839,0.0663364156178,0,0.000506301119904,0.00763232555133,0.33,0.0650939371996,31.7898502192,0.034071496664,1
discovery,ck2:A:ASN117::all::centroid_y,selection_shift,14,-0.00054202387013,0.000638416005957,0,2.27234616832e-05,0.0355935024673,0.29,0.0454667351908,35.5097982199,-0.000564747331813,1
discovery,ck2:A:ASN117::all::centroid_y,partial_affinity_correlation,14,-0.0636288933721,0.0780337406281,0,0.000977082728652,0.01252128529,0.16,0.0516121159055,34.0430225999,-0.0646059761008,1
discovery,ck2:A:ASN117::all::centroid_y,lag_partial_gain_correlation,14,0.025045186695,0.0648148745249,0,0.00200925940839,0.0309999737424,0.46,0.0540865582353,33.9352291211,0.0230359272866,1
discovery,ck2:A:ASN117::all::centroid_z,selection_shift,14,0.000119736506378,0.000399964181684,0,6.41277792633e-06,0.0160333805376,0.18,0.0758245970468,27.165783291,0.000113323728451,1
discovery,ck2:A:ASN117::all::centroid_z,partial_affinity_correlation,14,-0.0396446754032,0.0844827947095,0,-0.000230983039714,0.00273408379196,0.06,0.0729776123792,30.900713094,-0.0394136923635,1
discovery,ck2:A:ASN117::all::centroid_z,lag_partial_gain_correlation,14,0.00128532456678,0.066026995451,0,-0.000180187176494,0.00272899251682,0.14,0.0519057504555,33.9012986069,0.00146551174327,1
discovery,ck2:A:ASN117::all::endpoint_transport_x,selection_shift,14,-0.00108773290121,0.00157025187049,0,3.47528249395e-05,0.0221320067134,0.18,0.0701335541114,29.9144488736,-0.00112248572615,1
discovery,ck2:A:ASN117::all::endpoint_transport_x,partial_affinity_correlation,14,0.0368296608207,0.136357052631,0,0.000863865014116,0.00633531597702,0.17,0.0488217699247,35.7249086718,0.0359657958066,1
discovery,ck2:A:ASN117::all::endpoint_transport_x,lag_partial_gain_correlation,14,0.00262396564307,0.0873688849969,0,-0.000250791326338,0.0028704878899,0.26,0.0582167539953,32.0385711324,0.00287475696941,1
discovery,ck2:A:ASN117::all::endpoint_transport_y,selection_shift,14,-0.0034743965433,0.00357596798998,0,-2.00242983369e-08,5.599686125e-06,0.29,0.0413490928333,35.543766382,-0.003474376519,1
discovery,ck2:A:ASN117::all::endpoint_transport_y,partial_affinity_correlation,14,-0.0768940507307,0.0971482720085,0,-0.000448483363934,0.00461648318248,0.06,0.0757314639748,28.1639138744,-0.0764455673668,1
discovery,ck2:A:ASN117::all::endpoint_transport_y,lag_partial_gain_correlation,14,-0.0349677904225,0.0789767627139,0,-0.00149216137463,0.0188936761061,0.14,0.0694343770166,30.1448003943,-0.0334756290478,1
discovery,ck2:A:ASN117::all::endpoint_transport_z,selection_shift,14,-9.48504485269e-05,0.00342582794771,0,-8.0704072249e-05,0.0235575380552,0.01,0.0714713081222,24.8279737081,-1.41463762779e-05,1
discovery,ck2:A:ASN117::all::endpoint_transport_z,partial_affinity_correlation,14,-0.0972191117885,0.173090730743,0,-0.0018868076889,0.010900685905,0.01,0.0599154870369,31.6324311764,-0.0953323040996,1
discovery,ck2:A:ASN117::all::endpoint_transport_z,lag_partial_gain_correlation,14,0.00093269874568,0.0930605812644,0,-0.00230013387666,0.0247165217045,0.14,0.0537490235836,32.7220152635,0.00323283262234,1
discovery,ck2:A:ASN117::all::native_speed,selection_shift,14,-0.00775974028458,0.00934573617693,0,-0.00282828616801,0.302628505071,0.0,0.302628505071,9.5084339807,-0.00493145411657,1
discovery,ck2:A:ASN117::all::native_speed,partial_affinity_correlation,14,-0.0235417538326,0.0393536982007,0,-0.000312720265065,0.00794640095755,0.23,0.080323966574,31.4522971867,-0.0232290335675,1
discovery,ck2:A:ASN117::all::native_speed,lag_partial_gain_correlation,14,-0.0287867145188,0.0459256239475,0,-0.00052602982819,0.0114539506048,0.28,0.0626724778489,32.429814336,-0.0282606846907,1
discovery,ck2:A:ASN117::all::native_velocity_x,selection_shift,14,0.000677299413877,0.00720384984878,0,0.00283451534029,0.393472296034,0.0,0.393472296034,5.86815522336,-0.00215721592641,1
discovery,ck2:A:ASN117::all::native_velocity_x,partial_affinity_correlation,14,0.0109145963623,0.0334053095525,0,0.000696519117495,0.0208505512096,0.23,0.0522506141337,36.3436808135,0.0102180772448,1
discovery,ck2:A:ASN117::all::native_velocity_x,lag_partial_gain_correlation,14,0.00566267303771,0.0407029783695,0,-0.000538082453444,0.0132197317002,0.31,0.059195065124,31.6516271268,0.00620075549116,1
discovery,ck2:A:ASN117::all::native_velocity_y,selection_shift,14,-0.00759045768776,0.00856561079718,0,-0.00241361617777,0.281779809394,0.0,0.281779809394,10.5457168298,-0.00517684150999,1
discovery,ck2:A:ASN117::all::native_velocity_y,partial_affinity_correlation,14,-0.0225474359585,0.03912293355,0,-0.001027371856,0.0262600925539,0.13,0.0584132927896,35.7054562728,-0.0215200641024,1
discovery,ck2:A:ASN117::all::native_velocity_y,lag_partial_gain_correlation,14,-0.0201501682204,0.0527701285353,0,-0.00187089511826,0.0354536774912,0.31,0.0579394896749,34.5144250764,-0.0182792731022,1
discovery,ck2:A:ASN117::all::native_velocity_z,selection_shift,14,-0.000744533964273,0.00672108530044,0,-0.00094083596847,0.139982744812,0.0,0.139982744812,20.5859196521,0.000196302004197,1
discovery,ck2:A:ASN117::all::native_velocity_z,partial_affinity_correlation,14,-0.00856164335307,0.0427450323209,0,0.000119384740167,0.0027929500502,0.05,0.0503852675936,35.3910349191,-0.00868102809324,1
discovery,ck2:A:ASN117::all::native_velocity_z,lag_partial_gain_correlation,14,-0.00193193697123,0.0411481039576,0,0.000118034635737,0.00286853158189,0.17,0.0545483033149,36.1140603746,-0.00204997160697,1
discovery,ck2:A:ASN117::all::proposal_centroid_x,selection_shift,14,1.25542834816e-06,0.000120776875432,0,-9.10472429944e-07,0.00753846650433,0.02,0.0615832466693,29.4535757745,2.1659007781e-06,1
discovery,ck2:A:ASN117::all::proposal_centroid_x,partial_affinity_correlation,14,0.0104413342497,0.0514957410969,0,-0.000529193368428,0.01027644922,0.1,0.0535581029525,33.5372527413,0.0109705276181,1
discovery,ck2:A:ASN117::all::proposal_centroid_x,lag_partial_gain_correlation,14,0.0339426230777,0.0593453565035,0,-0.000474020413827,0.0079874895317,0.33,0.0784277760315,27.245353211,0.0344166434916,1
discovery,ck2:A:ASN117::all::proposal_centroid_y,selection_shift,14,-0.000617928441263,0.00065262826744,0,-1.41269955503e-06,0.00216463126945,0.29,0.0474297660139,34.0598316832,-0.000616515741708,1
discovery,ck2:A:ASN117::all::proposal_centroid_y,partial_affinity_correlation,14,-0.0699248973945,0.0771173589822,0,-0.000480017342121,0.0062245044236,0.16,0.0516221563703,35.7566299381,-0.0694448800524,1
discovery,ck2:A:ASN117::all::proposal_centroid_y,lag_partial_gain_correlation,14,0.0160379406704,0.0592981167212,0,0.000654514776641,0.0110376992193,0.24,0.0590083526319,32.5613083947,0.0153834258938,1
discovery,ck2:A:ASN117::all::proposal_centroid_z,selection_shift,14,0.000112291167476,0.000432909029408,0,-2.9955815481e-06,0.00691965596605,0.18,0.0769207012675,27.0234689915,0.000115286749025,1
discovery,ck2:A:ASN117::all::proposal_centroid_z,partial_affinity_correlation,14,-0.041948966206,0.0846218679918,0,-0.000837146697142,0.00989279387242,0.06,0.07342207084,30.5846869632,-0.0411118195088,1
discovery,ck2:A:ASN117::all::proposal_centroid_z,lag_partial_gain_correlation,14,0.000801443669696,0.0651632758508,0,-0.000524061974939,0.00804229020252,0.14,0.0578812895834,32.2852039884,0.00132550564463,1
discovery,ck2:A:ASN117::all::proposal_spread,selection_shift,14,-7.9352410076e-05,0.000163621505867,0,1.26656739246e-06,0.00774083691353,0.27,0.125141091792,18.1847607264,-8.06189774685e-05,1
discovery,ck2:A:ASN117::all::proposal_spread,partial_affinity_correlation,14,-0.0239153109166,0.0819850606218,0,0.000290294305688,0.00354081955281,0.27,0.0555479609096,34.0467584704,-0.0242056052222,1
discovery,ck2:A:ASN117::all::proposal_spread,lag_partial_gain_correlation,14,0.0166667302076,0.0545839330254,0,0.000793781345537,0.0145423992289,0.26,0.0549892271186,31.5892414136,0.015872948862,1
discovery,ck2:A:ASN117::all::spread,selection_shift,14,-0.000106971158732,0.000209406078563,0,-3.42492562532e-05,0.163554260164,0.0,0.163554260164,16.4162845533,-7.2721902479e-05,1
discovery,ck2:A:ASN117::all::spread,partial_affinity_correlation,14,-0.0227922999706,0.0822007708694,0,-0.000730311463368,0.00888448436242,0.42,0.0606494425353,33.2017618004,-0.0220619885073,1
discovery,ck2:A:ASN117::all::spread,lag_partial_gain_correlation,14,0.0137320744907,0.0570603160346,0,-0.00118468051241,0.0207618988947,0.42,0.0583934500477,32.8895370296,0.0149167550031,1
discovery,ck2:A:HIS115::NOS::centroid_x,selection_shift,14,8.01243046468e-05,0.000350408029526,0,6.11981633533e-05,0.174648290555,0.0,0.174648290555,18.8257842088,1.89261412935e-05,1
discovery,ck2:A:HIS115::NOS::centroid_x,partial_affinity_correlation,14,-0.0132179960213,0.0468673665393,0,9.60983512236e-05,0.00205043206648,0.25,0.0488990750696,34.2894287981,-0.0133140943725,1
discovery,ck2:A:HIS115::NOS::centroid_x,lag_partial_gain_correlation,14,0.0362791941512,0.063957242393,0,0.00074792199518,0.0116940938539,0.14,0.0563009042159,33.790037296,0.035531272156,1
discovery,ck2:A:HIS115::NOS::centroid_y,selection_shift,14,0.000482230671856,0.0017231758833,0,0.000479245153851,0.278117375303,0.0,0.278117375303,10.6733797471,2.9855180052e-06,1
discovery,ck2:A:HIS115::NOS::centroid_y,partial_affinity_correlation,14,-0.00746165026496,0.0647819080632,0,0.00223335183879,0.0344749314363,0.32,0.0472468890323,34.0117930371,-0.00969500210375,1
discovery,ck2:A:HIS115::NOS::centroid_y,lag_partial_gain_correlation,14,0.0203012530503,0.0633995943536,0,0.00296880122401,0.0468268173366,0.2,0.051888251275,35.4323670722,0.0173324518263,1
discovery,ck2:A:HIS115::NOS::centroid_z,selection_shift,14,-0.000147253018796,0.00175388055002,0,-0.000247739816345,0.141252388221,0.0,0.141252388221,22.3888076281,0.000100486797548,1
discovery,ck2:A:HIS115::NOS::centroid_z,partial_affinity_correlation,14,0.0298849436223,0.0676613296408,0,-0.00130601641586,0.0193022576232,0.17,0.0649543382411,29.0924138204,0.0311909600381,1
discovery,ck2:A:HIS115::NOS::centroid_z,lag_partial_gain_correlation,14,-0.026055907225,0.0665939394046,0,-0.000254622703305,0.00382351165258,0.11,0.0514166400525,32.9538249666,-0.0258012845217,1
discovery,ck2:A:HIS115::NOS::endpoint_transport_x,selection_shift,14,-0.000781050768204,0.00221808073322,0,6.51415561341e-05,0.02936843333,0.01,0.115678897703,26.0015463876,-0.000846192324339,1
discovery,ck2:A:HIS115::NOS::endpoint_transport_x,partial_affinity_correlation,14,0.00590196802718,0.0864404052999,0,0.000429867866811,0.00497299689098,0.01,0.0754234228788,28.9473142363,0.00547210016037,1
discovery,ck2:A:HIS115::NOS::endpoint_transport_x,lag_partial_gain_correlation,14,0.0260089852091,0.0733993565047,0,-0.000376719165516,0.00513245869521,0.21,0.0459059779788,34.9908145355,0.0263857043746,1
discovery,ck2:A:HIS115::NOS::endpoint_transport_y,selection_shift,14,0.00411160939162,0.0102317056442,0,0.000766961142923,0.0749592657956,0.01,0.269519630202,8.2740865834,0.0033446482487,1
discovery,ck2:A:HIS115::NOS::endpoint_transport_y,partial_affinity_correlation,14,0.0197250459246,0.0835373428568,0,0.0023395033288,0.0280054793317,0.01,0.0848022401846,30.0126915439,0.0173855425958,1
discovery,ck2:A:HIS115::NOS::endpoint_transport_y,lag_partial_gain_correlation,14,-0.000568147454515,0.0754544329518,0,0.00208144190289,0.0275854157464,0.01,0.0466693807019,37.3200947049,-0.0026495893574,1
discovery,ck2:A:HIS115::NOS::endpoint_transport_z,selection_shift,14,-0.0062987747134,0.0105788329072,0,-0.000478174094909,0.0452010253969,0.01,0.164168414845,17.038797986,-0.00582060061849,1
discovery,ck2:A:HIS115::NOS::endpoint_transport_z,partial_affinity_correlation,14,-0.0445981489928,0.0906672692749,0,-0.00239073731332,0.0263682509955,0.01,0.083087922385,29.134872261,-0.0422074116794,1
discovery,ck2:A:HIS115::NOS::endpoint_transport_z,lag_partial_gain_correlation,14,-0.049807892534,0.0813844866746,0,-0.00309028498424,0.0379714256427,0.09,0.0619818799617,32.4563805014,-0.0467176075497,1
discovery,ck2:A:HIS115::NOS::native_speed,selection_shift,14,-0.0119474497468,0.0207165482257,0,-0.00826551524492,0.398981295286,0.0,0.398981295286,5.90137918958,-0.00368193450192,1
discovery,ck2:A:HIS115::NOS::native_speed,partial_affinity_correlation,14,-0.00544722527935,0.0444619594343,0,-0.000706906232403,0.0158991245864,0.3,0.0449339751918,36.5180843665,-0.00474031904695,1
discovery,ck2:A:HIS115::NOS::native_speed,lag_partial_gain_correlation,14,-0.0234932542891,0.0445946756814,0,-0.000590049064956,0.013231379216,0.26,0.0763185324632,31.8905703724,-0.0229032052241,1
discovery,ck2:A:HIS115::NOS::native_velocity_x,selection_shift,14,-0.00717219976378,0.0146187790256,0,-0.00616261033889,0.42155438071,0.0,0.42155438071,5.09492702282,-0.00100958942489,1
discovery,ck2:A:HIS115::NOS::native_velocity_x,partial_affinity_correlation,14,0.0062807307794,0.0308300459727,0,-0.000108950851532,0.00353391790685,0.3,0.0774493071766,28.9479165111,0.00638968163093,1
discovery,ck2:A:HIS115::NOS::native_velocity_x,lag_partial_gain_correlation,14,-0.0108443558538,0.0441055600704,0,-0.000743036426447,0.0168467745396,0.41,0.0592295700765,33.4695536598,-0.0101013194274,1
discovery,ck2:A:HIS115::NOS::native_velocity_y,selection_shift,14,-0.0470107666844,0.0636119990103,0,-0.0472639134595,0.743003115683,0.0,0.743003115683,1.79694748594,0.000253146775078,1
discovery,ck2:A:HIS115::NOS::native_velocity_y,partial_affinity_correlation,14,-0.0014685825495,0.0457586102816,0,-0.00223026665573,0.0487398249642,0.02,0.0611258124304,32.4227553956,0.000761684106232,1
discovery,ck2:A:HIS115::NOS::native_velocity_y,lag_partial_gain_correlation,14,-0.0198547889736,0.0539197223452,0,-0.00295207355711,0.0547494205962,0.26,0.0595635881343,32.1349856687,-0.0169027154165,1
discovery,ck2:A:HIS115::NOS::native_velocity_z,selection_shift,14,0.0149323549018,0.0380826836341,0,0.0239301866882,0.628374484271,0.0,0.628374484271,2.49180767386,-0.00899783178641,1
discovery,ck2:A:HIS115::NOS::native_velocity_z,partial_affinity_correlation,14,-0.0107250102189,0.0421336420738,0,0.00124445893517,0.0295359924733,0.42,0.0600379899834,34.6183987899,-0.0119694691541,1
discovery,ck2:A:HIS115::NOS::native_velocity_z,lag_partial_gain_correlation,14,0.000847129207585,0.0380207380064,0,0.000235485388915,0.00619360383995,0.17,0.0451565021191,32.6246114323,0.00061164381867,1
discovery,ck2:A:HIS115::NOS::proposal_centroid_x,selection_shift,14,8.40232153302e-06,0.000273884003314,0,-4.27938658099e-07,0.00156248138964,0.26,0.0641565563757,31.643843026,8.83026019112e-06,1
discovery,ck2:A:HIS115::NOS::proposal_centroid_x,partial_affinity_correlation,14,-0.0103922199991,0.0412482534567,0,-0.000273915974543,0.00664066843051,0.25,0.0523276744397,33.4017917774,-0.0101183040245,1
discovery,ck2:A:HIS115::NOS::proposal_centroid_x,lag_partial_gain_correlation,14,0.0315824996482,0.0594360411557,0,-0.000201081405844,0.0033831561109,0.33,0.053505244906,32.5931731099,0.0317835810541,1
discovery,ck2:A:HIS115::NOS::proposal_centroid_y,selection_shift,14,1.21230164406e-05,0.00133715807675,0,6.60602982068e-06,0.00494035068518,0.43,0.0619083719246,32.6821821206,5.51698661993e-06,1
discovery,ck2:A:HIS115::NOS::proposal_centroid_y,partial_affinity_correlation,14,-0.00505891344257,0.0628645707962,0,0.000191933952891,0.00305313391088,0.02,0.0670826898255,30.9943987808,-0.00525084739546,1
discovery,ck2:A:HIS115::NOS::proposal_centroid_y,lag_partial_gain_correlation,14,0.0123917457491,0.0630162572162,0,0.000347900428262,0.00552080437067,0.2,0.0457882800898,37.0792577798,0.0120438453208,1
discovery,ck2:A:HIS115::NOS::proposal_centroid_z,selection_shift,14,2.07052577889e-06,0.00161704311459,0,-8.43795481109e-06,0.00521813842496,0.26,0.079040547911,31.5766143496,1.050848059e-05,1
discovery,ck2:A:HIS115::NOS::proposal_centroid_z,partial_affinity_correlation,14,0.0231461303614,0.0692429670281,0,-0.000617974481438,0.00892472561419,0.17,0.0623744458164,30.1281690302,0.0237641048428,1
discovery,ck2:A:HIS115::NOS::proposal_centroid_z,lag_partial_gain_correlation,14,-0.0283513029107,0.0673053479128,0,-0.000332863908598,0.00494557890153,0.11,0.0537285418479,32.9542500227,-0.0280184390022,1
discovery,ck2:A:HIS115::NOS::proposal_spread,selection_shift,14,-0.000253747891145,0.000739529579113,0,2.46298503963e-06,0.00333047535784,0.27,0.0760032904227,27.155499996,-0.000256210876184,1
discovery,ck2:A:HIS115::NOS::proposal_spread,partial_affinity_correlation,14,0.00683444735533,0.0707782640712,0,-0.000351734053644,0.00496952077392,0.19,0.0515064655777,33.7838375302,0.00718618140897,1
discovery,ck2:A:HIS115::NOS::proposal_spread,lag_partial_gain_correlation,14,-0.023698295675,0.0719029393071,0,0.000832170033803,0.0115735189941,0.09,0.0621370366905,37.5824526948,-0.0245304657088,1
discovery,ck2:A:HIS115::NOS::spread,selection_shift,14,-0.000150955515639,0.000777453640479,0,6.83702424343e-05,0.0879412467503,0.0,0.0879412467503,25.2710243455,-0.000219325758073,1
discovery,ck2:A:HIS115::NOS::spread,partial_affinity_correlation,14,0.00672034363958,0.0709510290913,0,-0.000268942764421,0.00379054071331,0.19,0.0525234509338,33.6430418911,0.006989286404,1
discovery,ck2:A:HIS115::NOS::spread,lag_partial_gain_correlation,14,-0.0217700157354,0.071686443279,0,0.00174000986342,0.0242725093313,0.09,0.0669853280795,37.7265552288,-0.0235100255988,1
discovery,ck2:A:HIS115::all::centroid_x,selection_shift,14,-1.1452880694e-05,0.000141577326668,0,-2.94666212453e-05,0.20813093409,0.0,0.20813093409,15.6103505673,1.80137405513e-05,1
discovery,ck2:A:HIS115::all::centroid_x,partial_affinity_correlation,14,0.00612212673053,0.0612125317667,0,-0.000926542725612,0.0151364875602,0.49,0.0450280543159,35.9275686001,0.00704866945614,1
discovery,ck2:A:HIS115::all::centroid_x,lag_partial_gain_correlation,14,0.0373294757117,0.0663635707034,0,0.000453074325896,0.00682715413131,0.23,0.0608371597098,31.6147747907,0.0368764013858,1
discovery,ck2:A:HIS115::all::centroid_y,selection_shift,14,-0.000405740669393,0.000467152407527,0,1.25817371251e-05,0.0269328316036,0.29,0.0465040358063,35.7836601777,-0.000418322406518,1
discovery,ck2:A:HIS115::all::centroid_y,partial_affinity_correlation,14,-0.0453452404085,0.0684162999814,0,0.00077145864663,0.0112759480831,0.16,0.0619052862985,30.2007106498,-0.0461166990552,1
discovery,ck2:A:HIS115::all::centroid_y,lag_partial_gain_correlation,14,0.0144226748995,0.05998142366,0,0.00225794148105,0.0376440128172,0.46,0.0564867471242,33.5266287093,0.0121647334185,1
discovery,ck2:A:HIS115::all::centroid_z,selection_shift,14,0.000123298948775,0.000343702007093,0,1.28041277823e-05,0.0372535729152,0.18,0.0774416258259,27.2945414945,0.000110494820992,1
discovery,ck2:A:HIS115::all::centroid_z,partial_affinity_correlation,14,-0.0236351254828,0.0870528044792,0,-2.76597980182e-05,0.000317735863694,0.06,0.0709858316781,30.4430543518,-0.0236074656848,1
discovery,ck2:A:HIS115::all::centroid_z,lag_partial_gain_correlation,14,-0.000723525741081,0.0627225222327,0,-7.52082952731e-05,0.00119906363131,0.24,0.0525205402088,32.1639568094,-0.000648317445808,1
discovery,ck2:A:HIS115::all::endpoint_transport_x,selection_shift,14,-0.000916438490996,0.00127466307788,0,3.44494869164e-05,0.0270263472082,0.18,0.0742440285786,28.6512476124,-0.000950887977913,1
discovery,ck2:A:HIS115::all::endpoint_transport_x,partial_affinity_correlation,14,0.0308782804037,0.131872068777,0,0.00105600106411,0.00800776899841,0.18,0.0510225795456,35.5265852181,0.0298222793396,1
discovery,ck2:A:HIS115::all::endpoint_transport_x,lag_partial_gain_correlation,14,-0.00365589343115,0.0880835284948,0,-0.000209025640319,0.00237303890854,0.26,0.0595433449625,32.0631847382,-0.00344686779083,1
discovery,ck2:A:HIS115::all::endpoint_transport_y,selection_shift,14,-0.00244222185096,0.00261442309073,0,1.09011905977e-05,0.00416963521948,0.05,0.0470698820733,35.3429609723,-0.00245312304156,1
discovery,ck2:A:HIS115::all::endpoint_transport_y,partial_affinity_correlation,14,-0.0727385285907,0.0963083656001,0,1.16092482968e-05,0.000120542470266,0.06,0.0777852540774,28.2522522123,-0.072750137839,1
discovery,ck2:A:HIS115::all::endpoint_transport_y,lag_partial_gain_correlation,14,-0.0311806759198,0.0751477798458,0,-0.00164815037213,0.0219321232845,0.14,0.068256041603,29.6577240272,-0.0295325255477,1
discovery,ck2:A:HIS115::all::endpoint_transport_z,selection_shift,14,0.000129279699875,0.00260922545058,0,-6.5034881864e-05,0.0249249760497,0.18,0.0660678146951,25.5045173696,0.000194314581739,1
discovery,ck2:A:HIS115::all::endpoint_transport_z,partial_affinity_correlation,14,-0.0824258233303,0.165134864438,0,-0.00200484175631,0.0121406328284,0.01,0.0592169706206,33.0633184022,-0.080420981574,1
discovery,ck2:A:HIS115::all::endpoint_transport_z,lag_partial_gain_correlation,14,-0.0024475755612,0.0898188651968,0,-0.0021886730789,0.0243676322798,0.14,0.0567613543965,32.2168240433,-0.000258902482297,1
discovery,ck2:A:HIS115::all::native_speed,selection_shift,14,-0.0072006806664,0.00823990390622,0,-0.00288668126591,0.350329481844,0.0,0.350329481844,7.41576278235,-0.00431399940048,1
discovery,ck2:A:HIS115::all::native_speed,partial_affinity_correlation,14,-0.0284659919897,0.0411966470893,0,-0.000485365232017,0.0117816683228,0.23,0.0834648315058,30.8136837518,-0.0279806267577,1
discovery,ck2:A:HIS115::all::native_speed,lag_partial_gain_correlation,14,-0.0275475583148,0.0441839927079,0,-0.00059139112134,0.013384736985,0.28,0.0537477014873,33.468382433,-0.0269561671935,1
discovery,ck2:A:HIS115::all::native_velocity_x,selection_shift,14,0.000958758447658,0.00651879661693,0,0.00285204368802,0.437510763966,0.0,0.437510763966,4.87233931768,-0.00189328524036,1
discovery,ck2:A:HIS115::all::native_velocity_x,partial_affinity_correlation,14,0.0111733931184,0.0318086658387,0,0.0008470912539,0.0266308325598,0.23,0.0533430629617,35.3142166496,0.0103263018645,1
discovery,ck2:A:HIS115::all::native_velocity_x,lag_partial_gain_correlation,14,0.00368616036007,0.0426254043647,0,-0.000483158227243,0.0113349828452,0.31,0.0609593833119,32.0192629218,0.00416931858731,1
discovery,ck2:A:HIS115::all::native_velocity_y,selection_shift,14,-0.00505336460119,0.00608354710215,0,-0.00135105750491,0.222083840598,0.0,0.222083840598,14.5453770667,-0.00370230709628,1
discovery,ck2:A:HIS115::all::native_velocity_y,partial_affinity_correlation,14,-0.0223347320299,0.0360277527034,0,-0.000823086904909,0.0228459130295,0.13,0.0612428392794,32.6426864132,-0.021511645125,1
discovery,ck2:A:HIS115::all::native_velocity_y,lag_partial_gain_correlation,14,-0.0141776400435,0.0471047582642,0,-0.00210302198105,0.0446456379047,0.2,0.0574372630687,33.3674546066,-0.0120746180625,1
discovery,ck2:A:HIS115::all::native_velocity_z,selection_shift,14,-0.00139830672468,0.00626758028635,0,-0.00151983772073,0.242491942869,0.0,0.242491942869,12.0784492823,0.000121530996045,1
discovery,ck2:A:HIS115::all::native_velocity_z,partial_affinity_correlation,14,-0.00725984920721,0.0436058659594,0,-9.09382117016e-05,0.00208545822221,0.23,0.0456250680306,36.3838318172,-0.00716891099551,1
discovery,ck2:A:HIS115::all::native_velocity_z,lag_partial_gain_correlation,14,-0.00530377613293,0.0415674672069,0,7.46934580335e-06,0.000179692107921,0.42,0.0497451758246,35.8690266971,-0.00531124547873,1
discovery,ck2:A:HIS115::all::proposal_centroid_x,selection_shift,14,-1.86529887206e-06,0.000109364117025,0,-9.4618500264e-07,0.0086516951664,0.02,0.0559326369789,30.4177374946,-9.19113869425e-07,1
discovery,ck2:A:HIS115::all::proposal_centroid_x,partial_affinity_correlation,14,0.0144443776484,0.0501864133858,0,-0.000602204066135,0.0119993445538,0.38,0.0497884045479,32.9349838528,0.0150465817145,1
discovery,ck2:A:HIS115::all::proposal_centroid_x,lag_partial_gain_correlation,14,0.0362881964152,0.059183966432,0,-0.00039965124774,0.00675269455282,0.33,0.0703008660392,26.9029170656,0.0366878476629,1
discovery,ck2:A:HIS115::all::proposal_centroid_y,selection_shift,14,-0.000456274309615,0.000476356842515,0,-9.28837621954e-07,0.0019498777787,0.29,0.04804690411,34.1586463965,-0.000455345471993,1
discovery,ck2:A:HIS115::all::proposal_centroid_y,partial_affinity_correlation,14,-0.0534085643771,0.065889139846,0,-0.000418419580185,0.00635035729959,0.16,0.0629127624489,32.3512576024,-0.0529901447969,1
discovery,ck2:A:HIS115::all::proposal_centroid_y,lag_partial_gain_correlation,14,0.0089681152281,0.054628318738,0,0.000713300992822,0.0130573484467,0.4,0.0504781984003,31.966887669,0.00825481423528,1
discovery,ck2:A:HIS115::all::proposal_centroid_z,selection_shift,14,0.000109315883496,0.000357113035478,0,-2.39424908521e-06,0.00670445726522,0.18,0.0813153824919,26.125934805,0.000111710132581,1
discovery,ck2:A:HIS115::all::proposal_centroid_z,partial_affinity_correlation,14,-0.0265067328314,0.0872715552083,0,-0.00081036166053,0.00928551873053,0.06,0.0692649458354,31.7253378061,-0.0256963711708,1
discovery,ck2:A:HIS115::all::proposal_centroid_z,lag_partial_gain_correlation,14,-0.00155213279503,0.0634633958554,0,-0.000516754963889,0.00814256717473,0.14,0.0571930077753,32.0215316944,-0.00103537783114,1
discovery,ck2:A:HIS115::all::proposal_spread,selection_shift,14,-0.000136421483404,0.000152822493898,0,1.19930776979e-06,0.00784771756566,0.27,0.0951450649642,23.0963398469,-0.000137620791174,1
discovery,ck2:A:HIS115::all::proposal_spread,partial_affinity_correlation,14,-0.0271522177671,0.0921581803263,0,0.000375362130449,0.00407302020418,0.27,0.0483569378804,36.5330310519,-0.0275275798976,1
discovery,ck2:A:HIS115::all::proposal_spread,lag_partial_gain_correlation,14,0.0308550346751,0.0537537534792,0,0.000901907505479,0.0167785028412,0.42,0.0621858409031,34.2023250189,0.0299531271696,1
discovery,ck2:A:HIS115::all::spread,selection_shift,14,-0.000142442069425,0.000181608017891,0,-2.68564004021e-05,0.147881138256,0.0,0.147881138256,19.6448855475,-0.000115585669023,1
discovery,ck2:A:HIS115::all::spread,partial_affinity_correlation,14,-0.0206215638111,0.0957403995457,0,-0.000624379533199,0.00652158896518,0.42,0.0523319641069,35.5601126178,-0.0199971842779,1
discovery,ck2:A:HIS115::all::spread,lag_partial_gain_correlation,14,0.0282275263322,0.0589866404588,0,-0.000970415203067,0.0164514404536,0.42,0.0660564738231,34.5104114825,0.0291979415353,1
discovery,ck2:A:VAL116::NOS::centroid_x,selection_shift,14,7.77369431992e-05,0.000352086573134,0,6.15937566099e-05,0.17493923742,0.0,0.17493923742,18.8490579066,1.61431865893e-05,1
discovery,ck2:A:VAL116::NOS::centroid_x,partial_affinity_correlation,14,-0.0114543270376,0.0476694234236,0,0.000107692189116,0.00225914603916,0.25,0.0495560111406,34.8932553745,-0.0115620192267,1
discovery,ck2:A:VAL116::NOS::centroid_x,lag_partial_gain_correlation,14,0.0365850138311,0.0644357831569,0,0.000743970671007,0.0115459242452,0.14,0.0541298897583,33.9836177535,0.0358410431601,1
discovery,ck2:A:VAL116::NOS::centroid_y,selection_shift,14,0.000463239544042,0.00179358356842,0,0.000475975496665,0.265376816027,0.0,0.265376816027,11.4371074079,-1.27359526232e-05,1
discovery,ck2:A:VAL116::NOS::centroid_y,partial_affinity_correlation,14,-0.00698006344945,0.0665594224177,0,0.00226448588595,0.0340220182762,0.2,0.0464847617937,34.0700994329,-0.0092445493354,1
discovery,ck2:A:VAL116::NOS::centroid_y,lag_partial_gain_correlation,14,0.0164267457898,0.0656867011495,0,0.0029666102731,0.0451630272367,0.2,0.0480378088491,36.6998890792,0.0134601355167,1
discovery,ck2:A:VAL116::NOS::centroid_z,selection_shift,14,-0.000129832820094,0.00170170318752,0,-0.000242496428661,0.142502188654,0.0,0.142502188654,22.154294754,0.000112663608567,1
discovery,ck2:A:VAL116::NOS::centroid_z,partial_affinity_correlation,14,0.0235618347025,0.0655045960235,0,-0.0013019465713,0.0198756522494,0.33,0.063017103037,30.2726004697,0.0248637812738,1
discovery,ck2:A:VAL116::NOS::centroid_z,lag_partial_gain_correlation,14,-0.0265881688423,0.065557363058,0,-0.000252178551066,0.00384668539586,0.43,0.0537889777952,33.3774698201,-0.0263359902913,1
discovery,ck2:A:VAL116::NOS::endpoint_transport_x,selection_shift,14,-0.000807373957366,0.00226220964068,0,6.47077428911e-05,0.0286037782385,0.01,0.112356157152,26.583127092,-0.000872081700257,1
discovery,ck2:A:VAL116::NOS::endpoint_transport_x,partial_affinity_correlation,14,0.00766460918145,0.0886259286314,0,0.000433023435953,0.00488596782725,0.01,0.0744662246275,29.1689453433,0.0072315857455,1
discovery,ck2:A:VAL116::NOS::endpoint_transport_x,lag_partial_gain_correlation,14,0.0232981168784,0.0733311141753,0,-0.000375411205922,0.00511939863649,0.26,0.0459593284464,34.7129900284,0.0236735280844,1
discovery,ck2:A:VAL116::NOS::endpoint_transport_y,selection_shift,14,0.00397484009905,0.010492570113,0,0.000763691565903,0.0727840326706,0.01,0.259274038545,8.80056214209,0.00321114853314,1
discovery,ck2:A:VAL116::NOS::endpoint_transport_y,partial_affinity_correlation,14,0.0213700975464,0.0846511602841,0,0.00238003717451,0.0281158245973,0.01,0.0842717248795,30.0583214316,0.0189900603718,1
discovery,ck2:A:VAL116::NOS::endpoint_transport_y,lag_partial_gain_correlation,14,-0.00462070838924,0.0759398975856,0,0.00207714160834,0.0273524415279,0.01,0.0469737880347,35.8845923576,-0.00669784999758,1
discovery,ck2:A:VAL116::NOS::endpoint_transport_z,selection_shift,14,-0.00617564876833,0.010217697158,0,-0.000472400096243,0.0462335190539,0.01,0.166787349829,16.6154917061,-0.00570324867209,1
discovery,ck2:A:VAL116::NOS::endpoint_transport_z,partial_affinity_correlation,14,-0.0557868467442,0.093349506761,0,-0.00241927259467,0.0259162868516,0.01,0.0812202215362,28.8137479119,-0.0533675741495,1
discovery,ck2:A:VAL116::NOS::endpoint_transport_z,lag_partial_gain_correlation,14,-0.0508406441693,0.0800078659269,0,-0.00310387205854,0.0387945862895,0.09,0.0631176465435,32.0890707114,-0.0477367721107,1
discovery,ck2:A:VAL116::NOS::native_speed,selection_shift,14,-0.0118056839194,0.0203748219536,0,-0.0080362074001,0.394418533738,0.0,0.394418533738,6.02593316513,-0.0037694765193,1
discovery,ck2:A:VAL116::NOS::native_speed,partial_affinity_correlation,14,-0.0054268293611,0.0443086440233,0,-0.000703404275135,0.0158751027173,0.3,0.0455808657736,36.585047874,-0.00472342508596,1
discovery,ck2:A:VAL116::NOS::native_speed,lag_partial_gain_correlation,14,-0.0237192034969,0.0446801755883,0,-0.000578119240736,0.0129390548073,0.26,0.0764781210007,31.7024456928,-0.0231410842562,1
discovery,ck2:A:VAL116::NOS::native_velocity_x,selection_shift,14,-0.00724939442328,0.0146790043588,0,-0.00620667389858,0.422826626851,0.0,0.422826626851,5.07722856864,-0.00104272052469,1
discovery,ck2:A:VAL116::NOS::native_velocity_x,partial_affinity_correlation,14,0.00628614149011,0.0309424228334,0,-0.000120083627588,0.00388087346085,0.3,0.0764704311426,29.0703298418,0.0064062251177,1
discovery,ck2:A:VAL116::NOS::native_velocity_x,lag_partial_gain_correlation,14,-0.0108269111987,0.043846099118,0,-0.0007400056711,0.0168773433894,0.41,0.0594850525,33.2999179971,-0.0100869055276,1
discovery,ck2:A:VAL116::NOS::native_velocity_y,selection_shift,14,-0.046773033934,0.0632619743946,0,-0.0469313428864,0.74185706873,0.0,0.74185706873,1.80245557019,0.000158308952435,1
discovery,ck2:A:VAL116::NOS::native_velocity_y,partial_affinity_correlation,14,-0.0011436815533,0.0456023824154,0,-0.00226137941103,0.0495890629229,0.02,0.061944538633,32.2768584959,0.00111769785773,1
discovery,ck2:A:VAL116::NOS::native_velocity_y,lag_partial_gain_correlation,14,-0.0207723942532,0.0542563398163,0,-0.00295094345538,0.0543889150167,0.26,0.0587243861945,32.0899481472,-0.0178214507978,1
discovery,ck2:A:VAL116::NOS::native_velocity_z,selection_shift,14,0.0146822163682,0.0371763110734,0,0.0234277842727,0.630180445459,0.0,0.630180445459,2.47772026213,-0.00874556790453,1
discovery,ck2:A:VAL116::NOS::native_velocity_z,partial_affinity_correlation,14,-0.0114712060657,0.0420685390397,0,0.00124134060095,0.0295075757154,0.42,0.0604606771367,34.4307541278,-0.0127125466667,1
discovery,ck2:A:VAL116::NOS::native_velocity_z,lag_partial_gain_correlation,14,0.000628784811699,0.0368860444701,0,0.000232537376256,0.00630421015851,0.17,0.0468053607912,32.1119805272,0.000396247435443,1
discovery,ck2:A:VAL116::NOS::proposal_centroid_x,selection_shift,14,5.24301377509e-06,0.000275113460844,0,-4.72980988658e-07,0.00171922154302,0.26,0.0615444477614,31.9013354092,5.71599476375e-06,1
discovery,ck2:A:VAL116::NOS::proposal_centroid_x,partial_affinity_correlation,14,-0.0087037313958,0.0415461571683,0,-0.000272357796923,0.00655554726324,0.25,0.0535170581101,33.508680077,-0.00843137359888,1
discovery,ck2:A:VAL116::NOS::proposal_centroid_x,lag_partial_gain_correlation,14,0.0318474115707,0.0598507201011,0,-0.00021921933185,0.00366276849268,0.33,0.0541915464761,32.6590065497,0.0320666309025,1
discovery,ck2:A:VAL116::NOS::proposal_centroid_y,selection_shift,14,-4.49078444603e-06,0.00141275366537,0,6.66207829083e-06,0.00471566873555,0.43,0.0623574409764,32.5944880744,-1.11528627369e-05,1
discovery,ck2:A:VAL116::NOS::proposal_centroid_y,partial_affinity_correlation,14,-0.00440771740158,0.0645271018458,0,0.000194560765964,0.00301517905498,0.02,0.0658605861286,31.3320699788,-0.00460227816755,1
discovery,ck2:A:VAL116::NOS::proposal_centroid_y,lag_partial_gain_correlation,14,0.00850569536347,0.0650023312131,0,0.000346999071084,0.00533825579189,0.03,0.0432945485238,37.4408379785,0.00815869629238,1
discovery,ck2:A:VAL116::NOS::proposal_centroid_z,selection_shift,14,1.69893395381e-05,0.00156714007107,0,-8.21859117028e-06,0.00524432456422,0.26,0.0786869933734,31.4382959498,2.52079307084e-05,1
discovery,ck2:A:VAL116::NOS::proposal_centroid_z,partial_affinity_correlation,14,0.0166498863078,0.0659359139855,0,-0.000610886621325,0.00926485407421,0.33,0.0614533489938,30.1737971016,0.0172607729291,1
discovery,ck2:A:VAL116::NOS::proposal_centroid_z,lag_partial_gain_correlation,14,-0.0288206782214,0.0659137159576,0,-0.000334282115092,0.00507151068992,0.43,0.0531786510036,33.0973724191,-0.0284863961063,1
discovery,ck2:A:VAL116::NOS::proposal_spread,selection_shift,14,-0.000255257821651,0.000683510084551,0,3.02561189002e-06,0.00442657973657,0.49,0.0809212301503,26.8647098593,-0.000258283433541,1
discovery,ck2:A:VAL116::NOS::proposal_spread,partial_affinity_correlation,14,-0.000384419122645,0.0698151902308,0,-0.000257635486932,0.00369024973047,0.49,0.0511540199309,34.5956657523,-0.000126783635713,1
discovery,ck2:A:VAL116::NOS::proposal_spread,lag_partial_gain_correlation,14,-0.0195283969563,0.0682897319611,0,0.000913035880488,0.013370031691,0.09,0.0597986003609,37.596095725,-0.0204414328368,1
discovery,ck2:A:VAL116::NOS::spread,selection_shift,14,-0.000144818171998,0.000736072500235,0,7.78881980142e-05,0.105815932519,0.0,0.105815932519,23.7729256247,-0.000222706370012,1
discovery,ck2:A:VAL116::NOS::spread,partial_affinity_correlation,14,-0.00104873749121,0.0692841851726,0,-0.000167167019399,0.00241277311674,0.49,0.0539271457325,34.3625889456,-0.00088157047181,1
discovery,ck2:A:VAL116::NOS::spread,lag_partial_gain_correlation,14,-0.0170313308025,0.0671427528575,0,0.00181966823841,0.0271014839424,0.09,0.0668662905009,36.6644304274,-0.0188509990409,1
discovery,ck2:A:VAL116::all::centroid_x,selection_shift,14,-1.02648241154e-05,0.000140816444683,0,-2.76593236262e-05,0.196421118915,0.0,0.196421118915,16.7566828165,1.73944995108e-05,1
discovery,ck2:A:VAL116::all::centroid_x,partial_affinity_correlation,14,0.00611814507226,0.0616913907248,0,-0.000884714919605,0.0143409786878,0.49,0.0456009974208,36.3664331803,0.00700285999187,1
discovery,ck2:A:VAL116::all::centroid_x,lag_partial_gain_correlation,14,0.0364154428053,0.0660641847735,0,0.000474816665844,0.00718720237708,0.23,0.0615514636057,31.4398695228,0.0359406261394,1
discovery,ck2:A:VAL116::all::centroid_y,selection_shift,14,-0.000368551022034,0.000441880024696,0,1.37789872159e-05,0.0311826433554,0.29,0.0515143616211,35.6771390747,-0.00038233000925,1
discovery,ck2:A:VAL116::all::centroid_y,partial_affinity_correlation,14,-0.0462515872512,0.0671352296378,0,0.000837563662288,0.0124757696787,0.16,0.059306359597,31.5767722458,-0.0470891509135,1
discovery,ck2:A:VAL116::all::centroid_y,lag_partial_gain_correlation,14,0.0137156128903,0.0561390009417,0,0.00220537366759,0.0392841630701,0.46,0.0550057456942,31.4064772861,0.0115102392227,1
discovery,ck2:A:VAL116::all::centroid_z,selection_shift,14,0.000123720544888,0.000352836340639,0,1.09115692674e-05,0.0309252988161,0.18,0.0787462411451,26.71104313,0.000112808975621,1
discovery,ck2:A:VAL116::all::centroid_z,partial_affinity_correlation,14,-0.0233850151837,0.0878582501956,0,-7.73224725621e-05,0.000880082091209,0.06,0.0709079224883,30.1438209864,-0.0233076927111,1
discovery,ck2:A:VAL116::all::centroid_z,lag_partial_gain_correlation,14,0.000602418239903,0.0641240889667,0,-0.000126522047816,0.00197308140911,0.14,0.0560260204812,31.6050614085,0.000728940287719,1
discovery,ck2:A:VAL116::all::endpoint_transport_x,selection_shift,14,-0.000902067297996,0.00127779098276,0,3.31298671792e-05,0.0259274541974,0.18,0.074080867653,28.8605782138,-0.000935197165175,1
discovery,ck2:A:VAL116::all::endpoint_transport_x,partial_affinity_correlation,14,0.0354562747512,0.132195965996,0,0.00102553132834,0.0077576597789,0.18,0.0498371125127,35.7140135091,0.0344307434229,1
discovery,ck2:A:VAL116::all::endpoint_transport_x,lag_partial_gain_correlation,14,-0.00269665474526,0.0892271068666,0,-0.000217717407574,0.00244003661241,0.26,0.0597532084593,32.3599004679,-0.00247893733769,1
discovery,ck2:A:VAL116::all::endpoint_transport_y,selection_shift,14,-0.00235138390754,0.0025562515038,0,1.14035041407e-05,0.00446102589034,0.05,0.0526187537426,33.6995660261,-0.00236278741168,1
discovery,ck2:A:VAL116::all::endpoint_transport_y,partial_affinity_correlation,14,-0.0723638730097,0.0968607174179,0,3.88109461586e-05,0.000400688196342,0.06,0.0813186888113,26.3911520599,-0.0724026839558,1
discovery,ck2:A:VAL116::all::endpoint_transport_y,lag_partial_gain_correlation,14,-0.0353043289542,0.0778064894496,0,-0.0016777657801,0.0215633142167,0.14,0.0603300449885,30.8513814267,-0.0336265631741,1
discovery,ck2:A:VAL116::all::endpoint_transport_z,selection_shift,14,0.000119365948747,0.00269781876272,0,-6.65162445331e-05,0.0246555645072,0.01,0.0666680610863,25.3427680078,0.00018588219328,1
discovery,ck2:A:VAL116::all::endpoint_transport_z,partial_affinity_correlation,14,-0.0843652331994,0.163870041305,0,-0.00202882240158,0.0123806791371,0.01,0.0606690277757,32.4386515738,-0.0823364107978,1
discovery,ck2:A:VAL116::all::endpoint_transport_z,lag_partial_gain_correlation,14,-0.00299904447228,0.0933569692781,0,-0.00227333263974,0.0243509687313,0.14,0.0557300474744,32.8131497457,-0.000725711832538,1
discovery,ck2:A:VAL116::all::native_speed,selection_shift,14,-0.00711149082807,0.00811265769233,0,-0.00277527710124,0.34209222261,0.0,0.34209222261,7.72052330548,-0.00433621372683,1
discovery,ck2:A:VAL116::all::native_speed,partial_affinity_correlation,14,-0.0286490192138,0.0412197060857,0,-0.000455479463846,0.0110500415238,0.23,0.083821958199,30.9349803847,-0.02819353975,1
discovery,ck2:A:VAL116::all::native_speed,lag_partial_gain_correlation,14,-0.0281434001517,0.0444293730786,0,-0.000581020604281,0.013077398217,0.28,0.0543237232152,33.3098182037,-0.0275623795474,1
discovery,ck2:A:VAL116::all::native_velocity_x,selection_shift,14,0.000824166470714,0.00629624856982,0,0.00267482644266,0.424828596425,0.0,0.424828596425,5.13073798253,-0.00185065997195,1
discovery,ck2:A:VAL116::all::native_velocity_x,partial_affinity_correlation,14,0.0115721829452,0.0315031861309,0,0.000804662182141,0.025542247657,0.23,0.053180530952,35.3029573792,0.010767520763,1
discovery,ck2:A:VAL116::all::native_velocity_x,lag_partial_gain_correlation,14,0.00386002332684,0.0425809744764,0,-0.000505505080177,0.0118716184022,0.31,0.0610133878751,31.9138008932,0.00436552840702,1
discovery,ck2:A:VAL116::all::native_velocity_y,selection_shift,14,-0.00509052354233,0.00624524655392,0,-0.00147820992823,0.236693606164,0.0,0.236693606164,13.4267077344,-0.0036123136141,1
discovery,ck2:A:VAL116::all::native_velocity_y,partial_affinity_correlation,14,-0.0225154320255,0.0369572529693,0,-0.000889802857462,0.0240765421121,0.13,0.0591750335936,33.5689801271,-0.0216256291681,1
discovery,ck2:A:VAL116::all::native_velocity_y,lag_partial_gain_correlation,14,-0.0154676778708,0.0470655290774,0,-0.00204819582036,0.0435179601826,0.2,0.0579890674155,33.5455331034,-0.0134194820504,1
discovery,ck2:A:VAL116::all::native_velocity_z,selection_shift,14,-0.00115883904634,0.00613088639776,0,-0.00133543115429,0.217820241259,0.0,0.217820241259,13.7193718007,0.000176592107951,1
discovery,ck2:A:VAL116::all::native_velocity_z,partial_affinity_correlation,14,-0.00729637640005,0.043390768392,0,-4.4271900319e-05,0.00102030689844,0.41,0.0452511398161,36.3025860338,-0.00725210449973,1
discovery,ck2:A:VAL116::all::native_velocity_z,lag_partial_gain_correlation,14,-0.00496566215545,0.0417294999125,0,5.69277938237e-05,0.00136420982622,0.17,0.0514594727955,35.8587991906,-0.00502258994927,1
discovery,ck2:A:VAL116::all::proposal_centroid_x,selection_shift,14,-2.02316191883e-06,0.000112119986224,0,-9.11059797465e-07,0.00812575730832,0.41,0.0545622563947,31.3145458701,-1.11210212137e-06,1
discovery,ck2:A:VAL116::all::proposal_centroid_x,partial_affinity_correlation,14,0.0143371740544,0.0506222184311,0,-0.000605178777915,0.0119548055512,0.1,0.0496405693908,33.249696916,0.0149423528323,1
discovery,ck2:A:VAL116::all::proposal_centroid_x,lag_partial_gain_correlation,14,0.0353037795061,0.0587451940302,0,-0.000404251535082,0.00688144012043,0.33,0.0717240167175,26.4435536038,0.0357080310412,1
discovery,ck2:A:VAL116::all::proposal_centroid_y,selection_shift,14,-0.000419456251717,0.00044992444526,0,-1.00311173596e-06,0.00222951152471,0.29,0.0532092616792,34.0520296479,-0.000418453139982,1
discovery,ck2:A:VAL116::all::proposal_centroid_y,partial_affinity_correlation,14,-0.0539107092917,0.0646305587439,0,-0.000441756940581,0.00683510941522,0.16,0.059094187768,33.2657381579,-0.0534689523511,1
discovery,ck2:A:VAL116::all::proposal_centroid_y,lag_partial_gain_correlation,14,0.00761814275828,0.0521903691675,0,0.000729061568526,0.013969274028,0.24,0.0498873174813,31.3537204646,0.00688908118976,1
discovery,ck2:A:VAL116::all::proposal_centroid_z,selection_shift,14,0.000112132156286,0.000369269642533,0,-2.44274197694e-06,0.00661506307474,0.18,0.0821881142806,25.6780035508,0.000114574898263,1
discovery,ck2:A:VAL116::all::proposal_centroid_z,partial_affinity_correlation,14,-0.0264110751023,0.0869950084122,0,-0.000820088841282,0.00942684938193,0.06,0.0699144809916,30.7637412219,-0.025590986261,1
discovery,ck2:A:VAL116::all::proposal_centroid_z,lag_partial_gain_correlation,14,-5.46787901994e-05,0.0652200793561,0,-0.000522415243498,0.00801003691894,0.14,0.0619209417698,31.5801061782,0.000467736453299,1
discovery,ck2:A:VAL116::all::proposal_spread,selection_shift,14,-0.000151903349555,0.00016300572318,0,1.18046366247e-06,0.00724185408614,0.27,0.0918615376752,24.3895489469,-0.000153083813217,1
discovery,ck2:A:VAL116::all::proposal_spread,partial_affinity_correlation,14,-0.0300485568412,0.086020170945,0,0.000370856408003,0.00431127262279,0.27,0.0556952915696,35.0728013225,-0.0304194132492,1
discovery,ck2:A:VAL116::all::proposal_spread,lag_partial_gain_correlation,14,0.0342260468076,0.0560085569533,0,0.00090705709716,0.0161949735273,0.42,0.0591184185009,33.9614546231,0.0333189897104,1
discovery,ck2:A:VAL116::all::spread,selection_shift,14,-0.000157026682552,0.000188182997701,0,-2.69896400214e-05,0.143422308875,0.0,0.143422308875,20.4594119088,-0.00013003704253,1
discovery,ck2:A:VAL116::all::spread,partial_affinity_correlation,14,-0.0235838467683,0.0897384552267,0,-0.000638894843008,0.00711952129546,0.42,0.0517982048594,34.9645100575,-0.0229449519253,1
discovery,ck2:A:VAL116::all::spread,lag_partial_gain_correlation,14,0.0315197012032,0.0609458362358,0,-0.000956436938249,0.0156932285669,0.42,0.0632454619373,33.9695580819,0.0324761381414,1
