round,contrast,attempts,generation_batches,mean_delta_pic50,median_delta_pic50,p10_delta_pic50,p90_delta_pic50,minimum_delta_pic50,maximum_delta_pic50,positive_fraction,negative_fraction,within_tolerance_fraction,top5_absolute_effect_share,positive_effect_participation_ratio
1,R26_minus_native,100,2,0.10144995212554936,0.02043294906616211,-0.40789117813110354,0.6924322128295901,-1.289442539215088,1.6662659645080566,0.62,0.38,0.0,0.21108985753188447,26.30002307106171
2,R26_minus_native,100,2,0.10144995212554936,0.02043294906616211,-0.40789117813110354,0.6924322128295901,-1.289442539215088,1.6662659645080566,0.62,0.38,0.0,0.21108985753188447,26.30002307106171
3,candidate_minus_R26,100,2,0.009990029335021964,1.1682510375976562e-05,-0.00018248558044433593,0.00039396286010742347,-0.5468711853027344,0.6757817268371582,0.61,0.38,0.01,0.8670957389529083,3.7111835994934026
4,candidate_minus_R26,100,2,-0.0001612615585327326,1.9073486328125e-06,-0.00014247894287109373,0.00014581680297851604,-0.33184194564819336,0.277742862701416,0.51,0.49,0.0,0.9258625290241429,2.432767973290083
5,candidate_minus_R26,100,2,0.003989763259887678,1.3113021850585938e-05,-0.00041174888610839844,0.00017724037170410167,-0.2527632713317871,0.25588369369506836,0.54,0.44,0.02,0.8758030203443513,3.9818759750836263
6,candidate_minus_R26,100,2,-0.005854277610778844,1.0967254638671875e-05,-0.00011892318725585936,0.000708341598510748,-0.6743550300598145,0.20666742324829102,0.53,0.46,0.01,0.9616673751765036,2.426272794163873
7,candidate_minus_R26,100,2,0.007860031127929679,7.152557373046875e-07,-0.0002533912658691406,0.00024747848510742193,-0.25290489196777344,0.6759905815124512,0.5,0.5,0.0,0.9306895434721523,2.2183693200997716
8,candidate_minus_R26,100,2,0.0,0.0,0.0,0.0,0.0,0.0,0.0,0.0,1.0,0.0,0.0
9,candidate_minus_R26,100,2,-0.01880645751953125,-1.430511474609375e-06,-0.0003036022186279296,0.00020208358764648858,-0.991234302520752,0.23233938217163086,0.49,0.5,0.01,0.8642239813815229,2.367260308087726
10,candidate_minus_R26,100,2,-0.00019516944885254793,6.198883056640625e-06,-0.000137042999267578,0.00016117095947265625,-0.9913625717163086,0.6756672859191895,0.51,0.47,0.02,0.7843383726611668,3.902810581136961
11,candidate_minus_R26,100,2,0.011001667976379376,3.337860107421875e-06,-0.00019822120666503903,0.0001289367675781251,-0.5276141166687012,1.122579574584961,0.52,0.46,0.02,0.8696878295607054,2.81282633291344
12,candidate_minus_R26,100,2,0.0012910747528075905,2.861022948774661e-06,-0.0001479625701904297,0.00019373893737793,-0.9912681579589844,1.1232519149780273,0.5,0.49,0.01,0.9378057326537672,1.8726334315210647
13,candidate_minus_R26,100,2,-0.000533804893493679,7.152557373046875e-07,-0.0001168251037597656,0.00014591217041015625,-0.32967090606689453,0.23247385025024414,0.49,0.49,0.02,0.9367099566769359,3.301953977445997
14,candidate_minus_R26,100,2,0.007129988670349077,-0.00045013427734375,-0.10426435470581054,0.02609071731567459,-0.5106487274169922,1.0070409774780273,0.32,0.68,0.0,0.43695888667407823,6.944332775007151
15,candidate_minus_R26,100,2,-0.025112314224243155,-0.0015015602111816406,-0.13097810745239258,0.017243862152099748,-0.7462258338928223,0.6645145416259766,0.25,0.75,0.0,0.4216177391855084,6.183145689493215
16,candidate_minus_R26,100,2,-0.022917933464050303,0.0002696514129638672,-0.23845243453979492,0.04347214698791524,-1.1788625717163086,1.1822309494018555,0.64,0.36,0.0,0.461629400315689,5.697062988550907
17,candidate_minus_R26,100,2,-0.016522641181945862,0.0003085136413574219,-0.31092257499694825,0.11543684005737337,-0.9721293449401855,1.1507081985473633,0.58,0.42,0.0,0.3781600069969069,7.626385919985968
18,candidate_minus_R26,100,2,-0.07775006771087652,-0.0024013519287109375,-0.6537169456481934,0.32898678779602053,-1.3998126983642578,1.1815423965454102,0.43,0.57,0.0,0.23791097095755212,15.843299483065337
19,candidate_minus_R26,100,2,-0.06872228145599367,-0.0012967586517333984,-0.4322774887084961,0.13885717391967803,-1.1889410018920898,1.1817331314086914,0.4,0.6,0.0,0.2648756806730662,9.266954194882874
20,candidate_minus_R26,100,2,-0.12967002391815188,-0.0060062408447265625,-0.6720514297485344,0.27026791572570824,-1.527918815612793,1.1815738677978516,0.37,0.63,0.0,0.23716313228180075,11.998390605233412
21,candidate_minus_R26,100,2,-0.15179576396942146,-0.05321764945983887,-0.7398746013641357,0.3012115478515625,-1.7167296409606934,1.0789408683776855,0.38,0.62,0.0,0.20603333402489443,16.03970642890677
22,candidate_minus_R26,100,2,0.009267826080322221,-4.768371586472142e-07,-0.00010075569152832032,0.0003339290618888505,-0.33316516876220703,1.1232004165649414,0.5,0.5,0.0,0.9513636471766533,1.584484227826544
23,candidate_minus_R26,100,2,-0.012183394432067916,1.5974044800248777e-05,-0.00038771629333504974,0.00015459060668945317,-0.9634222984313965,0.3393545150756836,0.59,0.41,0.0,0.9185072849494414,2.5996186212809045
24,candidate_minus_R26,100,2,-0.0019346523284912286,-4.76837158203125e-06,-0.0005880832672119136,0.000973987579345715,-0.9307417869567871,0.675570011138916,0.46,0.53,0.01,0.6801857973080097,4.345327487041157
25,R26_minus_native,100,2,0.09708600044250482,-0.006100654602050781,-0.46494412422180176,0.7771815299987795,-0.9218387603759766,1.6007022857666016,0.47,0.53,0.0,0.1922653108167799,26.25929617799615
26,candidate_minus_R26,100,2,0.012174615859985369,-7.152557373046875e-06,-8.392333984295063e-05,0.00010499954223632813,-0.022629737854003906,0.9685602188110352,0.43,0.56,0.01,0.9935459233660536,1.601458944880218
27,R26_minus_native,100,2,0.11787865161895748,0.032638549804687944,-0.45082550048828124,0.7511804580688471,-2.3214335441589347,2.043637275695801,0.55,0.45,0.0,0.22598678666082508,29.71126536889521
28,candidate_minus_R26,100,2,0.014305858612060565,1.4781951904296875e-05,-0.0001476764678955078,0.0006637573242179563,-0.6324114799499512,0.7831850051879892,0.55,0.42,0.03,0.8503164279537725,3.9819492474567477
29,R26_minus_native,100,2,0.1453463077545166,0.09717082977294922,-0.585762882232666,0.9203812599182122,-1.8905177116394043,1.7719578742980957,0.64,0.36,0.0,0.16612557872534456,36.43199253271148
30,candidate_minus_R26,100,2,0.03666664123535154,5.0067901611328125e-06,-0.00011067390441894531,0.004797983169555687,-0.28490686416625977,1.072969913482666,0.52,0.44,0.04,0.6824307190864864,6.574492273306205
