arm,batch,n,valid_connected,valid_rate,pb_fast_pass,pb_fast_pass_rate,unique_smiles,unique_scaffolds,unique_yield,duplicates_among_valid,unique_graph_diversity,all_pic50_on_rescore_mean,all_pic50_on_rescore_n,all_pic50_off_rescore_mean,all_pic50_off_rescore_n,all_gap_rescore_mean,all_gap_rescore_n,all_qed_mean,all_qed_n,all_terminal_patch_q_over_r2_mean,all_terminal_patch_q_over_r2_n,all_surround_clash_atom_fraction_mean,all_surround_clash_atom_fraction_n,all_relax_rms_surround_A_mean,all_relax_rms_surround_A_n,all_mmff_relief_kcal_mol_median,all_mmff_relief_kcal_mol_n,all_mmff_relief_per_heavy_median,all_mmff_relief_per_heavy_n,valid_pic50_on_rescore_mean,valid_pic50_on_rescore_n,valid_pic50_off_rescore_mean,valid_pic50_off_rescore_n,valid_gap_rescore_mean,valid_gap_rescore_n,valid_qed_mean,valid_qed_n,valid_terminal_patch_q_over_r2_mean,valid_terminal_patch_q_over_r2_n,valid_surround_clash_atom_fraction_mean,valid_surround_clash_atom_fraction_n,valid_relax_rms_surround_A_mean,valid_relax_rms_surround_A_n,valid_mmff_relief_kcal_mol_median,valid_mmff_relief_kcal_mol_n,valid_mmff_relief_per_heavy_median,valid_mmff_relief_per_heavy_n,unique_valid_pic50_on_rescore_mean,unique_valid_pic50_on_rescore_n,unique_valid_pic50_off_rescore_mean,unique_valid_pic50_off_rescore_n,unique_valid_gap_rescore_mean,unique_valid_gap_rescore_n,unique_valid_qed_mean,unique_valid_qed_n,unique_valid_terminal_patch_q_over_r2_mean,unique_valid_terminal_patch_q_over_r2_n,unique_valid_surround_clash_atom_fraction_mean,unique_valid_surround_clash_atom_fraction_n,unique_valid_relax_rms_surround_A_mean,unique_valid_relax_rms_surround_A_n,unique_valid_mmff_relief_kcal_mol_median,unique_valid_mmff_relief_kcal_mol_n,unique_valid_mmff_relief_per_heavy_median,unique_valid_mmff_relief_per_heavy_n,pb_fast_pic50_on_rescore_mean,pb_fast_pic50_on_rescore_n,pb_fast_pic50_off_rescore_mean,pb_fast_pic50_off_rescore_n,pb_fast_gap_rescore_mean,pb_fast_gap_rescore_n,pb_fast_qed_mean,pb_fast_qed_n,pb_fast_terminal_patch_q_over_r2_mean,pb_fast_terminal_patch_q_over_r2_n,pb_fast_surround_clash_atom_fraction_mean,pb_fast_surround_clash_atom_fraction_n,pb_fast_relax_rms_surround_A_mean,pb_fast_relax_rms_surround_A_n,pb_fast_mmff_relief_kcal_mol_median,pb_fast_mmff_relief_kcal_mol_n,pb_fast_mmff_relief_per_heavy_median,pb_fast_mmff_relief_per_heavy_n,energy_failure_counts
unguided,55,50,45,0.9,45,0.9,32,30,0.64,0.28888888888888886,0.7473915924619998,7.511433629989624,50,6.696893606185913,50,0.8145400238037109,50,0.4271994847743329,45,11.00516379332922,45,0.0,45,0.3514372709142731,45,13.27527738317356,45,0.5310110953269424,45,7.531134743160671,45,6.675143761105008,45,0.855990982055664,45,0.4271994847743329,45,11.00516379332922,45,0.0,45,0.3514372709142731,45,13.27527738317356,45,0.5310110953269424,45,7.404255598783493,32,6.604562386870384,32,0.7996932119131088,32,0.43323681850376405,32,13.932217710981643,32,0.0,32,0.4129786136734702,32,14.875260979585434,32,0.5950104391834174,32,7.531134743160671,45,6.675143761105008,45,0.855990982055664,45,0.4271994847743329,45,11.00516379332922,45,0.0,45,0.3514372709142731,45,13.27527738317356,45,0.5310110953269424,45,"{'converged': 45, 'not_applicable': 5}"
unguided,56,50,45,0.9,45,0.9,36,33,0.72,0.19999999999999996,0.7711008273156782,7.341530666351319,50,6.686460552215576,50,0.6550701141357422,50,0.4186380877401423,45,16.56718673288602,45,0.0,45,0.3626121033057451,45,13.067276665643746,45,0.5226910666257498,45,7.346901088290744,45,6.721002599928114,45,0.6258984883626302,45,0.4186380877401423,45,16.56718673288602,45,0.0,45,0.3626121033057451,45,13.067276665643746,45,0.5226910666257498,45,7.184689137670729,36,6.665938642289904,36,0.5187504953808255,36,0.412973662649479,36,20.044369268303708,36,0.0,36,0.394913944002434,36,14.080209991782091,36,0.5632083996712836,36,7.346901088290744,45,6.721002599928114,45,0.6258984883626302,45,0.4186380877401423,45,16.56718673288602,45,0.0,45,0.3626121033057451,45,13.067276665643746,45,0.5226910666257498,45,"{'converged': 45, 'not_applicable': 5}"
unguided,57,50,47,0.94,47,0.94,31,29,0.62,0.34042553191489366,0.744194190184549,7.5583402538299564,50,6.840875425338745,50,0.717464828491211,50,0.4390344017412549,47,3.3892195224569117,47,0.0,47,0.39452530754743875,47,13.210319516954407,47,0.5284127806781762,47,7.557072487283261,47,6.83509860140212,47,0.7219738858811399,47,0.4390344017412549,47,3.3892195224569117,47,0.0,47,0.39452530754743875,47,13.210319516954407,47,0.5284127806781762,47,7.393993577649517,31,6.772361709225562,31,0.6216318684239541,31,0.44554615473070075,31,3.89021815894987,31,0.0,31,0.4778046409523736,31,15.478319539248275,31,0.619132781569931,31,7.557072487283261,47,6.83509860140212,47,0.7219738858811399,47,0.4390344017412549,47,3.3892195224569117,47,0.0,47,0.39452530754743875,47,13.210319516954407,47,0.5284127806781762,47,"{'converged': 47, 'not_applicable': 3}"
unguided,58,50,47,0.94,47,0.94,40,36,0.8,0.14893617021276595,0.7853885000783597,7.495879011154175,50,6.733473644256592,50,0.762405366897583,50,0.44735576277197914,47,30.51771423409642,47,0.0,47,0.37099946926279115,47,14.840355522807911,47,0.5936142209123164,47,7.498974546473077,47,6.754798594941485,47,0.7441759515315929,47,0.44735576277197914,47,30.51771423409642,47,0.0,47,0.37099946926279115,47,14.840355522807911,47,0.5936142209123164,47,7.4526060104370115,40,6.695888257026672,40,0.7567177534103393,40,0.4451692505670528,40,35.64624397453194,40,0.0,40,0.38619754390189087,40,15.135256012268815,40,0.6054102404907526,40,7.498974546473077,47,6.754798594941485,47,0.7441759515315929,47,0.44735576277197914,47,30.51771423409642,47,0.0,47,0.37099946926279115,47,14.840355522807911,47,0.5936142209123164,47,"{'converged': 47, 'not_applicable': 3}"
unguided,59,50,47,0.94,47,0.94,34,31,0.68,0.276595744680851,0.7691024103350261,7.6221370506286625,50,6.940942440032959,50,0.6811946105957031,50,0.4604522849179968,47,4.602269447002503,47,0.0,47,0.4086084395734484,47,13.866226519416102,47,0.5546490607766441,47,7.624224946853962,47,6.970200112525453,47,0.6540248343285094,47,0.4604522849179968,47,4.602269447002503,47,0.0,47,0.4086084395734484,47,13.866226519416102,47,0.5546490607766441,47,7.562345827327055,34,6.934347405153162,34,0.6279984221738928,34,0.47003321316876245,34,5.574656547053913,34,0.0,34,0.46946910616212156,34,14.650015290186225,34,0.586000611607449,34,7.624224946853962,47,6.970200112525453,47,0.6540248343285094,47,0.4604522849179968,47,4.602269447002503,47,0.0,47,0.4086084395734484,47,13.866226519416102,47,0.5546490607766441,47,"{'converged': 47, 'not_applicable': 3}"
unguided,60,50,48,0.96,48,0.96,38,36,0.76,0.20833333333333337,0.8094132919893324,7.318345594406128,50,6.706366748809814,50,0.6119788455963134,50,0.43319098066082534,48,52.6830022243577,48,0.0,48,0.26471969893047814,48,13.411845819396362,48,0.5364738327758545,48,7.317188402016957,48,6.728412330150604,48,0.5887760718663534,48,0.43319098066082534,48,52.6830022243577,48,0.0,48,0.26471969893047814,48,13.411845819396362,48,0.5364738327758545,48,7.247064540260716,38,6.609451607653969,38,0.6376129326067472,38,0.4424225816286739,38,57.25274620929769,38,0.0,38,0.29220336853872636,38,13.693885822550385,38,0.5477554329020153,38,7.317188402016957,48,6.728412330150604,48,0.5887760718663534,48,0.43319098066082534,48,52.6830022243577,48,0.0,48,0.26471969893047814,48,13.411845819396362,48,0.5364738327758545,48,"{'converged': 48, 'not_applicable': 2}"
unguided,61,50,49,0.98,49,0.98,40,36,0.8,0.18367346938775508,0.7682499772803524,7.424613170623779,50,6.594987478256225,50,0.8296256923675537,50,0.44995523807233295,49,28.256984281192455,49,0.0,49,0.4577823666372012,49,13.42994328317431,49,0.5371977313269725,49,7.438759103113291,49,6.615193240496577,49,0.8235658626167142,49,0.44995523807233295,49,28.256984281192455,49,0.0,49,0.4577823666372012,49,13.42994328317431,49,0.5371977313269725,49,7.3143945097923275,40,6.5183217287063595,40,0.796072781085968,40,0.4396623712418009,40,34.12532925404439,40,0.0,40,0.49537242313726076,40,14.183295179616287,40,0.5673318071846515,40,7.438759103113291,49,6.615193240496577,49,0.8235658626167142,49,0.44995523807233295,49,28.256984281192455,49,0.0,49,0.4577823666372012,49,13.42994328317431,49,0.5371977313269725,49,"{'converged': 49, 'not_applicable': 1}"
unguided,62,50,47,0.94,46,0.92,36,32,0.72,0.23404255319148937,0.7409002648302546,7.584962930679321,50,6.7307359790802,50,0.8542269515991211,50,0.459324661976739,47,4.6572820280154845,47,0.0,47,0.38465400293230606,47,13.551498133847403,47,0.5420599253538961,47,7.6090990330310575,47,6.727267701575097,47,0.8818313314559612,47,0.459324661976739,47,4.6572820280154845,47,0.0,47,0.38465400293230606,47,13.551498133847403,47,0.5420599253538961,47,7.510245866245693,36,6.726795938279894,36,0.7834499279657999,36,0.4760775930992993,36,5.047934534454299,36,0.0,36,0.44338190979777836,36,14.143664845301764,36,0.5657465938120705,36,7.6173970491989795,46,6.7274336918540625,46,0.8899633573449176,46,0.44907089523093213,46,4.707580307713059,46,0.0,46,0.33445975847428216,46,13.54020368888925,46,0.5416081475555701,46,"{'converged': 47, 'not_applicable': 3}"
unguided,63,50,49,0.98,48,0.96,38,32,0.76,0.22448979591836737,0.7729438318906691,7.411192493438721,50,6.800102310180664,50,0.6110901832580566,50,0.45487594174436435,49,30.081327069914096,49,0.0,49,0.3874875343379973,49,13.17868958524322,49,0.5271475834097288,49,7.393442776738381,49,6.80191554828566,49,0.5915272284527214,49,0.45487594174436435,49,30.081327069914096,49,0.0,49,0.3874875343379973,49,13.17868958524322,49,0.5271475834097288,49,7.266875681124236,38,6.723147517756412,38,0.5437281633678236,38,0.46551616580912886,38,37.97431237926844,38,0.0,38,0.43485920447367804,38,13.898775336462357,38,0.5559510134584943,38,7.391441126664479,48,6.8174870411554975,48,0.5739540855089823,48,0.44872421659205997,48,30.68078472857915,48,0.0,48,0.3867143916644162,48,12.689308946867214,48,0.5075723578746886,48,"{'converged': 49, 'not_applicable': 1}"
unguided,64,50,49,0.98,49,0.98,39,36,0.78,0.20408163265306123,0.777686039713087,7.2990806102752686,50,6.74693546295166,50,0.5521451473236084,50,0.44476612746243155,49,28.184205203877625,49,0.0,49,0.3884344351932389,49,13.147649157917954,49,0.5259059663167182,49,7.295239156606246,49,6.7429600151217715,49,0.5522791414844747,49,0.44476612746243155,49,28.184205203877625,49,0.0,49,0.3884344351932389,49,13.147649157917954,49,0.5259059663167182,49,7.1995786520150995,39,6.683863639831543,39,0.5157150121835562,39,0.4538747124421587,39,27.139875747105332,39,0.0,39,0.43175202970849996,39,13.595796091683724,39,0.5438318436673489,39,7.295239156606246,49,6.7429600151217715,49,0.5522791414844747,49,0.44476612746243155,49,28.184205203877625,49,0.0,49,0.3884344351932389,49,13.147649157917954,49,0.5259059663167182,49,"{'converged': 49, 'not_applicable': 1}"
unguided,65,50,50,1.0,49,0.98,35,33,0.7,0.30000000000000004,0.7810969768411429,7.50731107711792,50,6.7157278251647945,50,0.791583251953125,50,0.4726737870548922,50,3.6859840380773092,50,0.0,50,0.4278024396623398,50,13.596471292647166,50,0.5438588517058867,50,7.50731107711792,50,6.7157278251647945,50,0.791583251953125,50,0.4726737870548922,50,3.6859840380773092,50,0.0,50,0.4278024396623398,50,13.596471292647166,50,0.5438588517058867,50,7.35360175541469,35,6.649728502546038,35,0.7038732528686523,35,0.4882990070568634,35,4.136722400395397,35,0.0,35,0.5100284505182175,35,20.61111954257582,35,0.8244447817030328,35,7.513068899816396,49,6.699376359277842,49,0.8136925405385543,49,0.46751210888192624,49,3.756245296201683,49,0.0,49,0.4182953940706384,49,13.58582412178967,49,0.5434329648715868,49,{'converged': 50}
unguided,66,50,50,1.0,50,1.0,41,39,0.82,0.18000000000000005,0.7728405323051543,7.402020978927612,50,6.792541618347168,50,0.6094793605804444,50,0.46393610223392145,50,33.1535715383463,50,0.0,50,0.3169974895474494,50,14.049994939526194,50,0.5619997975810478,50,7.402020978927612,50,6.792541618347168,50,0.6094793605804444,50,0.46393610223392145,50,33.1535715383463,50,0.0,50,0.3169974895474494,50,14.049994939526194,50,0.5619997975810478,50,7.304190100693122,41,6.721911372208014,41,0.5822787284851074,41,0.46563940480573446,41,39.66131424539896,41,0.0,41,0.3356975502992409,41,14.856855827959492,41,0.5942742331183797,41,7.402020978927612,50,6.792541618347168,50,0.6094793605804444,50,0.46393610223392145,50,33.1535715383463,50,0.0,50,0.3169974895474494,50,14.049994939526194,50,0.5619997975810478,50,{'converged': 50}
unguided,67,50,49,0.98,48,0.96,42,39,0.84,0.1428571428571429,0.7756892639009628,7.450218324661255,50,6.7361502265930175,50,0.7140680980682373,50,0.46856902055912836,49,29.564720031864606,49,0.0,49,0.33122305449774836,49,14.149889711284125,49,0.565995588451365,49,7.449382470578564,49,6.73156586471869,49,0.7178166058598733,49,0.46856902055912836,49,29.564720031864606,49,0.0,49,0.33122305449774836,49,14.149889711284125,49,0.565995588451365,49,7.359130779902141,42,6.702522391364688,42,0.6566083885374523,42,0.4704352072339753,42,34.07472852391099,42,0.0,42,0.3422696417088616,42,14.727368500816322,42,0.5890947400326529,42,7.456721742947896,48,6.7349622050921125,48,0.7217595378557841,48,0.46255759707278754,48,30.17434254254437,48,0.0,48,0.3249074764430035,48,13.974945305118087,48,0.5589978122047234,48,"{'converged': 49, 'not_applicable': 1}"
unguided,68,50,48,0.96,48,0.96,35,30,0.7,0.27083333333333337,0.7727642568355679,7.526134128570557,50,6.795132265090943,50,0.7310018634796143,50,0.46063338351661764,48,24.77765576302002,48,0.0,48,0.26675438114925765,48,13.448435853007581,48,0.5379374341203033,48,7.519306401411693,48,6.794024566809337,48,0.725281834602356,48,0.46063338351661764,48,24.77765576302002,48,0.0,48,0.26675438114925765,48,13.448435853007581,48,0.5379374341203033,48,7.362429414476667,35,6.726071044376918,35,0.6363583700997489,35,0.46238602534283846,35,33.03248302461386,35,0.0,35,0.2731076111470727,35,13.878497216746851,35,0.5551398886698741,35,7.519306401411693,48,6.794024566809337,48,0.725281834602356,48,0.46063338351661764,48,24.77765576302002,48,0.0,48,0.26675438114925765,48,13.448435853007581,48,0.5379374341203033,48,"{'converged': 48, 'not_applicable': 2}"
unguided,69,50,45,0.9,43,0.86,39,35,0.78,0.1333333333333333,0.761934064679338,7.46951150894165,50,6.74543683052063,50,0.7240746784210205,50,0.42406826161839345,45,18.689487356073656,45,0.0,45,0.36378838607677755,45,14.405861041517667,45,0.5762344416607067,45,7.487001609802246,45,6.749655850728353,45,0.7373457590738932,45,0.42406826161839345,45,18.689487356073656,45,0.0,45,0.36378838607677755,45,14.405861041517667,45,0.5762344416607067,45,7.413679929879995,39,6.7269756610576925,39,0.6867042688223032,39,0.4204359713896226,39,21.144544528677685,39,0.0,39,0.3805795189185041,39,15.078510060509132,39,0.6031404024203653,39,7.496011212814686,43,6.755362898804421,43,0.7406483140102652,43,0.41914344730681424,43,19.48644287091622,43,0.0,43,0.35243758448598045,43,13.60095218740095,43,0.544038087496038,43,"{'converged': 45, 'not_applicable': 5}"
unguided,70,50,49,0.98,49,0.98,38,32,0.76,0.22448979591836737,0.7664578339921647,7.463896884918213,50,6.652065343856812,50,0.8118315410614013,50,0.46036875157941826,49,11.872111526932805,49,0.0,49,0.3735693907328175,49,13.525984615379862,49,0.5410393846151945,49,7.459279469081333,49,6.645930767059326,49,0.8133487020220075,49,0.46036875157941826,49,11.872111526932805,49,0.0,49,0.3735693907328175,49,13.525984615379862,49,0.5410393846151945,49,7.329624125832005,38,6.585871357666819,38,0.7437527681651869,38,0.4605369286867816,38,14.572570922371186,38,0.0,38,0.40480575532193197,38,15.246428424972018,38,0.6098571369988808,38,7.459279469081333,49,6.645930767059326,49,0.8133487020220075,49,0.46036875157941826,49,11.872111526932805,49,0.0,49,0.3735693907328175,49,13.525984615379862,49,0.5410393846151945,49,"{'converged': 49, 'not_applicable': 1}"
unguided,71,50,48,0.96,47,0.94,32,30,0.64,0.33333333333333337,0.7787182869664537,7.569802207946777,50,6.877140159606934,50,0.6926620483398438,50,0.4458142988317499,48,12.626738649978217,48,0.0,48,0.31838916476219925,48,13.47271295054695,48,0.538908518021878,48,7.5694729288419085,48,6.878984063863754,48,0.6904888649781545,48,0.4458142988317499,48,12.626738649978217,48,0.0,48,0.31838916476219925,48,13.47271295054695,48,0.538908518021878,48,7.419855505228043,32,6.7771657556295395,32,0.6426897495985031,32,0.43964062210076577,32,18.164753635286573,32,0.0,32,0.3339967080925019,32,14.041603447569408,32,0.5616641379027763,32,7.5854491578771714,47,6.886370709601869,47,0.6990784482753023,47,0.44088383276517257,47,12.87212212188952,47,0.0,47,0.28088224937105055,47,13.421302517907165,47,0.5368521007162866,47,"{'converged': 48, 'not_applicable': 2}"
unguided,72,50,49,0.98,48,0.96,41,36,0.82,0.16326530612244894,0.7582409380009287,7.425294857025147,50,6.6532580852508545,50,0.772036771774292,50,0.46427215702722857,49,6.435314420089995,49,0.0,49,0.4676453572699586,49,13.607457333334366,49,0.5442982933333746,49,7.428549669226822,49,6.65444617368737,49,0.7741034955394511,49,0.46427215702722857,49,6.435314420089995,49,0.0,49,0.4676453572699586,49,13.607457333334366,49,0.5442982933333746,49,7.333969732610191,41,6.601514490639291,41,0.7324552419708996,41,0.4726218506154745,41,6.704043824972035,41,0.0,41,0.5065812796134099,41,15.840821144810384,41,0.6336328457924154,41,7.430926203727722,48,6.662435879309972,48,0.76849032441775,48,0.4588802032390069,48,6.544733510514406,48,0.0,48,0.442245815834591,48,13.407114814468972,48,0.5362845925787589,48,"{'converged': 49, 'not_applicable': 1}"
unguided,73,50,47,0.94,47,0.94,38,34,0.76,0.19148936170212771,0.7637924404039149,7.466206083297729,50,6.661142625808716,50,0.8050634574890136,50,0.43385679424368573,47,21.169494786029013,47,0.0,47,0.24142990899487854,47,13.120239099544285,47,0.5248095639817714,47,7.489197426653923,47,6.682863671728906,47,0.8063337549250177,47,0.43385679424368573,47,21.169494786029013,47,0.0,47,0.24142990899487854,47,13.120239099544285,47,0.5248095639817714,47,7.38271699453655,38,6.644274673963848,38,0.7384423205727025,38,0.4397858515125294,38,25.316497138875047,38,0.0,38,0.24950483573988075,38,13.377909802376479,38,0.5351163920950592,38,7.489197426653923,47,6.682863671728906,47,0.8063337549250177,47,0.43385679424368573,47,21.169494786029013,47,0.0,47,0.24142990899487854,47,13.120239099544285,47,0.5248095639817714,47,"{'converged': 47, 'not_applicable': 3}"
unguided,74,50,47,0.94,47,0.94,36,30,0.72,0.23404255319148937,0.7592105303149765,7.436709823608399,50,6.747292356491089,50,0.6894174671173096,50,0.44572895210224295,47,14.998840946257982,47,0.0,47,0.3080666925311133,47,12.844767755122035,47,0.5137907102048814,47,7.445508875745408,47,6.751253036742515,47,0.6942558390028933,47,0.44572895210224295,47,14.998840946257982,47,0.0,47,0.3080666925311133,47,12.844767755122035,47,0.5137907102048814,47,7.351615614361233,36,6.691679835319519,36,0.6599357790417142,36,0.44778200827458053,36,18.96171390561123,36,0.0,36,0.3233132360618621,36,13.987617742666362,36,0.5595047097066546,36,7.445508875745408,47,6.751253036742515,47,0.6942558390028933,47,0.44572895210224295,47,14.998840946257982,47,0.0,47,0.3080666925311133,47,12.844767755122035,47,0.5137907102048814,47,"{'converged': 47, 'not_applicable': 3}"
gradient,55,50,50,1.0,50,1.0,31,27,0.62,0.38,0.73727406094154,7.601977958679199,50,6.8011664867401125,50,0.8008114719390869,50,0.4485749420853075,50,9.566055105441789,50,0.0,50,0.3661452495383007,50,12.935512716024235,50,0.5174205086409693,50,7.601977958679199,50,6.8011664867401125,50,0.8008114719390869,50,0.4485749420853075,50,9.566055105441789,50,0.0,50,0.3661452495383007,50,12.935512716024235,50,0.5174205086409693,50,7.449646534458283,31,6.770756982987927,31,0.6788895514703566,31,0.46126799375713884,31,13.455326066342275,31,0.0,31,0.45507475277961457,31,14.089091793556662,31,0.5635636717422665,31,7.601977958679199,50,6.8011664867401125,50,0.8008114719390869,50,0.4485749420853075,50,9.566055105441789,50,0.0,50,0.3661452495383007,50,12.935512716024235,50,0.5174205086409693,50,{'converged': 50}
gradient,56,50,47,0.94,47,0.94,31,26,0.62,0.34042553191489366,0.7267441976828541,7.5757778358459475,50,6.87783655166626,50,0.6979412841796875,50,0.43910179111996833,47,12.375532705705774,47,0.0,47,0.26669347858044695,47,12.43003580638483,47,0.49720143225539315,47,7.566916435322863,47,6.874953046758124,47,0.6919633885647388,47,0.43910179111996833,47,12.375532705705774,47,0.0,47,0.26669347858044695,47,12.43003580638483,47,0.49720143225539315,47,7.416229432629001,31,6.791183917753158,31,0.6250455148758427,31,0.45096305675938536,31,17.470400261464814,31,0.0,31,0.2901403317404892,31,12.70405784937239,31,0.5081623139748956,31,7.566916435322863,47,6.874953046758124,47,0.6919633885647388,47,0.43910179111996833,47,12.375532705705774,47,0.0,47,0.26669347858044695,47,12.43003580638483,47,0.49720143225539315,47,"{'converged': 47, 'not_applicable': 3}"
gradient,57,50,50,1.0,50,1.0,28,23,0.56,0.43999999999999995,0.7294578685751986,7.636560888290405,50,6.864791679382324,50,0.7717692089080811,50,0.4203895699066196,50,3.2980660198544576,50,0.0,50,0.3113904283085897,50,11.759347929323114,50,0.47037391717292454,50,7.636560888290405,50,6.864791679382324,50,0.7717692089080811,50,0.4203895699066196,50,3.2980660198544576,50,0.0,50,0.3113904283085897,50,11.759347929323114,50,0.47037391717292454,50,7.425685031073434,28,6.796255554471697,28,0.6294294766017369,28,0.40343613694525554,28,4.147694861229947,28,0.0,28,0.35175948312518973,28,12.782582477305702,28,0.511303299092228,28,7.636560888290405,50,6.864791679382324,50,0.7717692089080811,50,0.4203895699066196,50,3.2980660198544576,50,0.0,50,0.3113904283085897,50,11.759347929323114,50,0.47037391717292454,50,{'converged': 50}
gradient,58,50,49,0.98,49,0.98,33,28,0.66,0.326530612244898,0.732427014837313,7.524343385696411,50,6.824425392150879,50,0.6999179935455322,50,0.4266996843176247,49,12.894358103526093,49,0.0,49,0.36294010288086986,49,13.11815332472564,49,0.5247261329890256,49,7.519693228663231,49,6.81855059643181,49,0.7011426322314204,49,0.4266996843176247,49,12.894358103526093,49,0.0,49,0.36294010288086986,49,13.11815332472564,49,0.5247261329890256,49,7.364945498379794,33,6.721484198714748,33,0.6434612996650465,33,0.42672157087452645,33,18.136471849991203,33,0.0,33,0.419472966822865,33,14.354478964303738,33,0.5741791585721495,33,7.519693228663231,49,6.81855059643181,49,0.7011426322314204,49,0.4266996843176247,49,12.894358103526093,49,0.0,49,0.36294010288086986,49,13.11815332472564,49,0.5247261329890256,49,"{'converged': 49, 'not_applicable': 1}"
gradient,59,50,47,0.94,47,0.94,29,24,0.58,0.3829787234042553,0.7130508937412399,7.630113506317139,50,6.933504505157471,50,0.696609001159668,50,0.416067612799101,47,8.14909652562835,47,0.0,47,0.2519981773620506,47,12.633527835727676,47,0.505341113429107,47,7.635354437726609,47,6.936077888975752,47,0.6992765487508571,47,0.416067612799101,47,8.14909652562835,47,0.0,47,0.2519981773620506,47,12.633527835727676,47,0.505341113429107,47,7.500784873962402,29,6.8270154328181825,29,0.6737694411442198,29,0.4317858268800116,29,11.347290682022338,29,0.0,29,0.2819106019560814,29,14.136142341399761,29,0.5654456936559904,29,7.635354437726609,47,6.936077888975752,47,0.6992765487508571,47,0.416067612799101,47,8.14909652562835,47,0.0,47,0.2519981773620506,47,12.633527835727676,47,0.505341113429107,47,"{'converged': 47, 'not_applicable': 3}"
gradient,60,50,50,1.0,49,0.98,32,28,0.64,0.36,0.751408111155329,7.597057571411133,50,6.902531156539917,50,0.6945264148712158,50,0.4299899050362141,50,10.316074658164473,50,0.0,50,0.24607728842770105,50,12.708624827464643,50,0.5083449930985857,50,7.597057571411133,50,6.902531156539917,50,0.6945264148712158,50,0.4299899050362141,50,10.316074658164473,50,0.0,50,0.24607728842770105,50,12.708624827464643,50,0.5083449930985857,50,7.484096571803093,32,6.809394955635071,32,0.6747016161680222,32,0.4428378090140416,32,14.350419024433819,32,0.0,32,0.266899957428956,32,14.269682319763408,32,0.5707872927905363,32,7.600412037907814,49,6.911614087163185,49,0.6887979507446289,49,0.4287918548066694,49,10.489955118303698,49,0.0,49,0.24400650995074502,49,12.443692259814526,49,0.49774769039258104,49,{'converged': 50}
gradient,61,50,50,1.0,50,1.0,34,26,0.68,0.31999999999999995,0.7404171142437745,7.580383090972901,50,6.919681453704834,50,0.6607016372680664,50,0.4225223981850128,50,9.865549210509709,50,0.0,50,0.2867218739571322,50,12.611455482746997,50,0.5044582193098799,50,7.580383090972901,50,6.919681453704834,50,0.6607016372680664,50,0.4225223981850128,50,9.865549210509709,50,0.0,50,0.2867218739571322,50,12.611455482746997,50,0.5044582193098799,50,7.470817958607393,34,6.83048690066618,34,0.6403310579412124,34,0.4149081100284457,34,13.260171697900326,34,0.0,34,0.31258053263007196,34,13.19253814713317,34,0.5277015258853268,34,7.580383090972901,50,6.919681453704834,50,0.6607016372680664,50,0.4225223981850128,50,9.865549210509709,50,0.0,50,0.2867218739571322,50,12.611455482746997,50,0.5044582193098799,50,{'converged': 50}
gradient,62,50,48,0.96,48,0.96,27,24,0.54,0.4375,0.7617469668397936,7.641057062149048,50,6.941878805160522,50,0.6991782569885254,50,0.4547657290298612,48,5.838243114104988,48,0.0,48,0.3067912189779877,48,13.336397344365835,48,0.5334558937746334,48,7.638420472542445,48,6.922586888074875,48,0.71583358446757,48,0.4547657290298612,48,5.838243114104988,48,0.0,48,0.3067912189779877,48,13.336397344365835,48,0.5334558937746334,48,7.5315016110738116,27,6.856337812211779,27,0.6751637988620334,27,0.48066861185683896,27,7.881140976359012,27,0.0,27,0.3803435368591754,27,14.427768362086645,27,0.5771107344834658,27,7.638420472542445,48,6.922586888074875,48,0.71583358446757,48,0.4547657290298612,48,5.838243114104988,48,0.0,48,0.3067912189779877,48,13.336397344365835,48,0.5334558937746334,48,"{'converged': 48, 'not_applicable': 2}"
gradient,63,50,48,0.96,48,0.96,33,28,0.66,0.3125,0.714818304932918,7.4827023696899415,50,6.8843277645111085,50,0.598374605178833,50,0.45281761586164143,48,4.029973449256002,48,0.0,48,0.3807719453748533,48,12.05450730119199,48,0.48218029204767954,48,7.467366854349772,48,6.875476231177648,48,0.5918906231721243,48,0.45281761586164143,48,4.029973449256002,48,0.0,48,0.3807719453748533,48,12.05450730119199,48,0.48218029204767954,48,7.369373364882036,33,6.80061893752127,33,0.5687544273607659,33,0.4483394666398712,33,4.862874745159706,33,0.0,33,0.40980038450183154,33,13.945674784086961,33,0.5578269913634785,33,7.467366854349772,48,6.875476231177648,48,0.5918906231721243,48,0.45281761586164143,48,4.029973449256002,48,0.0,48,0.3807719453748533,48,12.05450730119199,48,0.48218029204767954,48,"{'converged': 48, 'not_applicable': 2}"
gradient,64,50,50,1.0,50,1.0,34,31,0.68,0.31999999999999995,0.7344696442339886,7.627957201004028,50,6.941204957962036,50,0.6867522430419922,50,0.42817919366062257,50,3.3740035834876574,50,0.0,50,0.2841031047811566,50,12.100748801350491,50,0.48402995205401966,50,7.627957201004028,50,6.941204957962036,50,0.6867522430419922,50,0.42817919366062257,50,3.3740035834876574,50,0.0,50,0.2841031047811566,50,12.100748801350491,50,0.48402995205401966,50,7.508781587376314,34,6.826827680363374,34,0.6819539070129395,34,0.41559552737365013,34,3.8605582062671164,34,0.0,34,0.2987171688671217,34,12.18011967898141,34,0.48720478715925636,34,7.627957201004028,50,6.941204957962036,50,0.6867522430419922,50,0.42817919366062257,50,3.3740035834876574,50,0.0,50,0.2841031047811566,50,12.100748801350491,50,0.48402995205401966,50,{'converged': 50}
gradient,65,50,48,0.96,48,0.96,28,26,0.56,0.41666666666666663,0.7317664764632381,7.698279972076416,50,6.963461275100708,50,0.734818696975708,50,0.4588893555711688,48,6.448984733170317,48,0.0,48,0.24639013673156338,48,13.09956553684922,48,0.5239826214739688,48,7.73298254609108,48,6.9815938373406725,48,0.7513887087504069,48,0.4588893555711688,48,6.448984733170317,48,0.0,48,0.24639013673156338,48,13.09956553684922,48,0.5239826214739688,48,7.624585713659014,28,6.958323989595685,28,0.6662617240633283,28,0.45538694652685013,28,9.00505509632809,28,0.0,28,0.25054421273959493,28,13.502288891155615,28,0.5400915556462247,28,7.73298254609108,48,6.9815938373406725,48,0.7513887087504069,48,0.4588893555711688,48,6.448984733170317,48,0.0,48,0.24639013673156338,48,13.09956553684922,48,0.5239826214739688,48,"{'converged': 48, 'not_applicable': 2}"
gradient,66,50,50,1.0,50,1.0,31,27,0.62,0.38,0.7477320043306128,7.520259275436401,50,6.80669093132019,50,0.713568344116211,50,0.4175129798084977,50,10.189945952555236,50,0.0,50,0.21450181298108997,50,13.321960022739674,50,0.5328784009095869,50,7.520259275436401,50,6.80669093132019,50,0.713568344116211,50,0.4175129798084977,50,10.189945952555236,50,0.0,50,0.21450181298108997,50,13.321960022739674,50,0.5328784009095869,50,7.327048532424435,31,6.671050487026092,31,0.6559980453983429,31,0.4264837867601412,31,14.547864103418533,31,0.0,31,0.22427316594247546,31,14.009515800943035,31,0.5603806320377214,31,7.520259275436401,50,6.80669093132019,50,0.713568344116211,50,0.4175129798084977,50,10.189945952555236,50,0.0,50,0.21450181298108997,50,13.321960022739674,50,0.5328784009095869,50,{'converged': 50}
gradient,67,50,49,0.98,49,0.98,32,26,0.64,0.34693877551020413,0.7298547751718212,7.658397207260132,50,6.892506446838379,50,0.765890760421753,50,0.4613205235112205,49,3.973192060001616,49,0.0,49,0.28943628292999507,49,12.32381273009593,49,0.4929525092038372,49,7.673999523629948,49,6.909843795153559,49,0.7641557284763881,49,0.4613205235112205,49,3.973192060001616,49,0.0,49,0.28943628292999507,49,12.32381273009593,49,0.4929525092038372,49,7.53981214761734,32,6.918364152312279,32,0.6214479953050613,32,0.4579762571773913,32,4.684044949070202,32,0.0,32,0.30200314954376095,32,14.405323278794967,32,0.5762129311517987,32,7.673999523629948,49,6.909843795153559,49,0.7641557284763881,49,0.4613205235112205,49,3.973192060001616,49,0.0,49,0.28943628292999507,49,12.32381273009593,49,0.4929525092038372,49,"{'converged': 49, 'not_applicable': 1}"
gradient,68,50,47,0.94,47,0.94,26,19,0.52,0.44680851063829785,0.6579990077339695,7.6228130912780765,50,6.875721445083618,50,0.747091646194458,50,0.414974220274411,47,3.1742910526638837,47,0.0,47,0.22225415782454333,47,13.130581162798286,47,0.5252232465119314,47,7.64276829171688,47,6.889156706789707,47,0.7536115849271734,47,0.414974220274411,47,3.1742910526638837,47,0.0,47,0.22225415782454333,47,13.130581162798286,47,0.5252232465119314,47,7.500159190251277,26,6.796417676485502,26,0.7037415137657752,26,0.3858300044237568,26,3.4832887900773306,26,0.0,26,0.2179477316968742,26,13.575871363148785,26,0.5430348545259513,26,7.64276829171688,47,6.889156706789707,47,0.7536115849271734,47,0.414974220274411,47,3.1742910526638837,47,0.0,47,0.22225415782454333,47,13.130581162798286,47,0.5252232465119314,47,"{'converged': 47, 'not_applicable': 3}"
gradient,69,50,46,0.92,45,0.9,37,31,0.74,0.19565217391304346,0.7247502771918393,7.490452766418457,50,6.881251287460327,50,0.6092014789581299,50,0.3893060251270237,46,16.932460881101775,46,0.0,46,0.2648632547201165,46,12.788599395181379,46,0.5115439758072551,46,7.5084709602853525,46,6.910021398378455,46,0.5984495619068975,46,0.3893060251270237,46,16.932460881101775,46,0.0,46,0.2648632547201165,46,12.788599395181379,46,0.5115439758072551,46,7.410045713991733,37,6.876311598597346,37,0.5337341153943861,37,0.37907005549340733,37,20.31217548377157,37,0.0,37,0.27209771979063285,37,12.450714579754788,37,0.4980285831901915,37,7.515813477834066,45,6.908463637034099,45,0.6073498407999675,45,0.3889313092113778,45,17.27723612058736,45,0.0,45,0.2647408620462325,45,12.722640425796058,45,0.5089056170318423,45,"{'converged': 46, 'not_applicable': 4}"
gradient,70,50,49,0.98,49,0.98,33,27,0.66,0.326530612244898,0.7470709564209497,7.596612863540649,50,6.812989692687989,50,0.7836231708526611,50,0.44449382255907016,49,9.565005717016362,49,0.0,49,0.34676347469927604,49,12.38975421012131,49,0.4955901684048524,49,7.594592853468292,49,6.810195222192881,49,0.7843976312754105,49,0.44449382255907016,49,9.565005717016362,49,0.0,49,0.34676347469927604,49,12.38975421012131,49,0.4955901684048524,49,7.433662457899614,33,6.758165113853686,33,0.675497344045928,33,0.445903822330683,33,12.745150532425962,33,0.0,33,0.3979552377820507,33,12.876766502515991,33,0.5150706601006396,33,7.594592853468292,49,6.810195222192881,49,0.7843976312754105,49,0.44449382255907016,49,9.565005717016362,49,0.0,49,0.34676347469927604,49,12.38975421012131,49,0.4955901684048524,49,"{'converged': 49, 'not_applicable': 1}"
gradient,71,50,47,0.94,46,0.92,20,16,0.4,0.574468085106383,0.7187419688106345,7.67040825843811,50,6.99751314163208,50,0.6728951168060303,50,0.4445453196230191,47,7.500592528969796,47,0.0,47,0.2306274948506472,47,12.699177716838676,47,0.507967108673547,47,7.693247024049151,47,7.015146691748437,47,0.6781003323007138,47,0.4445453196230191,47,7.500592528969796,47,0.0,47,0.2306274948506472,47,12.699177716838676,47,0.507967108673547,47,7.457803392410279,20,6.9249756813049315,20,0.5328277111053467,20,0.46173817055801863,20,12.760196173042221,20,0.0,20,0.24284842976915053,20,14.42151370790387,20,0.5768605483161549,20,7.698697991993116,46,7.004097140353659,46,0.6946008516394574,46,0.4391860958953707,46,7.645600912917289,46,0.0,46,0.22946066086745362,46,12.685977177760627,46,0.5074390871104251,46,"{'converged': 47, 'not_applicable': 3}"
gradient,72,50,49,0.98,49,0.98,30,24,0.6,0.3877551020408163,0.7153643522498478,7.528646240234375,50,6.879508686065674,50,0.6491375541687012,50,0.40571798143797183,49,3.6490612431463125,49,0.0,49,0.3018243333006836,49,12.66425371747269,49,0.5065701486989076,49,7.525538668340566,49,6.877656450076979,49,0.6478822182635872,49,0.40571798143797183,49,3.6490612431463125,49,0.0,49,0.3018243333006836,49,12.66425371747269,49,0.5065701486989076,49,7.353294452031453,30,6.79894658724467,30,0.5543478647867839,30,0.4008080452158211,30,4.353766898477358,30,0.0,30,0.32760358652541144,30,12.78040132338743,30,0.5112160529354972,30,7.525538668340566,49,6.877656450076979,49,0.6478822182635872,49,0.40571798143797183,49,3.6490612431463125,49,0.0,49,0.3018243333006836,49,12.66425371747269,49,0.5065701486989076,49,"{'converged': 49, 'not_applicable': 1}"
gradient,73,50,49,0.98,49,0.98,31,28,0.62,0.36734693877551017,0.7243051455102492,7.614487037658692,50,6.858557929992676,50,0.7559291076660156,50,0.4143936857758831,49,11.316426238227313,49,0.0,49,0.23901615229693074,49,12.683836630148726,49,0.507353465205949,49,7.607082765929553,49,6.853678372441506,49,0.7534043934880471,49,0.4143936857758831,49,11.316426238227313,49,0.0,49,0.23901615229693074,49,12.683836630148726,49,0.507353465205949,49,7.443652322215419,31,6.750377931902485,31,0.6932743903129331,31,0.40456740688401616,31,15.859489954983168,31,0.0,31,0.25372269637253825,31,13.782631729119672,31,0.5513052691647868,31,7.607082765929553,49,6.853678372441506,49,0.7534043934880471,49,0.4143936857758831,49,11.316426238227313,49,0.0,49,0.23901615229693074,49,12.683836630148726,49,0.507353465205949,49,"{'converged': 49, 'not_applicable': 1}"
gradient,74,50,48,0.96,47,0.94,36,29,0.72,0.25,0.7149111571755513,7.511465768814087,50,6.910959987640381,50,0.600505781173706,50,0.4023315455940386,48,12.21410888788615,48,0.0,48,0.23268452515541183,48,11.748533090625855,48,0.4699413236250342,48,7.50758217771848,48,6.916179726521174,48,0.5914024511973063,48,0.4023315455940386,48,12.21410888788615,48,0.0,48,0.23268452515541183,48,11.748533090625855,48,0.4699413236250342,48,7.44762561056349,36,6.822513103485107,36,0.6251125070783827,36,0.40852931550506333,36,15.598063778504045,36,0.0,36,0.24723967885749193,36,13.665105552658229,36,0.5466042221063292,36,7.505375486739139,47,6.9258766072861695,47,0.5794988794529692,47,0.4011576335861216,47,12.32585109546337,47,0.0,47,0.22437846138179401,47,11.654880103766828,47,0.4661952041506731,47,"{'converged': 48, 'not_applicable': 2}"
