parent_round,child_round,batch,subset,n,pic50_on_rescore_change_mean,pic50_on_rescore_paired_n,mmff_relief_per_heavy_change_mean,mmff_relief_per_heavy_paired_n,relax_rms_surround_A_change_mean,relax_rms_surround_A_paired_n
3,4,0,all_candidates,50,-0.0106328964233,50,-0.0702267718154,48,-0.0445673824574,48
3,4,0,both_valid_same_graph,37,0.010422023567,37,0.0139256556553,37,-0.0049482996615,37
3,4,0,both_valid_changed_graph,11,-0.0647502378984,11,-0.353284936944,11,-0.177831570044,11
3,4,1,all_candidates,50,-0.0219594955444,50,-0.0739393610183,49,-0.0227469437857,49
3,4,1,both_valid_same_graph,41,0.00587464541924,41,-0.000845890514719,41,-0.00242892995778,41
3,4,1,both_valid_changed_graph,8,-0.147155821323,8,-0.448543397349,8,-0.126876764654,8
3,5,0,all_candidates,50,0.00487201690674,50,-0.0801972248154,48,-0.0400313475877,48
3,5,0,both_valid_same_graph,37,0.0102736498858,37,0.0023665493833,37,-0.000261389857721,37
3,5,0,both_valid_changed_graph,11,0.00623477589,11,-0.357911738029,11,-0.173803023588,11
3,5,1,all_candidates,50,-0.0599593067169,50,-0.0456690246676,49,-0.0371719160195,49
3,5,1,both_valid_same_graph,39,0.00622674746391,39,-0.000871125967327,39,-0.00359925307884,39
3,5,1,both_valid_changed_graph,10,-0.307982635498,10,-0.220380829599,10,-0.168105301488,10
