arm,batch,score_time,state_time,reference_time,active,dose_reference,first_controlled_update,initial_update_dose,atom_step_cap_A,raw_gradient_l2_native_mean,post_projection_l2_native_mean,projection_retained_squared_fraction_mean,backtrack_factor_mean,max_actual_pair_distance_change_A_mean,dose_gate_mean,conditional_supported_fraction,unconditional_fallback_fraction,regional_attention_min_mean,regional_attention_max_mean,regional_core_fraction_mean,injection_noncore_fraction_mean,conditional_component_ESS_mean,background_support_gate_mean,contrast_amplitude_gate_mean,bounded_response_gate_mean,observed_native_rms_A,predictive_flow_rms_A,calibration_rms_A,injection_rms_A,requested_rms_A
unguided,0,0,0.00999999977648,0,False,predictive_flow,,native,,,,,,,,,,,,,,,,,,,,,0,
unguided,0,0.00999999977648,0.019999999553,0.00999999977648,False,predictive_flow,,native,,,,,,,,,,,,,,,,,,,,,0,
unguided,0,0.019999999553,0.0299999993294,0.019999999553,False,predictive_flow,,native,,,,,,,,,,,,,,,,,,,,,0,
unguided,0,0.0299999993294,0.0399999991059,0.0299999993294,False,predictive_flow,,native,,,,,,,,,,,,,,,,,,,,,0,
unguided,0,0.0399999991059,0.0499999970198,0.0399999991059,False,predictive_flow,,native,,,,,,,,,,,,,,,,,,,,,0,
unguided,0,0.0499999970198,0.0599999986589,0.0499999970198,False,predictive_flow,,native,,,,,,,,,,,,,,,,,,,,,0,
unguided,0,0.0599999986589,0.070000000298,0.0599999986589,False,predictive_flow,,native,,,,,,,,,,,,,,,,,,,,,0,
unguided,0,0.070000000298,0.0799999982119,0.070000000298,False,predictive_flow,,native,,,,,,,,,,,,,,,,,,,,,0,
unguided,0,0.0799999982119,0.0899999961257,0.0799999982119,False,predictive_flow,,native,,,,,,,,,,,,,,,,,,,,,0,
unguided,0,0.0899999961257,0.0999999940395,0.0899999961257,False,predictive_flow,,native,,,,,,,,,,,,,,,,,,,,,0,
unguided,0,0.0999999940395,0.109999999404,0.0999999940395,False,predictive_flow,,native,,,,,,,,,,,,,,,,,,,,,0,
unguided,0,0.109999999404,0.119999997318,0.109999999404,False,predictive_flow,,native,,,,,,,,,,,,,,,,,,,,,0,
unguided,0,0.119999997318,0.129999995232,0.119999997318,False,predictive_flow,,native,,,,,,,,,,,,,,,,,,,,,0,
unguided,0,0.129999995232,0.140000000596,0.129999995232,False,predictive_flow,,native,,,,,,,,,,,,,,,,,,,,,0,
unguided,0,0.140000000596,0.149999991059,0.140000000596,False,predictive_flow,,native,,,,,,,,,,,,,,,,,,,,,0,
unguided,0,0.149999991059,0.159999996424,0.149999991059,False,predictive_flow,,native,,,,,,,,,,,,,,,,,,,,,0,
unguided,0,0.159999996424,0.170000001788,0.159999996424,False,predictive_flow,,native,,,,,,,,,,,,,,,,,,,,,0,
unguided,0,0.170000001788,0.179999992251,0.170000001788,False,predictive_flow,,native,,,,,,,,,,,,,,,,,,,,,0,
unguided,0,0.179999992251,0.189999997616,0.179999992251,False,predictive_flow,,native,,,,,,,,,,,,,,,,,,,,,0,
unguided,0,0.189999997616,0.199999988079,0.189999997616,False,predictive_flow,,native,,,,,,,,,,,,,,,,,,,,,0,
unguided,0,0.199999988079,0.209999993443,0.199999988079,False,predictive_flow,,native,,,,,,,,,,,,,,,,,,,,,0,
unguided,0,0.209999993443,0.219999998808,0.209999993443,False,predictive_flow,,native,,,,,,,,,,,,,,,,,,,,,0,
unguided,0,0.219999998808,0.229999989271,0.219999998808,False,predictive_flow,,native,,,,,,,,,,,,,,,,,,,,,0,
unguided,0,0.229999989271,0.239999994636,0.229999989271,False,predictive_flow,,native,,,,,,,,,,,,,,,,,,,,,0,
unguided,0,0.239999994636,0.25,0.239999994636,False,predictive_flow,,native,,,,,,,,,,,,,,,,,,,,,0,
unguided,0,0.25,0.259999990463,0.25,False,predictive_flow,,native,,,,,,,,,,,,,,,,,,,,,0,
unguided,0,0.259999990463,0.269999980927,0.259999990463,False,predictive_flow,,native,,,,,,,,,,,,,,,,,,,,,0,
unguided,0,0.269999980927,0.280000001192,0.269999980927,False,predictive_flow,,native,,,,,,,,,,,,,,,,,,,,,0,
unguided,0,0.280000001192,0.289999991655,0.280000001192,False,predictive_flow,,native,,,,,,,,,,,,,,,,,,,,,0,
unguided,0,0.289999991655,0.299999982119,0.289999991655,False,predictive_flow,,native,,,,,,,,,,,,,,,,,,,,,0,
unguided,0,0.299999982119,0.310000002384,0.299999982119,False,predictive_flow,,native,,,,,,,,,,,,,,,,,,,,,0,
unguided,0,0.310000002384,0.319999992847,0.310000002384,False,predictive_flow,,native,,,,,,,,,,,,,,,,,,,,,0,
unguided,0,0.319999992847,0.329999983311,0.319999992847,False,predictive_flow,,native,,,,,,,,,,,,,,,,,,,,,0,
unguided,0,0.329999983311,0.340000003576,0.329999983311,False,predictive_flow,,native,,,,,,,,,,,,,,,,,,,,,0,
unguided,0,0.340000003576,0.34999999404,0.340000003576,False,predictive_flow,,native,,,,,,,,,,,,,,,,,,,,,0,
unguided,0,0.34999999404,0.359999984503,0.34999999404,False,predictive_flow,,native,,,,,,,,,,,,,,,,,,,,,0,
unguided,0,0.359999984503,0.370000004768,0.359999984503,False,predictive_flow,,native,,,,,,,,,,,,,,,,,,,,,0,
unguided,0,0.370000004768,0.379999995232,0.370000004768,False,predictive_flow,,native,,,,,,,,,,,,,,,,,,,,,0,
unguided,0,0.379999995232,0.389999985695,0.379999995232,False,predictive_flow,,native,,,,,,,,,,,,,,,,,,,,,0,
unguided,0,0.389999985695,0.399999976158,0.389999985695,False,predictive_flow,,native,,,,,,,,,,,,,,,,,,,,,0,
unguided,0,0.399999976158,0.409999996424,0.399999976158,False,predictive_flow,,native,,,,,,,,,,,,,,,,,,,,,0,
unguided,0,0.409999996424,0.419999986887,0.409999996424,False,predictive_flow,,native,,,,,,,,,,,,,,,,,,,,,0,
unguided,0,0.419999986887,0.42999997735,0.419999986887,False,predictive_flow,,native,,,,,,,,,,,,,,,,,,,,,0,
unguided,0,0.42999997735,0.439999997616,0.42999997735,False,predictive_flow,,native,,,,,,,,,,,,,,,,,,,,,0,
unguided,0,0.439999997616,0.449999988079,0.439999997616,False,predictive_flow,,native,,,,,,,,,,,,,,,,,,,,,0,
unguided,0,0.449999988079,0.459999978542,0.449999988079,False,predictive_flow,,native,,,,,,,,,,,,,,,,,,,,,0,
unguided,0,0.459999978542,0.469999998808,0.459999978542,False,predictive_flow,,native,,,,,,,,,,,,,,,,,,,,,0,
unguided,0,0.469999998808,0.479999989271,0.469999998808,False,predictive_flow,,native,,,,,,,,,,,,,,,,,,,,,0,
unguided,0,0.479999989271,0.489999979734,0.479999989271,False,predictive_flow,,native,,,,,,,,,,,,,,,,,,,,,0,
unguided,0,0.489999979734,0.5,0.489999979734,False,predictive_flow,,native,,,,,,,,,,,,,,,,,,,,,0,
unguided,0,0.5,0.509999990463,0.5,False,predictive_flow,,native,,,,,,,,,,,,,,,,,,,,,0,
unguided,0,0.509999990463,0.519999980927,0.509999990463,False,predictive_flow,,native,,,,,,,,,,,,,,,,,,,,,0,
unguided,0,0.519999980927,0.530000030994,0.519999980927,False,predictive_flow,,native,,,,,,,,,,,,,,,,,,,,,0,
unguided,0,0.530000030994,0.540000021458,0.530000030994,False,predictive_flow,,native,,,,,,,,,,,,,,,,,,,,,0,
unguided,0,0.540000021458,0.550000011921,0.540000021458,False,predictive_flow,,native,,,,,,,,,,,,,,,,,,,,,0,
unguided,0,0.550000011921,0.560000002384,0.550000011921,False,predictive_flow,,native,,,,,,,,,,,,,,,,,,,,,0,
unguided,0,0.560000002384,0.569999992847,0.560000002384,False,predictive_flow,,native,,,,,,,,,,,,,,,,,,,,,0,
unguided,0,0.569999992847,0.579999983311,0.569999992847,False,predictive_flow,,native,,,,,,,,,,,,,,,,,,,,,0,
unguided,0,0.579999983311,0.590000033379,0.579999983311,False,predictive_flow,,native,,,,,,,,,,,,,,,,,,,,,0,
unguided,0,0.590000033379,0.600000023842,0.590000033379,False,predictive_flow,,native,,,,,,,,,,,,,,,,,,,,,0,
unguided,0,0.600000023842,0.610000014305,0.600000023842,False,predictive_flow,,native,,,,,,,,,,,,,,,,,,,,,0,
unguided,0,0.610000014305,0.620000004768,0.610000014305,False,predictive_flow,,native,,,,,,,,,,,,,,,,,,,,,0,
unguided,0,0.620000004768,0.629999995232,0.620000004768,False,predictive_flow,,native,,,,,,,,,,,,,,,,,,,,,0,
unguided,0,0.629999995232,0.639999985695,0.629999995232,False,predictive_flow,,native,,,,,,,,,,,,,,,,,,,,,0,
unguided,0,0.639999985695,0.650000035763,0.639999985695,False,predictive_flow,,native,,,,,,,,,,,,,,,,,,,,,0,
unguided,0,0.650000035763,0.660000026226,0.650000035763,False,predictive_flow,,native,,,,,,,,,,,,,,,,,,,,,0,
unguided,0,0.660000026226,0.670000016689,0.660000026226,False,predictive_flow,,native,,,,,,,,,,,,,,,,,,,,,0,
unguided,0,0.670000016689,0.680000007153,0.670000016689,False,predictive_flow,,native,,,,,,,,,,,,,,,,,,,,,0,
unguided,0,0.680000007153,0.689999997616,0.680000007153,False,predictive_flow,,native,,,,,,,,,,,,,,,,,,,,,0,
unguided,0,0.689999997616,0.699999988079,0.689999997616,False,predictive_flow,,native,,,,,,,,,,,,,,,,,,,,,0,
unguided,0,0.699999988079,0.709999978542,0.699999988079,False,predictive_flow,,native,,,,,,,,,,,,,,,,,,,,,0,
unguided,0,0.709999978542,0.72000002861,0.709999978542,False,predictive_flow,,native,,,,,,,,,,,,,,,,,,,,,0,
unguided,0,0.72000002861,0.730000019073,0.72000002861,False,predictive_flow,,native,,,,,,,,,,,,,,,,,,,,,0,
unguided,0,0.730000019073,0.740000009537,0.730000019073,False,predictive_flow,,native,,,,,,,,,,,,,,,,,,,,,0,
unguided,0,0.740000009537,0.75,0.740000009537,False,predictive_flow,,native,,,,,,,,,,,,,,,,,,,,,0,
unguided,0,0.75,0.759999990463,0.75,False,predictive_flow,,native,,,,,,,,,,,,,,,,,,,,,0,
unguided,0,0.759999990463,0.769999980927,0.759999990463,False,predictive_flow,,native,,,,,,,,,,,,,,,,,,,,,0,
unguided,0,0.769999980927,0.780000030994,0.769999980927,False,predictive_flow,,native,,,,,,,,,,,,,,,,,,,,,0,
unguided,0,0.780000030994,0.790000021458,0.780000030994,False,predictive_flow,,native,,,,,,,,,,,,,,,,,,,,,0,
unguided,0,0.790000021458,0.800000011921,0.790000021458,False,predictive_flow,,native,,,,,,,,,,,,,,,,,,,,,0,
unguided,0,0.800000011921,0.810000002384,0.800000011921,False,predictive_flow,,native,,,,,,,,,,,,,,,,,,,,,0,
unguided,0,0.810000002384,0.819999992847,0.810000002384,False,predictive_flow,,native,,,,,,,,,,,,,,,,,,,,,0,
unguided,0,0.819999992847,0.829999983311,0.819999992847,False,predictive_flow,,native,,,,,,,,,,,,,,,,,,,,,0,
unguided,0,0.829999983311,0.840000033379,0.829999983311,False,predictive_flow,,native,,,,,,,,,,,,,,,,,,,,,0,
unguided,0,0.840000033379,0.850000023842,0.840000033379,False,predictive_flow,,native,,,,,,,,,,,,,,,,,,,,,0,
unguided,0,0.850000023842,0.860000014305,0.850000023842,False,predictive_flow,,native,,,,,,,,,,,,,,,,,,,,,0,
unguided,0,0.860000014305,0.870000004768,0.860000014305,False,predictive_flow,,native,,,,,,,,,,,,,,,,,,,,,0,
unguided,0,0.870000004768,0.879999995232,0.870000004768,False,predictive_flow,,native,,,,,,,,,,,,,,,,,,,,,0,
unguided,0,0.879999995232,0.889999985695,0.879999995232,False,predictive_flow,,native,,,,,,,,,,,,,,,,,,,,,0,
unguided,0,0.889999985695,0.899999976158,0.889999985695,False,predictive_flow,,native,,,,,,,,,,,,,,,,,,,,,0,
unguided,0,0.899999976158,0.910000026226,0.899999976158,False,predictive_flow,,native,,,,,,,,,,,,,,,,,,,,,0,
unguided,0,0.910000026226,0.920000016689,0.910000026226,False,predictive_flow,,native,,,,,,,,,,,,,,,,,,,,,0,
unguided,0,0.920000016689,0.930000007153,0.920000016689,False,predictive_flow,,native,,,,,,,,,,,,,,,,,,,,,0,
unguided,0,0.930000007153,0.939999997616,0.930000007153,False,predictive_flow,,native,,,,,,,,,,,,,,,,,,,,,0,
unguided,0,0.939999997616,0.949999988079,0.939999997616,False,predictive_flow,,native,,,,,,,,,,,,,,,,,,,,,0,
unguided,0,0.949999988079,0.959999978542,0.949999988079,False,predictive_flow,,native,,,,,,,,,,,,,,,,,,,,,0,
unguided,0,0.959999978542,0.97000002861,0.959999978542,False,predictive_flow,,native,,,,,,,,,,,,,,,,,,,,,0,
unguided,0,0.97000002861,0.980000019073,0.97000002861,False,predictive_flow,,native,,,,,,,,,,,,,,,,,,,,,0,
unguided,0,0.980000019073,0.990000009537,0.980000019073,False,predictive_flow,,native,,,,,,,,,,,,,,,,,,,,,0,
unguided,0,0.990000009537,1,0.990000009537,False,predictive_flow,,native,,,,,,,,,,,,,,,,,,,,,0,
unguided,1,0,0.00999999977648,0,False,predictive_flow,,native,,,,,,,,,,,,,,,,,,,,,0,
unguided,1,0.00999999977648,0.019999999553,0.00999999977648,False,predictive_flow,,native,,,,,,,,,,,,,,,,,,,,,0,
unguided,1,0.019999999553,0.0299999993294,0.019999999553,False,predictive_flow,,native,,,,,,,,,,,,,,,,,,,,,0,
unguided,1,0.0299999993294,0.0399999991059,0.0299999993294,False,predictive_flow,,native,,,,,,,,,,,,,,,,,,,,,0,
unguided,1,0.0399999991059,0.0499999970198,0.0399999991059,False,predictive_flow,,native,,,,,,,,,,,,,,,,,,,,,0,
unguided,1,0.0499999970198,0.0599999986589,0.0499999970198,False,predictive_flow,,native,,,,,,,,,,,,,,,,,,,,,0,
unguided,1,0.0599999986589,0.070000000298,0.0599999986589,False,predictive_flow,,native,,,,,,,,,,,,,,,,,,,,,0,
unguided,1,0.070000000298,0.0799999982119,0.070000000298,False,predictive_flow,,native,,,,,,,,,,,,,,,,,,,,,0,
unguided,1,0.0799999982119,0.0899999961257,0.0799999982119,False,predictive_flow,,native,,,,,,,,,,,,,,,,,,,,,0,
unguided,1,0.0899999961257,0.0999999940395,0.0899999961257,False,predictive_flow,,native,,,,,,,,,,,,,,,,,,,,,0,
unguided,1,0.0999999940395,0.109999999404,0.0999999940395,False,predictive_flow,,native,,,,,,,,,,,,,,,,,,,,,0,
unguided,1,0.109999999404,0.119999997318,0.109999999404,False,predictive_flow,,native,,,,,,,,,,,,,,,,,,,,,0,
unguided,1,0.119999997318,0.129999995232,0.119999997318,False,predictive_flow,,native,,,,,,,,,,,,,,,,,,,,,0,
unguided,1,0.129999995232,0.140000000596,0.129999995232,False,predictive_flow,,native,,,,,,,,,,,,,,,,,,,,,0,
unguided,1,0.140000000596,0.149999991059,0.140000000596,False,predictive_flow,,native,,,,,,,,,,,,,,,,,,,,,0,
unguided,1,0.149999991059,0.159999996424,0.149999991059,False,predictive_flow,,native,,,,,,,,,,,,,,,,,,,,,0,
unguided,1,0.159999996424,0.170000001788,0.159999996424,False,predictive_flow,,native,,,,,,,,,,,,,,,,,,,,,0,
unguided,1,0.170000001788,0.179999992251,0.170000001788,False,predictive_flow,,native,,,,,,,,,,,,,,,,,,,,,0,
unguided,1,0.179999992251,0.189999997616,0.179999992251,False,predictive_flow,,native,,,,,,,,,,,,,,,,,,,,,0,
unguided,1,0.189999997616,0.199999988079,0.189999997616,False,predictive_flow,,native,,,,,,,,,,,,,,,,,,,,,0,
unguided,1,0.199999988079,0.209999993443,0.199999988079,False,predictive_flow,,native,,,,,,,,,,,,,,,,,,,,,0,
unguided,1,0.209999993443,0.219999998808,0.209999993443,False,predictive_flow,,native,,,,,,,,,,,,,,,,,,,,,0,
unguided,1,0.219999998808,0.229999989271,0.219999998808,False,predictive_flow,,native,,,,,,,,,,,,,,,,,,,,,0,
unguided,1,0.229999989271,0.239999994636,0.229999989271,False,predictive_flow,,native,,,,,,,,,,,,,,,,,,,,,0,
unguided,1,0.239999994636,0.25,0.239999994636,False,predictive_flow,,native,,,,,,,,,,,,,,,,,,,,,0,
unguided,1,0.25,0.259999990463,0.25,False,predictive_flow,,native,,,,,,,,,,,,,,,,,,,,,0,
unguided,1,0.259999990463,0.269999980927,0.259999990463,False,predictive_flow,,native,,,,,,,,,,,,,,,,,,,,,0,
unguided,1,0.269999980927,0.280000001192,0.269999980927,False,predictive_flow,,native,,,,,,,,,,,,,,,,,,,,,0,
unguided,1,0.280000001192,0.289999991655,0.280000001192,False,predictive_flow,,native,,,,,,,,,,,,,,,,,,,,,0,
unguided,1,0.289999991655,0.299999982119,0.289999991655,False,predictive_flow,,native,,,,,,,,,,,,,,,,,,,,,0,
unguided,1,0.299999982119,0.310000002384,0.299999982119,False,predictive_flow,,native,,,,,,,,,,,,,,,,,,,,,0,
unguided,1,0.310000002384,0.319999992847,0.310000002384,False,predictive_flow,,native,,,,,,,,,,,,,,,,,,,,,0,
unguided,1,0.319999992847,0.329999983311,0.319999992847,False,predictive_flow,,native,,,,,,,,,,,,,,,,,,,,,0,
unguided,1,0.329999983311,0.340000003576,0.329999983311,False,predictive_flow,,native,,,,,,,,,,,,,,,,,,,,,0,
unguided,1,0.340000003576,0.34999999404,0.340000003576,False,predictive_flow,,native,,,,,,,,,,,,,,,,,,,,,0,
unguided,1,0.34999999404,0.359999984503,0.34999999404,False,predictive_flow,,native,,,,,,,,,,,,,,,,,,,,,0,
unguided,1,0.359999984503,0.370000004768,0.359999984503,False,predictive_flow,,native,,,,,,,,,,,,,,,,,,,,,0,
unguided,1,0.370000004768,0.379999995232,0.370000004768,False,predictive_flow,,native,,,,,,,,,,,,,,,,,,,,,0,
unguided,1,0.379999995232,0.389999985695,0.379999995232,False,predictive_flow,,native,,,,,,,,,,,,,,,,,,,,,0,
unguided,1,0.389999985695,0.399999976158,0.389999985695,False,predictive_flow,,native,,,,,,,,,,,,,,,,,,,,,0,
unguided,1,0.399999976158,0.409999996424,0.399999976158,False,predictive_flow,,native,,,,,,,,,,,,,,,,,,,,,0,
unguided,1,0.409999996424,0.419999986887,0.409999996424,False,predictive_flow,,native,,,,,,,,,,,,,,,,,,,,,0,
unguided,1,0.419999986887,0.42999997735,0.419999986887,False,predictive_flow,,native,,,,,,,,,,,,,,,,,,,,,0,
unguided,1,0.42999997735,0.439999997616,0.42999997735,False,predictive_flow,,native,,,,,,,,,,,,,,,,,,,,,0,
unguided,1,0.439999997616,0.449999988079,0.439999997616,False,predictive_flow,,native,,,,,,,,,,,,,,,,,,,,,0,
unguided,1,0.449999988079,0.459999978542,0.449999988079,False,predictive_flow,,native,,,,,,,,,,,,,,,,,,,,,0,
unguided,1,0.459999978542,0.469999998808,0.459999978542,False,predictive_flow,,native,,,,,,,,,,,,,,,,,,,,,0,
unguided,1,0.469999998808,0.479999989271,0.469999998808,False,predictive_flow,,native,,,,,,,,,,,,,,,,,,,,,0,
unguided,1,0.479999989271,0.489999979734,0.479999989271,False,predictive_flow,,native,,,,,,,,,,,,,,,,,,,,,0,
unguided,1,0.489999979734,0.5,0.489999979734,False,predictive_flow,,native,,,,,,,,,,,,,,,,,,,,,0,
unguided,1,0.5,0.509999990463,0.5,False,predictive_flow,,native,,,,,,,,,,,,,,,,,,,,,0,
unguided,1,0.509999990463,0.519999980927,0.509999990463,False,predictive_flow,,native,,,,,,,,,,,,,,,,,,,,,0,
unguided,1,0.519999980927,0.530000030994,0.519999980927,False,predictive_flow,,native,,,,,,,,,,,,,,,,,,,,,0,
unguided,1,0.530000030994,0.540000021458,0.530000030994,False,predictive_flow,,native,,,,,,,,,,,,,,,,,,,,,0,
unguided,1,0.540000021458,0.550000011921,0.540000021458,False,predictive_flow,,native,,,,,,,,,,,,,,,,,,,,,0,
unguided,1,0.550000011921,0.560000002384,0.550000011921,False,predictive_flow,,native,,,,,,,,,,,,,,,,,,,,,0,
unguided,1,0.560000002384,0.569999992847,0.560000002384,False,predictive_flow,,native,,,,,,,,,,,,,,,,,,,,,0,
unguided,1,0.569999992847,0.579999983311,0.569999992847,False,predictive_flow,,native,,,,,,,,,,,,,,,,,,,,,0,
unguided,1,0.579999983311,0.590000033379,0.579999983311,False,predictive_flow,,native,,,,,,,,,,,,,,,,,,,,,0,
unguided,1,0.590000033379,0.600000023842,0.590000033379,False,predictive_flow,,native,,,,,,,,,,,,,,,,,,,,,0,
unguided,1,0.600000023842,0.610000014305,0.600000023842,False,predictive_flow,,native,,,,,,,,,,,,,,,,,,,,,0,
unguided,1,0.610000014305,0.620000004768,0.610000014305,False,predictive_flow,,native,,,,,,,,,,,,,,,,,,,,,0,
unguided,1,0.620000004768,0.629999995232,0.620000004768,False,predictive_flow,,native,,,,,,,,,,,,,,,,,,,,,0,
unguided,1,0.629999995232,0.639999985695,0.629999995232,False,predictive_flow,,native,,,,,,,,,,,,,,,,,,,,,0,
unguided,1,0.639999985695,0.650000035763,0.639999985695,False,predictive_flow,,native,,,,,,,,,,,,,,,,,,,,,0,
unguided,1,0.650000035763,0.660000026226,0.650000035763,False,predictive_flow,,native,,,,,,,,,,,,,,,,,,,,,0,
unguided,1,0.660000026226,0.670000016689,0.660000026226,False,predictive_flow,,native,,,,,,,,,,,,,,,,,,,,,0,
unguided,1,0.670000016689,0.680000007153,0.670000016689,False,predictive_flow,,native,,,,,,,,,,,,,,,,,,,,,0,
unguided,1,0.680000007153,0.689999997616,0.680000007153,False,predictive_flow,,native,,,,,,,,,,,,,,,,,,,,,0,
unguided,1,0.689999997616,0.699999988079,0.689999997616,False,predictive_flow,,native,,,,,,,,,,,,,,,,,,,,,0,
unguided,1,0.699999988079,0.709999978542,0.699999988079,False,predictive_flow,,native,,,,,,,,,,,,,,,,,,,,,0,
unguided,1,0.709999978542,0.72000002861,0.709999978542,False,predictive_flow,,native,,,,,,,,,,,,,,,,,,,,,0,
unguided,1,0.72000002861,0.730000019073,0.72000002861,False,predictive_flow,,native,,,,,,,,,,,,,,,,,,,,,0,
unguided,1,0.730000019073,0.740000009537,0.730000019073,False,predictive_flow,,native,,,,,,,,,,,,,,,,,,,,,0,
unguided,1,0.740000009537,0.75,0.740000009537,False,predictive_flow,,native,,,,,,,,,,,,,,,,,,,,,0,
unguided,1,0.75,0.759999990463,0.75,False,predictive_flow,,native,,,,,,,,,,,,,,,,,,,,,0,
unguided,1,0.759999990463,0.769999980927,0.759999990463,False,predictive_flow,,native,,,,,,,,,,,,,,,,,,,,,0,
unguided,1,0.769999980927,0.780000030994,0.769999980927,False,predictive_flow,,native,,,,,,,,,,,,,,,,,,,,,0,
unguided,1,0.780000030994,0.790000021458,0.780000030994,False,predictive_flow,,native,,,,,,,,,,,,,,,,,,,,,0,
unguided,1,0.790000021458,0.800000011921,0.790000021458,False,predictive_flow,,native,,,,,,,,,,,,,,,,,,,,,0,
unguided,1,0.800000011921,0.810000002384,0.800000011921,False,predictive_flow,,native,,,,,,,,,,,,,,,,,,,,,0,
unguided,1,0.810000002384,0.819999992847,0.810000002384,False,predictive_flow,,native,,,,,,,,,,,,,,,,,,,,,0,
unguided,1,0.819999992847,0.829999983311,0.819999992847,False,predictive_flow,,native,,,,,,,,,,,,,,,,,,,,,0,
unguided,1,0.829999983311,0.840000033379,0.829999983311,False,predictive_flow,,native,,,,,,,,,,,,,,,,,,,,,0,
unguided,1,0.840000033379,0.850000023842,0.840000033379,False,predictive_flow,,native,,,,,,,,,,,,,,,,,,,,,0,
unguided,1,0.850000023842,0.860000014305,0.850000023842,False,predictive_flow,,native,,,,,,,,,,,,,,,,,,,,,0,
unguided,1,0.860000014305,0.870000004768,0.860000014305,False,predictive_flow,,native,,,,,,,,,,,,,,,,,,,,,0,
unguided,1,0.870000004768,0.879999995232,0.870000004768,False,predictive_flow,,native,,,,,,,,,,,,,,,,,,,,,0,
unguided,1,0.879999995232,0.889999985695,0.879999995232,False,predictive_flow,,native,,,,,,,,,,,,,,,,,,,,,0,
unguided,1,0.889999985695,0.899999976158,0.889999985695,False,predictive_flow,,native,,,,,,,,,,,,,,,,,,,,,0,
unguided,1,0.899999976158,0.910000026226,0.899999976158,False,predictive_flow,,native,,,,,,,,,,,,,,,,,,,,,0,
unguided,1,0.910000026226,0.920000016689,0.910000026226,False,predictive_flow,,native,,,,,,,,,,,,,,,,,,,,,0,
unguided,1,0.920000016689,0.930000007153,0.920000016689,False,predictive_flow,,native,,,,,,,,,,,,,,,,,,,,,0,
unguided,1,0.930000007153,0.939999997616,0.930000007153,False,predictive_flow,,native,,,,,,,,,,,,,,,,,,,,,0,
unguided,1,0.939999997616,0.949999988079,0.939999997616,False,predictive_flow,,native,,,,,,,,,,,,,,,,,,,,,0,
unguided,1,0.949999988079,0.959999978542,0.949999988079,False,predictive_flow,,native,,,,,,,,,,,,,,,,,,,,,0,
unguided,1,0.959999978542,0.97000002861,0.959999978542,False,predictive_flow,,native,,,,,,,,,,,,,,,,,,,,,0,
unguided,1,0.97000002861,0.980000019073,0.97000002861,False,predictive_flow,,native,,,,,,,,,,,,,,,,,,,,,0,
unguided,1,0.980000019073,0.990000009537,0.980000019073,False,predictive_flow,,native,,,,,,,,,,,,,,,,,,,,,0,
unguided,1,0.990000009537,1,0.990000009537,False,predictive_flow,,native,,,,,,,,,,,,,,,,,,,,,0,
gradient_zero,0,0,0.00999999977648,0,False,predictive_flow,True,native,0.15,0.0957546120137,0.0957546120137,1,1,0,1,1,,0.644468516111,0.996365755796,0.442399989367,0,,,,,1.68148140192,0.0363164623082,0.0363164623082,0,0
gradient_zero,0,0.00999999977648,0.019999999553,0.00999999977648,False,predictive_flow,False,native,0.15,0.0782615090162,0.0782615090162,1,1,0,1,1,,0.64495225668,1.00210592866,0.451999988556,0,,,,,0.10695800513,0.0435762499273,0.0435762499273,0,0
gradient_zero,0,0.019999999553,0.0299999993294,0.019999999553,False,predictive_flow,False,native,0.15,0.0881085347384,0.0881085347384,1,1,0,1,1,,0.639558651447,1.00307880282,0.435999987721,0,,,,,0.0847107310593,0.0438673519343,0.0438673519343,0,0
gradient_zero,0,0.0299999993294,0.0399999991059,0.0299999993294,False,predictive_flow,False,native,0.15,0.0918537727743,0.0918537727743,1,1,0,1,1,,0.634227510691,1.00309929252,0.425599986911,0,,,,,0.0749800587445,0.0441792716086,0.0441792716086,0,0
gradient_zero,0,0.0399999991059,0.0499999970198,0.0399999991059,False,predictive_flow,False,native,0.15,0.0886231092364,0.0886231092364,1,1,0,1,1,,0.63059581399,1.003358078,0.4151999861,0,,,,,0.069332870394,0.0444395267963,0.0444395267963,0,0
gradient_zero,0,0.0499999970198,0.0599999986589,0.0499999970198,False,predictive_flow,False,native,0.15,0.0847548662126,0.0847548662126,1,1,0,1,1,,0.62735299468,1.0036532104,0.40239998579,0,,,,,0.0665221401304,0.0446601907164,0.0446601907164,0,0
gradient_zero,0,0.0599999986589,0.070000000298,0.0599999986589,False,predictive_flow,False,native,0.15,0.0843720529228,0.0843720529228,1,1,0,1,1,,0.625440378189,1.00378289938,0.400799986124,0,,,,,0.0625876498967,0.0447664483637,0.0447664483637,0,0
gradient_zero,0,0.070000000298,0.0799999982119,0.070000000298,False,predictive_flow,False,native,0.15,0.0739186983556,0.0739186983556,1,1,0,1,1,,0.624546761513,1.00424108148,0.3975999856,0,,,,,0.0607540664077,0.0448674726486,0.0448674726486,0,0
gradient_zero,0,0.0799999982119,0.0899999961257,0.0799999982119,False,predictive_flow,False,native,0.15,0.0675650937855,0.0675650937855,1,1,0,1,1,,0.623421452045,1.00488016725,0.398399984837,0,,,,,0.0591909272224,0.0450152423233,0.0450152423233,0,0
gradient_zero,0,0.0899999961257,0.0999999940395,0.0899999961257,False,predictive_flow,False,native,0.15,0.0600845646858,0.0600845646858,1,1,0,1,1,,0.622364598513,1.0047441411,0.395999985337,0,,,,,0.0577300511301,0.0451673945785,0.0451673945785,0,0
gradient_zero,0,0.0999999940395,0.109999999404,0.0999999940395,False,predictive_flow,False,native,0.15,0.0566174469888,0.0566174469888,1,1,0,1,1,,0.620925966501,1.0045273757,0.394399983883,0,,,,,0.0575448096544,0.0451843463629,0.0451843463629,0,0
gradient_zero,0,0.109999999404,0.119999997318,0.109999999404,False,predictive_flow,False,native,0.15,0.0525893086381,0.0525893086381,1,1,0,1,1,,0.620174155235,1.00516326547,0.391999983191,0,,,,,0.0559556297958,0.0451314288378,0.0451314288378,0,0
gradient_zero,0,0.119999997318,0.129999995232,0.119999997318,False,predictive_flow,False,native,0.15,0.0468294285983,0.0468294285983,1,1,0,1,1,,0.620320447683,1.00600810051,0.39359998405,0,,,,,0.0549930954725,0.0450891530514,0.0450891530514,0,0
gradient_zero,0,0.129999995232,0.140000000596,0.129999995232,False,predictive_flow,False,native,0.15,0.0444107147679,0.0444107147679,1,1,0,1,1,,0.620246702433,1.00730953217,0.394399984479,0,,,,,0.0542090517282,0.0450350897759,0.0450350897759,0,0
gradient_zero,0,0.140000000596,0.149999991059,0.140000000596,False,predictive_flow,False,native,0.15,0.042920840662,0.042920840662,1,1,0,1,1,,0.619566127062,1.00820033073,0.395199983716,0,,,,,0.0541061457992,0.044926071167,0.044926071167,0,0
gradient_zero,0,0.149999991059,0.159999996424,0.149999991059,False,predictive_flow,False,native,0.15,0.0367952653486,0.0367952653486,1,1,0,1,1,,0.618390218019,1.0082192862,0.390399982929,0,,,,,0.0521795923263,0.0447639485449,0.0447639485449,0,0
gradient_zero,0,0.159999996424,0.170000001788,0.159999996424,False,predictive_flow,False,native,0.15,0.0332541175,0.0332541175,1,1,0,1,1,,0.618282346725,1.00849713922,0.391999984384,0,,,,,0.0524845386297,0.0446987886727,0.0446987886727,0,0
gradient_zero,0,0.170000001788,0.179999992251,0.170000001788,False,predictive_flow,False,native,0.15,0.0326666107029,0.0326666107029,1,1,0,1,1,,0.618491396904,1.0091027081,0.391199983954,0,,,,,0.0522034255415,0.0446871285141,0.0446871285141,0,0
gradient_zero,0,0.179999992251,0.189999997616,0.179999992251,False,predictive_flow,False,native,0.15,0.0305763007235,0.0305763007235,1,1,0,1,1,,0.618064252138,1.00956941009,0.392799983621,0,,,,,0.0518878160417,0.0446960387379,0.0446960387379,0,0
gradient_zero,0,0.189999997616,0.199999988079,0.189999997616,False,predictive_flow,False,native,0.15,0.0371680433117,0.0371680433117,1,1,0,1,1,,0.616874127388,1.00987787485,0.395999984741,0,,,,,0.0517908336967,0.044716899097,0.044716899097,0,0
gradient_zero,0,0.199999988079,0.209999993443,0.199999988079,False,predictive_flow,False,native,0.15,0.0294971390394,0.0294971390394,1,1,0,1,1,,0.616405459642,1.01117155075,0.403199983835,0,,,,,0.0516862986237,0.0447353775799,0.0447353775799,0,0
gradient_zero,0,0.209999993443,0.219999998808,0.209999993443,False,predictive_flow,False,native,0.15,0.0262971261516,0.0262971261516,1,1,0,1,1,,0.615563443899,1.0127037859,0.396799984574,0,,,,,0.0511006808281,0.0447547969222,0.0447547969222,0,0
gradient_zero,0,0.219999998808,0.229999989271,0.219999998808,False,predictive_flow,False,native,0.15,0.0231824395061,0.0231824395061,1,1,0,1,1,,0.613647047281,1.01360073686,0.399999984503,0,,,,,0.0507655087858,0.0447614704072,0.0447614704072,0,0
gradient_zero,0,0.229999989271,0.239999994636,0.229999989271,False,predictive_flow,False,native,0.15,0.0311585119925,0.0311585119925,1,1,0,1,1,,0.612142791748,1.01420216084,0.396799984276,0,,,,,0.050764624849,0.0447318499535,0.0447318499535,0,0
gradient_zero,0,0.239999994636,0.25,0.239999994636,False,predictive_flow,False,native,0.15,0.0290747483913,0.0290747483913,1,1,0,1,1,,0.611397953033,1.01518493652,0.398399983346,0,,,,,0.0506460667402,0.0447248761356,0.0447248761356,0,0
gradient_zero,0,0.25,0.259999990463,0.25,False,predictive_flow,False,native,0.15,0.0272166542197,0.0272166542197,1,1,0,1,1,,0.610187414885,1.01613451362,0.399999984205,0,,,,,0.0501587687433,0.0446713982522,0.0446713982522,0,0
gradient_zero,0,0.259999990463,0.269999980927,0.259999990463,False,predictive_flow,False,native,0.15,0.0235122923879,0.0235122923879,1,1,0,1,1,,0.609647516012,1.01617680788,0.399999985993,0,,,,,0.0507802319527,0.0446548367292,0.0446548367292,0,0
gradient_zero,0,0.269999980927,0.280000001192,0.269999980927,False,predictive_flow,False,native,0.15,0.0210117738741,0.0210117738741,1,1,0,1,1,,0.609892472029,1.01619203687,0.396799985468,0,,,,,0.0498871549964,0.0446638801694,0.0446638801694,0,0
gradient_zero,0,0.280000001192,0.289999991655,0.280000001192,False,predictive_flow,False,native,0.15,0.0191639608564,0.0191639608564,1,1,0,1,1,,0.610089349747,1.01745776534,0.404799984992,0,,,,,0.0499958091974,0.0447064102441,0.0447064102441,0,0
gradient_zero,0,0.289999991655,0.299999982119,0.289999991655,False,predictive_flow,False,native,0.15,0.025468108342,0.025468108342,1,1,0,1,1,,0.610207942724,1.0174569726,0.403999983966,0,,,,,0.0498950120807,0.0446924386173,0.0446924386173,0,0
gradient_zero,0,0.299999982119,0.310000002384,0.299999982119,False,predictive_flow,False,native,0.15,0.0269052211312,0.0269052211312,1,1,0,1,1,,0.610306689739,1.0167454648,0.402399983108,0,,,,,0.0497627192736,0.0447175185382,0.0447175185382,0,0
gradient_zero,0,0.310000002384,0.319999992847,0.310000002384,False,predictive_flow,False,native,0.15,0.0217448609555,0.0217448609555,1,1,0,1,1,,0.610303030014,1.01607260466,0.403999984562,0,,,,,0.0498306526244,0.04472320728,0.04472320728,0,0
gradient_zero,0,0.319999992847,0.329999983311,0.319999992847,False,predictive_flow,False,native,0.15,0.0198027722049,0.0198027722049,1,1,0,1,1,,0.6101684618,1.01557378173,0.403999985158,0,,,,,0.0489335381985,0.0446882687509,0.0446882687509,0,0
gradient_zero,0,0.329999983311,0.340000003576,0.329999983311,False,predictive_flow,False,native,0.15,0.0193650165666,0.0193650165666,1,1,0,1,1,,0.610229110718,1.01551290631,0.403199985325,0,,,,,0.0495134788007,0.0447162570804,0.0447162570804,0,0
gradient_zero,0,0.340000003576,0.34999999404,0.340000003576,False,predictive_flow,False,native,0.15,0.0173150086869,0.0173150086869,1,1,0,1,1,,0.610208035707,1.01547390103,0.402399984896,0,,,,,0.0494079765677,0.0447600396723,0.0447600396723,0,0
gradient_zero,0,0.34999999404,0.359999984503,0.34999999404,False,predictive_flow,False,native,0.15,0.0154489744641,0.0154489744641,1,1,0,1,1,,0.610193792582,1.01568973899,0.403999985754,0,,,,,0.0490529087186,0.0447361300141,0.0447361300141,0,0
gradient_zero,0,0.359999984503,0.370000004768,0.359999984503,False,predictive_flow,False,native,0.15,0.0177944198821,0.0177944198821,1,1,0,1,1,,0.610726958513,1.01589373231,0.404799985588,0,,,,,0.0495956464112,0.0447894635797,0.0447894635797,0,0
gradient_zero,0,0.370000004768,0.379999995232,0.370000004768,False,predictive_flow,False,native,0.15,0.0166270502948,0.0166270502948,1,1,0,1,1,,0.610581892729,1.01555895567,0.403999984562,0,,,,,0.0489067213237,0.0447710762918,0.0447710762918,0,0
gradient_zero,0,0.379999995232,0.389999985695,0.379999995232,False,predictive_flow,False,native,0.15,0.0194764781813,0.0194764781813,1,1,0,1,1,,0.610607020855,1.01517819881,0.401599985063,0,,,,,0.0491527225822,0.0447503837943,0.0447503837943,0,0
gradient_zero,0,0.389999985695,0.399999976158,0.389999985695,False,predictive_flow,False,native,0.15,0.0168782329699,0.0168782329699,1,1,0,1,1,,0.610391045809,1.01457417607,0.402399985492,0,,,,,0.0489885888994,0.0447422526777,0.0447422526777,0,0
gradient_zero,0,0.399999976158,0.409999996424,0.399999976158,False,predictive_flow,False,native,0.15,0.0178555672325,0.0178555672325,1,1,0,1,1,,0.610044482946,1.01398470998,0.401599985063,0,,,,,0.0494037914276,0.044706954658,0.044706954658,0,0
gradient_zero,0,0.409999996424,0.419999986887,0.409999996424,False,predictive_flow,False,native,0.15,0.0138200946699,0.0138200946699,1,1,0,1,1,,0.610695325136,1.01439951897,0.402399984896,0,,,,,0.0484493847191,0.0447273323685,0.0447273323685,0,0
gradient_zero,0,0.419999986887,0.42999997735,0.419999986887,False,predictive_flow,False,native,0.15,0.0131229470461,0.0131229470461,1,1,0,1,1,,0.610263308287,1.01429551959,0.403199985325,0,,,,,0.0482732479274,0.0445953425765,0.0445953425765,0,0
gradient_zero,0,0.42999997735,0.439999997616,0.42999997735,False,predictive_flow,False,native,0.15,0.0125118292868,0.0125118292868,1,1,0,1,1,,0.609939339161,1.0141412735,0.403999985158,0,,,,,0.0478654924035,0.0445453551412,0.0445453551412,0,0
gradient_zero,0,0.439999997616,0.449999988079,0.439999997616,False,predictive_flow,False,native,0.15,0.0103351703403,0.0103351703403,1,1,0,1,1,,0.610420354605,1.01465209365,0.407199984491,0,,,,,0.0477114164829,0.0445885439962,0.0445885439962,0,0
gradient_zero,0,0.449999988079,0.459999978542,0.449999988079,False,predictive_flow,False,native,0.15,0.0113966403087,0.0113966403087,1,1,0,1,1,,0.610914120674,1.01490881205,0.411199984252,0,,,,,0.0483323769271,0.0446274516732,0.0446274516732,0,0
gradient_zero,0,0.459999978542,0.469999998808,0.459999978542,False,predictive_flow,False,native,0.15,0.0123535283632,0.0123535283632,1,1,0,1,1,,0.610408471823,1.0141962707,0.410399985015,0,,,,,0.0478462480009,0.0446005534381,0.0446005534381,0,0
gradient_zero,0,0.469999998808,0.479999989271,0.469999998808,False,predictive_flow,False,native,0.15,0.0110659160139,0.0110659160139,1,1,0,1,1,,0.610428032875,1.01382952929,0.409599984586,0,,,,,0.0485073698312,0.04468771182,0.04468771182,0,0
gradient_zero,0,0.479999989271,0.489999979734,0.479999989271,False,predictive_flow,False,native,0.15,0.0124944414664,0.0124944414664,1,1,0,1,1,,0.610389558077,1.01342063785,0.40799998492,0,,,,,0.0477251257747,0.0447423937917,0.0447423937917,0,0
gradient_zero,0,0.489999979734,0.5,0.489999979734,False,predictive_flow,False,native,0.15,0.0107960086293,0.0107960086293,1,1,0,1,1,,0.610248199701,1.01282565117,0.407999985516,0,,,,,0.0482690313458,0.0448028685898,0.0448028685898,0,0
gradient_zero,0,0.5,0.509999990463,0.5,False,predictive_flow,,native,,,,,,,,,,,,,,,,,,,,,0,
gradient_zero,0,0.509999990463,0.519999980927,0.509999990463,False,predictive_flow,,native,,,,,,,,,,,,,,,,,,,,,0,
gradient_zero,0,0.519999980927,0.530000030994,0.519999980927,False,predictive_flow,,native,,,,,,,,,,,,,,,,,,,,,0,
gradient_zero,0,0.530000030994,0.540000021458,0.530000030994,False,predictive_flow,,native,,,,,,,,,,,,,,,,,,,,,0,
gradient_zero,0,0.540000021458,0.550000011921,0.540000021458,False,predictive_flow,,native,,,,,,,,,,,,,,,,,,,,,0,
gradient_zero,0,0.550000011921,0.560000002384,0.550000011921,False,predictive_flow,,native,,,,,,,,,,,,,,,,,,,,,0,
gradient_zero,0,0.560000002384,0.569999992847,0.560000002384,False,predictive_flow,,native,,,,,,,,,,,,,,,,,,,,,0,
gradient_zero,0,0.569999992847,0.579999983311,0.569999992847,False,predictive_flow,,native,,,,,,,,,,,,,,,,,,,,,0,
gradient_zero,0,0.579999983311,0.590000033379,0.579999983311,False,predictive_flow,,native,,,,,,,,,,,,,,,,,,,,,0,
gradient_zero,0,0.590000033379,0.600000023842,0.590000033379,False,predictive_flow,,native,,,,,,,,,,,,,,,,,,,,,0,
gradient_zero,0,0.600000023842,0.610000014305,0.600000023842,False,predictive_flow,,native,,,,,,,,,,,,,,,,,,,,,0,
gradient_zero,0,0.610000014305,0.620000004768,0.610000014305,False,predictive_flow,,native,,,,,,,,,,,,,,,,,,,,,0,
gradient_zero,0,0.620000004768,0.629999995232,0.620000004768,False,predictive_flow,,native,,,,,,,,,,,,,,,,,,,,,0,
gradient_zero,0,0.629999995232,0.639999985695,0.629999995232,False,predictive_flow,,native,,,,,,,,,,,,,,,,,,,,,0,
gradient_zero,0,0.639999985695,0.650000035763,0.639999985695,False,predictive_flow,,native,,,,,,,,,,,,,,,,,,,,,0,
gradient_zero,0,0.650000035763,0.660000026226,0.650000035763,False,predictive_flow,,native,,,,,,,,,,,,,,,,,,,,,0,
gradient_zero,0,0.660000026226,0.670000016689,0.660000026226,False,predictive_flow,,native,,,,,,,,,,,,,,,,,,,,,0,
gradient_zero,0,0.670000016689,0.680000007153,0.670000016689,False,predictive_flow,,native,,,,,,,,,,,,,,,,,,,,,0,
gradient_zero,0,0.680000007153,0.689999997616,0.680000007153,False,predictive_flow,,native,,,,,,,,,,,,,,,,,,,,,0,
gradient_zero,0,0.689999997616,0.699999988079,0.689999997616,False,predictive_flow,,native,,,,,,,,,,,,,,,,,,,,,0,
gradient_zero,0,0.699999988079,0.709999978542,0.699999988079,False,predictive_flow,,native,,,,,,,,,,,,,,,,,,,,,0,
gradient_zero,0,0.709999978542,0.72000002861,0.709999978542,False,predictive_flow,,native,,,,,,,,,,,,,,,,,,,,,0,
gradient_zero,0,0.72000002861,0.730000019073,0.72000002861,False,predictive_flow,,native,,,,,,,,,,,,,,,,,,,,,0,
gradient_zero,0,0.730000019073,0.740000009537,0.730000019073,False,predictive_flow,,native,,,,,,,,,,,,,,,,,,,,,0,
gradient_zero,0,0.740000009537,0.75,0.740000009537,False,predictive_flow,,native,,,,,,,,,,,,,,,,,,,,,0,
gradient_zero,0,0.75,0.759999990463,0.75,False,predictive_flow,,native,,,,,,,,,,,,,,,,,,,,,0,
gradient_zero,0,0.759999990463,0.769999980927,0.759999990463,False,predictive_flow,,native,,,,,,,,,,,,,,,,,,,,,0,
gradient_zero,0,0.769999980927,0.780000030994,0.769999980927,False,predictive_flow,,native,,,,,,,,,,,,,,,,,,,,,0,
gradient_zero,0,0.780000030994,0.790000021458,0.780000030994,False,predictive_flow,,native,,,,,,,,,,,,,,,,,,,,,0,
gradient_zero,0,0.790000021458,0.800000011921,0.790000021458,False,predictive_flow,,native,,,,,,,,,,,,,,,,,,,,,0,
gradient_zero,0,0.800000011921,0.810000002384,0.800000011921,False,predictive_flow,,native,,,,,,,,,,,,,,,,,,,,,0,
gradient_zero,0,0.810000002384,0.819999992847,0.810000002384,False,predictive_flow,,native,,,,,,,,,,,,,,,,,,,,,0,
gradient_zero,0,0.819999992847,0.829999983311,0.819999992847,False,predictive_flow,,native,,,,,,,,,,,,,,,,,,,,,0,
gradient_zero,0,0.829999983311,0.840000033379,0.829999983311,False,predictive_flow,,native,,,,,,,,,,,,,,,,,,,,,0,
gradient_zero,0,0.840000033379,0.850000023842,0.840000033379,False,predictive_flow,,native,,,,,,,,,,,,,,,,,,,,,0,
gradient_zero,0,0.850000023842,0.860000014305,0.850000023842,False,predictive_flow,,native,,,,,,,,,,,,,,,,,,,,,0,
gradient_zero,0,0.860000014305,0.870000004768,0.860000014305,False,predictive_flow,,native,,,,,,,,,,,,,,,,,,,,,0,
gradient_zero,0,0.870000004768,0.879999995232,0.870000004768,False,predictive_flow,,native,,,,,,,,,,,,,,,,,,,,,0,
gradient_zero,0,0.879999995232,0.889999985695,0.879999995232,False,predictive_flow,,native,,,,,,,,,,,,,,,,,,,,,0,
gradient_zero,0,0.889999985695,0.899999976158,0.889999985695,False,predictive_flow,,native,,,,,,,,,,,,,,,,,,,,,0,
gradient_zero,0,0.899999976158,0.910000026226,0.899999976158,False,predictive_flow,,native,,,,,,,,,,,,,,,,,,,,,0,
gradient_zero,0,0.910000026226,0.920000016689,0.910000026226,False,predictive_flow,,native,,,,,,,,,,,,,,,,,,,,,0,
gradient_zero,0,0.920000016689,0.930000007153,0.920000016689,False,predictive_flow,,native,,,,,,,,,,,,,,,,,,,,,0,
gradient_zero,0,0.930000007153,0.939999997616,0.930000007153,False,predictive_flow,,native,,,,,,,,,,,,,,,,,,,,,0,
gradient_zero,0,0.939999997616,0.949999988079,0.939999997616,False,predictive_flow,,native,,,,,,,,,,,,,,,,,,,,,0,
gradient_zero,0,0.949999988079,0.959999978542,0.949999988079,False,predictive_flow,,native,,,,,,,,,,,,,,,,,,,,,0,
gradient_zero,0,0.959999978542,0.97000002861,0.959999978542,False,predictive_flow,,native,,,,,,,,,,,,,,,,,,,,,0,
gradient_zero,0,0.97000002861,0.980000019073,0.97000002861,False,predictive_flow,,native,,,,,,,,,,,,,,,,,,,,,0,
gradient_zero,0,0.980000019073,0.990000009537,0.980000019073,False,predictive_flow,,native,,,,,,,,,,,,,,,,,,,,,0,
gradient_zero,0,0.990000009537,1,0.990000009537,False,predictive_flow,,native,,,,,,,,,,,,,,,,,,,,,0,
gradient_zero,1,0,0.00999999977648,0,False,predictive_flow,True,native,0.15,0.0869520232454,0.0869520232454,1,1,0,1,1,,0.643033499718,0.998481454849,0.438399989605,0,,,,,1.64367045164,0.0364519371092,0.0364519371092,0,0
gradient_zero,1,0.00999999977648,0.019999999553,0.00999999977648,False,predictive_flow,False,native,0.15,0.0753577760607,0.0753577760607,1,1,0,1,1,,0.646272267103,1.00367707372,0.452799989581,0,,,,,0.106987862289,0.0434394163638,0.0434394163638,0,0
gradient_zero,1,0.019999999553,0.0299999993294,0.019999999553,False,predictive_flow,False,native,0.15,0.0869860517234,0.0869860517234,1,1,0,1,1,,0.641028137207,1.00540142179,0.442399989367,0,,,,,0.0838203795254,0.0437036724389,0.0437036724389,0,0
gradient_zero,1,0.0299999993294,0.0399999991059,0.0299999993294,False,predictive_flow,False,native,0.15,0.0922327663749,0.0922327663749,1,1,0,1,1,,0.635449923277,1.00469314575,0.428799988031,0,,,,,0.0741290141642,0.0440493077785,0.0440493077785,0,0
gradient_zero,1,0.0399999991059,0.0499999970198,0.0399999991059,False,predictive_flow,False,native,0.15,0.0891655965149,0.0891655965149,1,1,0,1,1,,0.631531330347,1.00456506133,0.423199986815,0,,,,,0.069437918663,0.0443563081324,0.0443563081324,0,0
gradient_zero,1,0.0499999970198,0.0599999986589,0.0499999970198,False,predictive_flow,False,native,0.15,0.0900540966541,0.0900540966541,1,1,0,1,1,,0.628127092123,1.00418830037,0.417599986196,0,,,,,0.0642563476413,0.0446089860052,0.0446089860052,0,0
gradient_zero,1,0.0599999986589,0.070000000298,0.0599999986589,False,predictive_flow,False,native,0.15,0.0857521600276,0.0857521600276,1,1,0,1,1,,0.625344265699,1.00363170385,0.414399984479,0,,,,,0.0627523134649,0.0447272852063,0.0447272852063,0,0
gradient_zero,1,0.070000000298,0.0799999982119,0.070000000298,False,predictive_flow,False,native,0.15,0.0753752620518,0.0753752620518,1,1,0,1,1,,0.623987212181,1.00394308805,0.408799986243,0,,,,,0.0605746278167,0.0448452094942,0.0448452094942,0,0
gradient_zero,1,0.0799999982119,0.0899999961257,0.0799999982119,False,predictive_flow,False,native,0.15,0.0726262313873,0.0726262313873,1,1,0,1,1,,0.62328407526,1.00478496313,0.400799984336,0,,,,,0.0591361407191,0.0449976356328,0.0449976356328,0,0
gradient_zero,1,0.0899999961257,0.0999999940395,0.0899999961257,False,predictive_flow,False,native,0.15,0.0613160163909,0.0613160163909,1,1,0,1,1,,0.622684195042,1.00491019964,0.396799984574,0,,,,,0.0585455785692,0.0451532848924,0.0451532848924,0,0
gradient_zero,1,0.0999999940395,0.109999999404,0.0999999940395,False,predictive_flow,False,native,0.15,0.0620799429342,0.0620799429342,1,1,0,1,1,,0.621712238789,1.00437918544,0.39119998455,0,,,,,0.0567894007266,0.0451396749169,0.0451396749169,0,0
gradient_zero,1,0.109999999404,0.119999997318,0.109999999404,False,predictive_flow,False,native,0.15,0.0535855318978,0.0535855318978,1,1,0,1,1,,0.620896369219,1.00393095136,0.393599983454,0,,,,,0.0565471883118,0.0450904005021,0.0450904005021,0,0
gradient_zero,1,0.119999997318,0.129999995232,0.119999997318,False,predictive_flow,False,native,0.15,0.0497712852061,0.0497712852061,1,1,0,1,1,,0.620954083204,1.00452379704,0.396799984574,0,,,,,0.0557063078135,0.0450566156209,0.0450566156209,0,0
gradient_zero,1,0.129999995232,0.140000000596,0.129999995232,False,predictive_flow,False,native,0.15,0.044482893534,0.044482893534,1,1,0,1,1,,0.621124821901,1.00463230968,0.395199984908,0,,,,,0.0535647255182,0.0450138985366,0.0450138985366,0,0
gradient_zero,1,0.140000000596,0.149999991059,0.140000000596,False,predictive_flow,False,native,0.15,0.0437787117623,0.0437787117623,1,1,0,1,1,,0.619953722954,1.00431549311,0.396799982786,0,,,,,0.0533275059611,0.0449699238688,0.0449699238688,0,0
gradient_zero,1,0.149999991059,0.159999996424,0.149999991059,False,predictive_flow,False,native,0.15,0.0383585751802,0.0383585751802,1,1,0,1,1,,0.618751212358,1.0045721817,0.394399982691,0,,,,,0.0535854353011,0.0448604560643,0.0448604560643,0,0
gradient_zero,1,0.159999996424,0.170000001788,0.159999996424,False,predictive_flow,False,native,0.15,0.0343341030832,0.0343341030832,1,1,0,1,1,,0.618427299261,1.00603231788,0.393599982858,0,,,,,0.0535598088056,0.0447842439264,0.0447842439264,0,0
gradient_zero,1,0.170000001788,0.179999992251,0.170000001788,False,predictive_flow,False,native,0.15,0.0375085536297,0.0375085536297,1,1,0,1,1,,0.618555347919,1.00719740033,0.394399983883,0,,,,,0.0527377038449,0.0447577840835,0.0447577840835,0,0
gradient_zero,1,0.179999992251,0.189999997616,0.179999992251,False,predictive_flow,False,native,0.15,0.0288809129503,0.0288809129503,1,1,0,1,1,,0.617985409498,1.00848220348,0.39919998467,0,,,,,0.0516358793527,0.0447712046653,0.0447712046653,0,0
gradient_zero,1,0.189999997616,0.199999988079,0.189999997616,False,predictive_flow,False,native,0.15,0.0324304923043,0.0324304923043,1,1,0,1,1,,0.617848645449,1.00941179752,0.393599982858,0,,,,,0.0514670144022,0.0447704543173,0.0447704543173,0,0
gradient_zero,1,0.199999988079,0.209999993443,0.199999988079,False,predictive_flow,False,native,0.15,0.0263578608586,0.0263578608586,1,1,0,1,1,,0.617980670929,1.0112356019,0.395999984741,0,,,,,0.0520859178901,0.0447837987542,0.0447837987542,0,0
gradient_zero,1,0.209999993443,0.219999998808,0.209999993443,False,predictive_flow,False,native,0.15,0.0262795047369,0.0262795047369,1,1,0,1,1,,0.61701281786,1.01278345466,0.393599985242,0,,,,,0.0509476734698,0.0447284920514,0.0447284920514,0,0
gradient_zero,1,0.219999998808,0.229999989271,0.219999998808,False,predictive_flow,False,native,0.15,0.0257715317048,0.0257715317048,1,1,0,1,1,,0.615482213497,1.01367789745,0.392799985409,0,,,,,0.0511044525355,0.0446698517352,0.0446698517352,0,0
gradient_zero,1,0.229999989271,0.239999994636,0.229999989271,False,predictive_flow,False,native,0.15,0.0255490253819,0.0255490253819,1,1,0,1,1,,0.614155131578,1.01453663945,0.391999985576,0,,,,,0.050797360912,0.0446202397346,0.0446202397346,0,0
gradient_zero,1,0.239999994636,0.25,0.239999994636,False,predictive_flow,False,native,0.15,0.0247867500689,0.0247867500689,1,1,0,1,1,,0.613925302029,1.01573367238,0.39119998455,0,,,,,0.0507080410421,0.0446071915329,0.0446071915329,0,0
gradient_zero,1,0.25,0.259999990463,0.25,False,predictive_flow,False,native,0.15,0.0235105233919,0.0235105233919,1,1,0,1,1,,0.613241224289,1.01729143381,0.395999985933,0,,,,,0.0502304378152,0.0445876428485,0.0445876428485,0,0
gradient_zero,1,0.259999990463,0.269999980927,0.259999990463,False,predictive_flow,False,native,0.15,0.0243496973813,0.0243496973813,1,1,0,1,1,,0.612389295101,1.01749405265,0.399999985695,0,,,,,0.0502713085711,0.0445749796927,0.0445749796927,0,0
gradient_zero,1,0.269999980927,0.280000001192,0.269999980927,False,predictive_flow,False,native,0.15,0.0270335820713,0.0270335820713,1,1,0,1,1,,0.611992716789,1.01759484053,0.401599986553,0,,,,,0.0501220017672,0.0446269227564,0.0446269227564,0,0
gradient_zero,1,0.280000001192,0.289999991655,0.280000001192,False,predictive_flow,False,native,0.15,0.0223795653274,0.0223795653274,1,1,0,1,1,,0.611705639362,1.01802109122,0.402399986386,0,,,,,0.0499605562538,0.0446941523254,0.0446941523254,0,0
gradient_zero,1,0.289999991655,0.299999982119,0.289999991655,False,predictive_flow,False,native,0.15,0.024174946635,0.024174946635,1,1,0,1,1,,0.61119349122,1.01754196286,0.402399986386,0,,,,,0.0500012177229,0.0446996039152,0.0446996039152,0,0
gradient_zero,1,0.299999982119,0.310000002384,0.299999982119,False,predictive_flow,False,native,0.15,0.0235976905096,0.0235976905096,1,1,0,1,1,,0.610910738707,1.01668278933,0.400799985528,0,,,,,0.049928580299,0.0447151869535,0.0447151869535,0,0
gradient_zero,1,0.310000002384,0.319999992847,0.310000002384,False,predictive_flow,False,native,0.15,0.0237939935876,0.0237939935876,1,1,0,1,1,,0.610713893175,1.01606353998,0.399999985695,0,,,,,0.0496432102472,0.0447398936749,0.0447398936749,0,0
gradient_zero,1,0.319999992847,0.329999983311,0.319999992847,False,predictive_flow,False,native,0.15,0.0262760725804,0.0262760725804,1,1,0,1,1,,0.610267884731,1.01572636485,0.398399984837,0,,,,,0.0495997840166,0.0447325892001,0.0447325892001,0,0
gradient_zero,1,0.329999983311,0.340000003576,0.329999983311,False,predictive_flow,False,native,0.15,0.0238043552311,0.0238043552311,1,1,0,1,1,,0.609775131941,1.01576208353,0.3975999856,0,,,,,0.0496125003695,0.0447845609486,0.0447845609486,0,0
gradient_zero,1,0.340000003576,0.34999999404,0.340000003576,False,predictive_flow,False,native,0.15,0.0192821341939,0.0192821341939,1,1,0,1,1,,0.609297624826,1.01577270389,0.397599986196,0,,,,,0.0492412246019,0.0448471837491,0.0448471837491,0,0
gradient_zero,1,0.34999999404,0.359999984503,0.34999999404,False,predictive_flow,False,native,0.15,0.0169506962644,0.0169506962644,1,1,0,1,1,,0.608631117344,1.01612442493,0.398399986029,0,,,,,0.0489842545241,0.0448356498778,0.0448356498778,0,0
gradient_zero,1,0.359999984503,0.370000004768,0.359999984503,False,predictive_flow,False,native,0.15,0.0193412860716,0.0193412860716,1,1,0,1,1,,0.608868771791,1.01639415264,0.398399985433,0,,,,,0.049262277782,0.0448878711462,0.0448878711462,0,0
gradient_zero,1,0.370000004768,0.379999995232,0.370000004768,False,predictive_flow,False,native,0.15,0.0166095058993,0.0166095058993,1,1,0,1,1,,0.608388184309,1.01622056842,0.398399985433,0,,,,,0.0491880623251,0.0448722660542,0.0448722660542,0,0
gradient_zero,1,0.379999995232,0.389999985695,0.379999995232,False,predictive_flow,False,native,0.15,0.0152887322614,0.0152887322614,1,1,0,1,1,,0.608370890617,1.01622085452,0.403199985027,0,,,,,0.0490316933393,0.0448573423177,0.0448573423177,0,0
gradient_zero,1,0.389999985695,0.399999976158,0.389999985695,False,predictive_flow,False,native,0.15,0.0187902125367,0.0187902125367,1,1,0,1,1,,0.608081967831,1.0157800281,0.402399984598,0,,,,,0.0489235827327,0.044844051376,0.044844051376,0,0
gradient_zero,1,0.399999976158,0.409999996424,0.399999976158,False,predictive_flow,False,native,0.15,0.0170458888356,0.0170458888356,1,1,0,1,1,,0.607993139029,1.01543019295,0.401599984765,0,,,,,0.0486128617823,0.0448024014384,0.0448024014384,0,0
gradient_zero,1,0.409999996424,0.419999986887,0.409999996424,False,predictive_flow,False,native,0.15,0.0143608964805,0.0143608964805,1,1,0,1,1,,0.608843775988,1.01556627393,0.407199985981,0,,,,,0.0485441146791,0.0448330630362,0.0448330630362,0,0
gradient_zero,1,0.419999986887,0.42999997735,0.419999986887,False,predictive_flow,False,native,0.15,0.013816072247,0.013816072247,1,1,0,1,1,,0.608356978893,1.01535639882,0.40479998529,0,,,,,0.0483463937789,0.044729154855,0.044729154855,0,0
gradient_zero,1,0.42999997735,0.439999997616,0.42999997735,False,predictive_flow,False,native,0.15,0.013325941615,0.013325941615,1,1,0,1,1,,0.608174061775,1.01529126883,0.407199984789,0,,,,,0.0481793889403,0.0447013649344,0.0447013649344,0,0
gradient_zero,1,0.439999997616,0.449999988079,0.439999997616,False,predictive_flow,False,native,0.15,0.0143895256042,0.0143895256042,1,1,0,1,1,,0.608489047289,1.01577982426,0.410399984717,0,,,,,0.0483225914091,0.0447654215246,0.0447654215246,0,0
gradient_zero,1,0.449999988079,0.459999978542,0.449999988079,False,predictive_flow,False,native,0.15,0.018089562009,0.018089562009,1,1,0,1,1,,0.608865718842,1.01619996786,0.411999985576,0,,,,,0.0483729998767,0.0448135339469,0.0448135339469,0,0
gradient_zero,1,0.459999978542,0.469999998808,0.459999978542,False,predictive_flow,False,native,0.15,0.0159920688171,0.0159920688171,1,1,0,1,1,,0.608479815722,1.01551277637,0.40959998548,0,,,,,0.0479743129015,0.0448190446943,0.0448190446943,0,0
gradient_zero,1,0.469999998808,0.479999989271,0.469999998808,False,predictive_flow,False,native,0.15,0.0144693568308,0.0144693568308,1,1,0,1,1,,0.609102545977,1.0150995779,0.408799985647,0,,,,,0.0490413235873,0.0449175146222,0.0449175146222,0,0
gradient_zero,1,0.479999989271,0.489999979734,0.479999989271,False,predictive_flow,False,native,0.15,0.0138779701048,0.0138779701048,1,1,0,1,1,,0.609411634207,1.01477257967,0.409599986076,0,,,,,0.0486075932533,0.0449907565117,0.0449907565117,0,0
gradient_zero,1,0.489999979734,0.5,0.489999979734,False,predictive_flow,False,native,0.15,0.0131284558214,0.0131284558214,1,1,0,1,1,,0.609444627762,1.01426792741,0.408799986243,0,,,,,0.048383520171,0.0450396413356,0.0450396413356,0,0
gradient_zero,1,0.5,0.509999990463,0.5,False,predictive_flow,,native,,,,,,,,,,,,,,,,,,,,,0,
gradient_zero,1,0.509999990463,0.519999980927,0.509999990463,False,predictive_flow,,native,,,,,,,,,,,,,,,,,,,,,0,
gradient_zero,1,0.519999980927,0.530000030994,0.519999980927,False,predictive_flow,,native,,,,,,,,,,,,,,,,,,,,,0,
gradient_zero,1,0.530000030994,0.540000021458,0.530000030994,False,predictive_flow,,native,,,,,,,,,,,,,,,,,,,,,0,
gradient_zero,1,0.540000021458,0.550000011921,0.540000021458,False,predictive_flow,,native,,,,,,,,,,,,,,,,,,,,,0,
gradient_zero,1,0.550000011921,0.560000002384,0.550000011921,False,predictive_flow,,native,,,,,,,,,,,,,,,,,,,,,0,
gradient_zero,1,0.560000002384,0.569999992847,0.560000002384,False,predictive_flow,,native,,,,,,,,,,,,,,,,,,,,,0,
gradient_zero,1,0.569999992847,0.579999983311,0.569999992847,False,predictive_flow,,native,,,,,,,,,,,,,,,,,,,,,0,
gradient_zero,1,0.579999983311,0.590000033379,0.579999983311,False,predictive_flow,,native,,,,,,,,,,,,,,,,,,,,,0,
gradient_zero,1,0.590000033379,0.600000023842,0.590000033379,False,predictive_flow,,native,,,,,,,,,,,,,,,,,,,,,0,
gradient_zero,1,0.600000023842,0.610000014305,0.600000023842,False,predictive_flow,,native,,,,,,,,,,,,,,,,,,,,,0,
gradient_zero,1,0.610000014305,0.620000004768,0.610000014305,False,predictive_flow,,native,,,,,,,,,,,,,,,,,,,,,0,
gradient_zero,1,0.620000004768,0.629999995232,0.620000004768,False,predictive_flow,,native,,,,,,,,,,,,,,,,,,,,,0,
gradient_zero,1,0.629999995232,0.639999985695,0.629999995232,False,predictive_flow,,native,,,,,,,,,,,,,,,,,,,,,0,
gradient_zero,1,0.639999985695,0.650000035763,0.639999985695,False,predictive_flow,,native,,,,,,,,,,,,,,,,,,,,,0,
gradient_zero,1,0.650000035763,0.660000026226,0.650000035763,False,predictive_flow,,native,,,,,,,,,,,,,,,,,,,,,0,
gradient_zero,1,0.660000026226,0.670000016689,0.660000026226,False,predictive_flow,,native,,,,,,,,,,,,,,,,,,,,,0,
gradient_zero,1,0.670000016689,0.680000007153,0.670000016689,False,predictive_flow,,native,,,,,,,,,,,,,,,,,,,,,0,
gradient_zero,1,0.680000007153,0.689999997616,0.680000007153,False,predictive_flow,,native,,,,,,,,,,,,,,,,,,,,,0,
gradient_zero,1,0.689999997616,0.699999988079,0.689999997616,False,predictive_flow,,native,,,,,,,,,,,,,,,,,,,,,0,
gradient_zero,1,0.699999988079,0.709999978542,0.699999988079,False,predictive_flow,,native,,,,,,,,,,,,,,,,,,,,,0,
gradient_zero,1,0.709999978542,0.72000002861,0.709999978542,False,predictive_flow,,native,,,,,,,,,,,,,,,,,,,,,0,
gradient_zero,1,0.72000002861,0.730000019073,0.72000002861,False,predictive_flow,,native,,,,,,,,,,,,,,,,,,,,,0,
gradient_zero,1,0.730000019073,0.740000009537,0.730000019073,False,predictive_flow,,native,,,,,,,,,,,,,,,,,,,,,0,
gradient_zero,1,0.740000009537,0.75,0.740000009537,False,predictive_flow,,native,,,,,,,,,,,,,,,,,,,,,0,
gradient_zero,1,0.75,0.759999990463,0.75,False,predictive_flow,,native,,,,,,,,,,,,,,,,,,,,,0,
gradient_zero,1,0.759999990463,0.769999980927,0.759999990463,False,predictive_flow,,native,,,,,,,,,,,,,,,,,,,,,0,
gradient_zero,1,0.769999980927,0.780000030994,0.769999980927,False,predictive_flow,,native,,,,,,,,,,,,,,,,,,,,,0,
gradient_zero,1,0.780000030994,0.790000021458,0.780000030994,False,predictive_flow,,native,,,,,,,,,,,,,,,,,,,,,0,
gradient_zero,1,0.790000021458,0.800000011921,0.790000021458,False,predictive_flow,,native,,,,,,,,,,,,,,,,,,,,,0,
gradient_zero,1,0.800000011921,0.810000002384,0.800000011921,False,predictive_flow,,native,,,,,,,,,,,,,,,,,,,,,0,
gradient_zero,1,0.810000002384,0.819999992847,0.810000002384,False,predictive_flow,,native,,,,,,,,,,,,,,,,,,,,,0,
gradient_zero,1,0.819999992847,0.829999983311,0.819999992847,False,predictive_flow,,native,,,,,,,,,,,,,,,,,,,,,0,
gradient_zero,1,0.829999983311,0.840000033379,0.829999983311,False,predictive_flow,,native,,,,,,,,,,,,,,,,,,,,,0,
gradient_zero,1,0.840000033379,0.850000023842,0.840000033379,False,predictive_flow,,native,,,,,,,,,,,,,,,,,,,,,0,
gradient_zero,1,0.850000023842,0.860000014305,0.850000023842,False,predictive_flow,,native,,,,,,,,,,,,,,,,,,,,,0,
gradient_zero,1,0.860000014305,0.870000004768,0.860000014305,False,predictive_flow,,native,,,,,,,,,,,,,,,,,,,,,0,
gradient_zero,1,0.870000004768,0.879999995232,0.870000004768,False,predictive_flow,,native,,,,,,,,,,,,,,,,,,,,,0,
gradient_zero,1,0.879999995232,0.889999985695,0.879999995232,False,predictive_flow,,native,,,,,,,,,,,,,,,,,,,,,0,
gradient_zero,1,0.889999985695,0.899999976158,0.889999985695,False,predictive_flow,,native,,,,,,,,,,,,,,,,,,,,,0,
gradient_zero,1,0.899999976158,0.910000026226,0.899999976158,False,predictive_flow,,native,,,,,,,,,,,,,,,,,,,,,0,
gradient_zero,1,0.910000026226,0.920000016689,0.910000026226,False,predictive_flow,,native,,,,,,,,,,,,,,,,,,,,,0,
gradient_zero,1,0.920000016689,0.930000007153,0.920000016689,False,predictive_flow,,native,,,,,,,,,,,,,,,,,,,,,0,
gradient_zero,1,0.930000007153,0.939999997616,0.930000007153,False,predictive_flow,,native,,,,,,,,,,,,,,,,,,,,,0,
gradient_zero,1,0.939999997616,0.949999988079,0.939999997616,False,predictive_flow,,native,,,,,,,,,,,,,,,,,,,,,0,
gradient_zero,1,0.949999988079,0.959999978542,0.949999988079,False,predictive_flow,,native,,,,,,,,,,,,,,,,,,,,,0,
gradient_zero,1,0.959999978542,0.97000002861,0.959999978542,False,predictive_flow,,native,,,,,,,,,,,,,,,,,,,,,0,
gradient_zero,1,0.97000002861,0.980000019073,0.97000002861,False,predictive_flow,,native,,,,,,,,,,,,,,,,,,,,,0,
gradient_zero,1,0.980000019073,0.990000009537,0.980000019073,False,predictive_flow,,native,,,,,,,,,,,,,,,,,,,,,0,
gradient_zero,1,0.990000009537,1,0.990000009537,False,predictive_flow,,native,,,,,,,,,,,,,,,,,,,,,0,
gradient,0,0,0.00999999977648,0,True,predictive_flow,True,native,0.15,0.0957546120137,0.0957546120137,1,1,0.0327766887844,1,1,,0.644468516111,0.996365755796,0.442399989367,0.438009197079,,,,,1.68148140192,0.0363164623082,0.0363164623082,0.0108949389309,0.0108949390054
gradient,0,0.00999999977648,0.019999999553,0.00999999977648,True,predictive_flow,False,native,0.15,0.0777792522311,0.0777792522311,1,1,0.0393599840254,1,1,,0.644988886118,1.00207306504,0.451199988723,0.508702752292,,,,,0.107118994296,0.0435733757913,0.0435733757913,0.0130720132217,0.0130720132589
gradient,0,0.019999999553,0.0299999993294,0.019999999553,True,predictive_flow,False,native,0.15,0.0798884684592,0.0798884684592,1,1,0.0398581576347,1,1,,0.639262765646,1.00304614425,0.435999988317,0.475903572142,,,,,0.0849157035351,0.0438592255116,0.0438592255116,0.013157768026,0.013157768175
gradient,0,0.0299999993294,0.0399999991059,0.0299999993294,True,predictive_flow,False,native,0.15,0.0908279892057,0.0908279892057,1,1,0.0429899344593,1,1,,0.633819049597,1.00303000093,0.425599986911,0.416068072468,,,,,0.0751058639586,0.0441549319029,0.0441549319029,0.0132464801706,0.0132464801148
gradient,0,0.0399999991059,0.0499999970198,0.0399999991059,True,predictive_flow,False,native,0.15,0.0875938394666,0.0875938394666,1,1,0.0442269019783,1,1,,0.630004717112,1.00339061499,0.418399986029,0.39219224304,,,,,0.0694795047492,0.0444048561901,0.0444048561901,0.0133214574121,0.0133214574307
gradient,0,0.0499999970198,0.0599999986589,0.0499999970198,True,predictive_flow,False,native,0.15,0.078615167588,0.078615167588,1,1,0.0440744271874,1,1,,0.626905888319,1.00372676253,0.412799986601,0.396656226367,,,,,0.0666140564531,0.0446164164692,0.0446164164692,0.0133849256113,0.0133849255927
gradient,0,0.0599999986589,0.070000000298,0.0599999986589,True,predictive_flow,False,native,0.15,0.0689693190902,0.0689693190902,1,1,0.0438194215298,1,1,,0.624894735813,1.00425320625,0.404799984694,0.418067132533,,,,,0.0626703411341,0.0447054626048,0.0447054626048,0.0134116393514,0.0134116392955
gradient,0,0.070000000298,0.0799999982119,0.070000000298,True,predictive_flow,False,native,0.15,0.0638472440839,0.0638472440839,1,1,0.0450704615563,1,1,,0.624143867493,1.00520497441,0.40399998486,0.416356163621,,,,,0.0609447634965,0.0448140456527,0.0448140456527,0.0134442143142,0.0134442142583
gradient,0,0.0799999982119,0.0899999961257,0.0799999982119,True,predictive_flow,False,native,0.15,0.05745762337,0.05745762337,1,1,0.0452505104244,1,1,,0.623460043669,1.00632053137,0.399999983907,0.447555935979,,,,,0.0593968646973,0.0449653334916,0.0449653334916,0.0134896006808,0.013489600569
gradient,0,0.0899999961257,0.0999999940395,0.0899999961257,True,predictive_flow,False,native,0.15,0.0533894109353,0.0533894109353,1,1,0.0461677549034,1,1,,0.622529393435,1.00633537292,0.400799984932,0.428558071852,,,,,0.0580743816495,0.0451358737797,0.0451358737797,0.0135407625325,0.0135407627001
gradient,0,0.0999999940395,0.109999999404,0.0999999940395,True,predictive_flow,False,native,0.15,0.0534798434004,0.0534798434004,1,1,0.0470652623475,1,1,,0.620991370678,1.00607803583,0.39519998312,0.500665778518,,,,,0.0578906475008,0.0451553277671,0.0451553277671,0.0135465987958,0.0135465988144
gradient,0,0.109999999404,0.119999997318,0.109999999404,True,predictive_flow,False,native,0.15,0.0458335793018,0.0458335793018,1,1,0.0465460758656,1,1,,0.619778923988,1.0067238307,0.395999981761,0.523373827934,,,,,0.0562705098093,0.0451044505835,0.0451044505835,0.0135313355736,0.0135313357227
gradient,0,0.119999997318,0.129999995232,0.119999997318,True,predictive_flow,False,native,0.15,0.0420891089924,0.0420891089924,1,1,0.0471778741479,1,1,,0.619711022377,1.00742062211,0.395999982357,0.521098755598,,,,,0.0554777795821,0.0451115284115,0.0451115284115,0.013533459045,0.0135334590636
gradient,0,0.129999995232,0.140000000596,0.129999995232,True,predictive_flow,False,native,0.15,0.0408472097572,0.0408472097572,1,1,0.0490490301698,1,1,,0.619315283298,1.00869141459,0.395999982953,0.5462121135,,,,,0.0547497759759,0.0450865922123,0.0450865922123,0.0135259781964,0.013525978215
gradient,0,0.140000000596,0.149999991059,0.140000000596,True,predictive_flow,False,native,0.15,0.0382773750648,0.0382773750648,1,1,0.0481679710746,1,1,,0.618413530588,1.00942298174,0.394399983287,0.534444912076,,,,,0.0547819190472,0.0450243143737,0.0450243143737,0.013507294897,0.0135072948597
gradient,0,0.149999991059,0.159999996424,0.149999991059,True,predictive_flow,False,native,0.15,0.0333436570223,0.0333436570223,1,1,0.0483451500535,1,1,,0.616705651283,1.01012900829,0.394399982095,0.589975892901,,,,,0.053097795397,0.0449186200649,0.0449186200649,0.0134755862691,0.0134755865112
gradient,0,0.159999996424,0.170000001788,0.159999996424,True,predictive_flow,False,native,0.15,0.0296044146642,0.0296044146642,1,1,0.0477025511116,1,1,,0.615973103046,1.01119146228,0.395199981928,0.608785224259,,,,,0.0534589654952,0.0449112968147,0.0449112968147,0.0134733895585,0.0134733895771
gradient,0,0.170000001788,0.179999992251,0.170000001788,True,predictive_flow,False,native,0.15,0.027293868335,0.027293868335,1,1,0.0494093301892,1,1,,0.616059235334,1.01291460276,0.39519998312,0.571046476662,,,,,0.0531166964769,0.044928554371,0.044928554371,0.0134785667993,0.0134785668924
gradient,0,0.179999992251,0.189999997616,0.179999992251,True,predictive_flow,False,native,0.15,0.0274722611532,0.0274722611532,1,1,0.0497090182453,1,1,,0.615213624239,1.01390924931,0.392799981833,0.533587416559,,,,,0.0530104614794,0.044952236712,0.044952236712,0.0134856715798,0.0134856716171
gradient,0,0.189999997616,0.199999988079,0.189999997616,True,predictive_flow,False,native,0.15,0.0285202830657,0.0285202830657,1,1,0.0528704958409,1,1,,0.614456664324,1.01454491973,0.394399981499,0.584827581793,,,,,0.0528718969226,0.0449932538718,0.0449932538718,0.0134979768284,0.0134979767352
gradient,0,0.199999988079,0.209999993443,0.199999988079,True,predictive_flow,False,native,0.15,0.024262893172,0.024262893172,1,1,0.0495077642798,1,1,,0.614137005806,1.01572709203,0.402399984002,0.55268443808,,,,,0.0529571555555,0.0450515518337,0.0450515518337,0.0135154662095,0.0135154661536
gradient,0,0.209999993443,0.219999998808,0.209999993443,True,predictive_flow,False,native,0.15,0.0231557110883,0.0231557110883,1,1,0.051749676913,1,1,,0.613961939812,1.01728265762,0.406399984956,0.550458434969,,,,,0.0522299360484,0.0450415345281,0.0450415345281,0.0135124609061,0.0135124609433
gradient,0,0.219999998808,0.229999989271,0.219999998808,True,predictive_flow,False,native,0.15,0.0253681771737,0.0253681771737,1,1,0.0508623597771,1,1,,0.612447872162,1.01752418876,0.403199985623,0.558362296,,,,,0.0517829562724,0.0450234475732,0.0450234475732,0.0135070348717,0.0135070347972
gradient,0,0.229999989271,0.239999994636,0.229999989271,True,predictive_flow,False,native,0.15,0.027258070251,0.027258070251,1,1,0.0526681423187,1,1,,0.610838673115,1.01750253081,0.401599983573,0.547998219728,,,,,0.0516171284765,0.044993082732,0.044993082732,0.0134979253262,0.0134979253635
gradient,0,0.239999994636,0.25,0.239999994636,True,predictive_flow,False,native,0.15,0.0232881267415,0.0232881267415,1,1,0.0488488318771,1,1,,0.610335098505,1.01773645163,0.401599984765,0.527415577918,,,,,0.0516023972631,0.0449933461845,0.0449933461845,0.0134980046377,0.0134980044328
gradient,0,0.25,0.259999990463,0.25,True,predictive_flow,False,native,0.15,0.0216216761619,0.0216216761619,1,1,0.0485892298073,1,1,,0.609839761257,1.01808648229,0.401599985361,0.550793518946,,,,,0.0511884199083,0.0449793955684,0.0449793955684,0.013493819423,0.0134938191995
gradient,0,0.259999990463,0.269999980927,0.259999990463,True,predictive_flow,False,native,0.15,0.0216742709,0.0216742709,1,1,0.050053088218,1,1,,0.609469137192,1.01753785014,0.395999984741,0.577912451476,,,,,0.051773563996,0.0449628023058,0.0449628023058,0.013488841299,0.0134888412431
gradient,0,0.269999980927,0.280000001192,0.269999980927,True,predictive_flow,False,native,0.15,0.0211424487736,0.0211424487736,1,1,0.051731839627,1,1,,0.609312906265,1.01731589198,0.397599986196,0.573233621418,,,,,0.0511287559569,0.0449895562977,0.0449895562977,0.0134968675673,0.0134968674742
gradient,0,0.280000001192,0.289999991655,0.280000001192,True,predictive_flow,False,native,0.15,0.0189025741525,0.0189025741525,1,1,0.0494572790712,1,1,,0.60941836834,1.01805840969,0.399999985099,0.586111469567,,,,,0.0511758904159,0.0450166059285,0.0450166059285,0.0135049822927,0.0135049823299
gradient,0,0.289999991655,0.299999982119,0.289999991655,True,predictive_flow,False,native,0.15,0.0182143824268,0.0182143824268,1,1,0.0479678401351,1,1,,0.609182963371,1.01789690852,0.399999985099,0.580079272389,,,,,0.0508634133637,0.0449837071449,0.0449837071449,0.0134951125272,0.0134951126389
gradient,0,0.299999982119,0.310000002384,0.299999982119,True,predictive_flow,False,native,0.15,0.0190426580596,0.0190426580596,1,1,0.0484287923574,1,1,,0.608552372456,1.01734786868,0.40079998672,0.527377347574,,,,,0.0507703340799,0.0450091546029,0.0450091546029,0.0135027470253,0.0135027469695
gradient,0,0.310000002384,0.319999992847,0.310000002384,True,predictive_flow,False,native,0.15,0.0166350567061,0.0166350567061,1,1,0.046403427422,1,1,,0.607982536554,1.01703677297,0.3975999856,0.527240552306,,,,,0.0508748665452,0.0450517579913,0.0450517579913,0.0135155279934,0.0135155279562
gradient,0,0.319999992847,0.329999983311,0.319999992847,True,predictive_flow,False,native,0.15,0.0204261403531,0.0204261403531,1,1,0.0476892602444,1,1,,0.60773045063,1.01689187169,0.399199986458,0.531555200741,,,,,0.0503078089654,0.0450578568131,0.0450578568131,0.0135173574835,0.0135173576139
gradient,0,0.329999983311,0.340000003576,0.329999983311,True,predictive_flow,False,native,0.15,0.0200890817854,0.0200890817854,1,1,0.0460277469456,1,1,,0.607538564205,1.01682203412,0.395999986529,0.553402765021,,,,,0.0508132758737,0.0451047664136,0.0451047664136,0.0135314305313,0.0135314304754
gradient,0,0.340000003576,0.34999999404,0.340000003576,True,predictive_flow,False,native,0.15,0.0181162886508,0.0181162886508,1,1,0.044893565923,1,1,,0.607513251305,1.01642357945,0.397599986196,0.557356230095,,,,,0.0509823070467,0.0451854203641,0.0451854203641,0.0135556268878,0.0135556267016
gradient,0,0.34999999404,0.359999984503,0.34999999404,True,predictive_flow,False,native,0.15,0.0168109398859,0.0168109398859,1,1,0.0432398043573,1,1,,0.607190527916,1.0165328598,0.398399986029,0.593610365689,,,,,0.0509052449465,0.0452037232369,0.0452037232369,0.0135611176305,0.0135611174628
gradient,0,0.359999984503,0.370000004768,0.359999984503,True,predictive_flow,False,native,0.15,0.016116510547,0.016116510547,1,1,0.0429824816436,1,1,,0.607866559029,1.01670573235,0.40239998579,0.53349606216,,,,,0.051609608531,0.0453050038964,0.0453050038964,0.0135915016755,0.0135915017128
gradient,0,0.370000004768,0.379999995232,0.370000004768,True,predictive_flow,False,native,0.15,0.0148149145662,0.0148149145662,1,1,0.0425465989113,1,1,,0.607584894896,1.01638036251,0.400799984932,0.524178823009,,,,,0.0509538659453,0.0453469917923,0.0453469917923,0.0136040980555,0.0136040981114
gradient,0,0.379999995232,0.389999985695,0.379999995232,True,predictive_flow,False,native,0.15,0.0147758991132,0.0147758991132,1,1,0.042364385128,1,1,,0.607683448792,1.01641230226,0.403999985456,0.50663119927,,,,,0.0514038722217,0.0453670854867,0.0453670854867,0.0136101263762,0.0136101262085
gradient,0,0.389999985695,0.399999976158,0.389999985695,True,predictive_flow,False,native,0.15,0.0171186270041,0.0171186270041,1,1,0.0411633718014,1,1,,0.607624167204,1.01598888397,0.403199985623,0.48293511875,,,,,0.0514661888033,0.0454172033817,0.0454172033817,0.0136251616664,0.0136251615547
gradient,0,0.399999976158,0.409999996424,0.399999976158,True,predictive_flow,False,native,0.15,0.0126668533869,0.0126668533869,1,1,0.0396362006664,1,1,,0.607734647989,1.01558622837,0.401599985361,0.541985415518,,,,,0.0520596633106,0.0454311779141,0.0454311779141,0.013629353717,0.013629353866
gradient,0,0.409999996424,0.419999986887,0.409999996424,True,predictive_flow,False,native,0.15,0.0116154721746,0.0116154721746,1,1,0.0376600137353,1,1,,0.60855050087,1.0158861506,0.403999986053,0.576473277956,,,,,0.0513585606962,0.0454808397591,0.0454808397591,0.0136442523636,0.0136442524381
gradient,0,0.419999986887,0.42999997735,0.419999986887,True,predictive_flow,False,native,0.15,0.0131204744708,0.0131204744708,1,1,0.0392418599129,1,1,,0.608124637604,1.01594376683,0.404799986482,0.550580624342,,,,,0.0512520591915,0.0454093550891,0.0454093550891,0.0136228071339,0.0136228071153
gradient,0,0.42999997735,0.439999997616,0.42999997735,True,predictive_flow,False,native,0.15,0.011033661078,0.011033661078,1,1,0.0374089553952,1,1,,0.607798057795,1.01600552678,0.402399985194,0.566086687967,,,,,0.0512905421108,0.0454113131016,0.0454113131016,0.0136233943887,0.0136233945191
gradient,0,0.439999997616,0.449999988079,0.439999997616,True,predictive_flow,False,native,0.15,0.0107793724269,0.0107793724269,1,1,0.0369214650989,1,1,,0.608243091106,1.0164914608,0.40479998529,0.561759495735,,,,,0.0514519933611,0.0455185478181,0.0455185478181,0.0136555650085,0.0136555648781
gradient,0,0.449999988079,0.459999978542,0.449999988079,True,predictive_flow,False,native,0.15,0.0112661113922,0.0112661113922,1,1,0.0371430626512,1,1,,0.608520313501,1.01672955751,0.408799985647,0.572696476877,,,,,0.0524662522227,0.0455827537179,0.0455827537179,0.0136748263985,0.0136748266406
gradient,0,0.459999978542,0.469999998808,0.459999978542,True,predictive_flow,False,native,0.15,0.00988777354301,0.00988777354301,1,1,0.0396676719189,1,1,,0.608063323498,1.01640265465,0.406399986148,0.561551990509,,,,,0.052211805135,0.0456016275287,0.0456016275287,0.013680488728,0.0136804888211
gradient,0,0.469999998808,0.479999989271,0.469999998808,True,predictive_flow,False,native,0.15,0.00934659279766,0.00934659279766,1,1,0.0371063268185,1,1,,0.607948883772,1.01590492129,0.405599986315,0.575891070962,,,,,0.0530945371091,0.0457093450427,0.0457093450427,0.0137128040381,0.0137128040195
gradient,0,0.479999989271,0.489999979734,0.479999989271,True,predictive_flow,False,native,0.15,0.00833891458227,0.00833891458227,1,1,0.035433126688,1,1,,0.607807686329,1.01564976811,0.403999986053,0.575994399488,,,,,0.0526162859797,0.0458049398661,0.0458049398661,0.0137414823845,0.0137414824963
gradient,0,0.489999979734,0.5,0.489999979734,True,predictive_flow,False,native,0.15,0.00869211568031,0.00869211568031,1,1,0.0360847663879,1,1,,0.607246603966,1.01527608275,0.400799985528,0.543197717667,,,,,0.053176298365,0.0458679114282,0.0458679114282,0.0137603742443,0.013760374058
gradient,0,0.5,0.509999990463,0.5,False,predictive_flow,,native,,,,,,,,,,,,,,,,,,,,,0,
gradient,0,0.509999990463,0.519999980927,0.509999990463,False,predictive_flow,,native,,,,,,,,,,,,,,,,,,,,,0,
gradient,0,0.519999980927,0.530000030994,0.519999980927,False,predictive_flow,,native,,,,,,,,,,,,,,,,,,,,,0,
gradient,0,0.530000030994,0.540000021458,0.530000030994,False,predictive_flow,,native,,,,,,,,,,,,,,,,,,,,,0,
gradient,0,0.540000021458,0.550000011921,0.540000021458,False,predictive_flow,,native,,,,,,,,,,,,,,,,,,,,,0,
gradient,0,0.550000011921,0.560000002384,0.550000011921,False,predictive_flow,,native,,,,,,,,,,,,,,,,,,,,,0,
gradient,0,0.560000002384,0.569999992847,0.560000002384,False,predictive_flow,,native,,,,,,,,,,,,,,,,,,,,,0,
gradient,0,0.569999992847,0.579999983311,0.569999992847,False,predictive_flow,,native,,,,,,,,,,,,,,,,,,,,,0,
gradient,0,0.579999983311,0.590000033379,0.579999983311,False,predictive_flow,,native,,,,,,,,,,,,,,,,,,,,,0,
gradient,0,0.590000033379,0.600000023842,0.590000033379,False,predictive_flow,,native,,,,,,,,,,,,,,,,,,,,,0,
gradient,0,0.600000023842,0.610000014305,0.600000023842,False,predictive_flow,,native,,,,,,,,,,,,,,,,,,,,,0,
gradient,0,0.610000014305,0.620000004768,0.610000014305,False,predictive_flow,,native,,,,,,,,,,,,,,,,,,,,,0,
gradient,0,0.620000004768,0.629999995232,0.620000004768,False,predictive_flow,,native,,,,,,,,,,,,,,,,,,,,,0,
gradient,0,0.629999995232,0.639999985695,0.629999995232,False,predictive_flow,,native,,,,,,,,,,,,,,,,,,,,,0,
gradient,0,0.639999985695,0.650000035763,0.639999985695,False,predictive_flow,,native,,,,,,,,,,,,,,,,,,,,,0,
gradient,0,0.650000035763,0.660000026226,0.650000035763,False,predictive_flow,,native,,,,,,,,,,,,,,,,,,,,,0,
gradient,0,0.660000026226,0.670000016689,0.660000026226,False,predictive_flow,,native,,,,,,,,,,,,,,,,,,,,,0,
gradient,0,0.670000016689,0.680000007153,0.670000016689,False,predictive_flow,,native,,,,,,,,,,,,,,,,,,,,,0,
gradient,0,0.680000007153,0.689999997616,0.680000007153,False,predictive_flow,,native,,,,,,,,,,,,,,,,,,,,,0,
gradient,0,0.689999997616,0.699999988079,0.689999997616,False,predictive_flow,,native,,,,,,,,,,,,,,,,,,,,,0,
gradient,0,0.699999988079,0.709999978542,0.699999988079,False,predictive_flow,,native,,,,,,,,,,,,,,,,,,,,,0,
gradient,0,0.709999978542,0.72000002861,0.709999978542,False,predictive_flow,,native,,,,,,,,,,,,,,,,,,,,,0,
gradient,0,0.72000002861,0.730000019073,0.72000002861,False,predictive_flow,,native,,,,,,,,,,,,,,,,,,,,,0,
gradient,0,0.730000019073,0.740000009537,0.730000019073,False,predictive_flow,,native,,,,,,,,,,,,,,,,,,,,,0,
gradient,0,0.740000009537,0.75,0.740000009537,False,predictive_flow,,native,,,,,,,,,,,,,,,,,,,,,0,
gradient,0,0.75,0.759999990463,0.75,False,predictive_flow,,native,,,,,,,,,,,,,,,,,,,,,0,
gradient,0,0.759999990463,0.769999980927,0.759999990463,False,predictive_flow,,native,,,,,,,,,,,,,,,,,,,,,0,
gradient,0,0.769999980927,0.780000030994,0.769999980927,False,predictive_flow,,native,,,,,,,,,,,,,,,,,,,,,0,
gradient,0,0.780000030994,0.790000021458,0.780000030994,False,predictive_flow,,native,,,,,,,,,,,,,,,,,,,,,0,
gradient,0,0.790000021458,0.800000011921,0.790000021458,False,predictive_flow,,native,,,,,,,,,,,,,,,,,,,,,0,
gradient,0,0.800000011921,0.810000002384,0.800000011921,False,predictive_flow,,native,,,,,,,,,,,,,,,,,,,,,0,
gradient,0,0.810000002384,0.819999992847,0.810000002384,False,predictive_flow,,native,,,,,,,,,,,,,,,,,,,,,0,
gradient,0,0.819999992847,0.829999983311,0.819999992847,False,predictive_flow,,native,,,,,,,,,,,,,,,,,,,,,0,
gradient,0,0.829999983311,0.840000033379,0.829999983311,False,predictive_flow,,native,,,,,,,,,,,,,,,,,,,,,0,
gradient,0,0.840000033379,0.850000023842,0.840000033379,False,predictive_flow,,native,,,,,,,,,,,,,,,,,,,,,0,
gradient,0,0.850000023842,0.860000014305,0.850000023842,False,predictive_flow,,native,,,,,,,,,,,,,,,,,,,,,0,
gradient,0,0.860000014305,0.870000004768,0.860000014305,False,predictive_flow,,native,,,,,,,,,,,,,,,,,,,,,0,
gradient,0,0.870000004768,0.879999995232,0.870000004768,False,predictive_flow,,native,,,,,,,,,,,,,,,,,,,,,0,
gradient,0,0.879999995232,0.889999985695,0.879999995232,False,predictive_flow,,native,,,,,,,,,,,,,,,,,,,,,0,
gradient,0,0.889999985695,0.899999976158,0.889999985695,False,predictive_flow,,native,,,,,,,,,,,,,,,,,,,,,0,
gradient,0,0.899999976158,0.910000026226,0.899999976158,False,predictive_flow,,native,,,,,,,,,,,,,,,,,,,,,0,
gradient,0,0.910000026226,0.920000016689,0.910000026226,False,predictive_flow,,native,,,,,,,,,,,,,,,,,,,,,0,
gradient,0,0.920000016689,0.930000007153,0.920000016689,False,predictive_flow,,native,,,,,,,,,,,,,,,,,,,,,0,
gradient,0,0.930000007153,0.939999997616,0.930000007153,False,predictive_flow,,native,,,,,,,,,,,,,,,,,,,,,0,
gradient,0,0.939999997616,0.949999988079,0.939999997616,False,predictive_flow,,native,,,,,,,,,,,,,,,,,,,,,0,
gradient,0,0.949999988079,0.959999978542,0.949999988079,False,predictive_flow,,native,,,,,,,,,,,,,,,,,,,,,0,
gradient,0,0.959999978542,0.97000002861,0.959999978542,False,predictive_flow,,native,,,,,,,,,,,,,,,,,,,,,0,
gradient,0,0.97000002861,0.980000019073,0.97000002861,False,predictive_flow,,native,,,,,,,,,,,,,,,,,,,,,0,
gradient,0,0.980000019073,0.990000009537,0.980000019073,False,predictive_flow,,native,,,,,,,,,,,,,,,,,,,,,0,
gradient,0,0.990000009537,1,0.990000009537,False,predictive_flow,,native,,,,,,,,,,,,,,,,,,,,,0,
gradient,1,0,0.00999999977648,0,True,predictive_flow,True,native,0.15,0.0869520232454,0.0869520232454,1,1,0.0315066346526,1,1,,0.643033499718,0.998481454849,0.438399989605,0.531395504773,,,,,1.64367045164,0.0364519371092,0.0364519371092,0.0109355813079,0.0109355815127
gradient,1,0.00999999977648,0.019999999553,0.00999999977648,True,predictive_flow,False,native,0.15,0.0755554492027,0.0755554492027,1,1,0.0380922228843,1,1,,0.646298193932,1.00372923851,0.454399990439,0.509058696628,,,,,0.107190900743,0.0434402661026,0.0434402661026,0.0130320803821,0.0130320803821
gradient,1,0.019999999553,0.0299999993294,0.019999999553,True,predictive_flow,False,native,0.15,0.0850174792111,0.0850174792111,1,1,0.0404634406418,1,1,,0.640989868641,1.00530117989,0.442399989367,0.463886802942,,,,,0.0840828321874,0.043694191426,0.043694191426,0.013108257968,0.0131082579307
gradient,1,0.0299999993294,0.0399999991059,0.0299999993294,True,predictive_flow,False,native,0.15,0.0853611881286,0.0853611881286,1,1,0.0394588498026,1,1,,0.635095431805,1.00452289343,0.427199987173,0.447273644507,,,,,0.0741734312475,0.0440399186313,0.0440399186313,0.0132119760476,0.0132119761221
gradient,1,0.0399999991059,0.0499999970198,0.0399999991059,True,predictive_flow,False,native,0.15,0.0841860486567,0.0841860486567,1,1,0.0414676643908,1,1,,0.631230882406,1.00425142884,0.423999989033,0.411798823476,,,,,0.0696418841183,0.0443534612656,0.0443534612656,0.0133060389571,0.0133060389198
gradient,1,0.0499999970198,0.0599999986589,0.0499999970198,True,predictive_flow,False,native,0.15,0.0808453962952,0.0808453962952,1,1,0.0418194080889,1,1,,0.627826883793,1.00385169268,0.4151999861,0.414470591843,,,,,0.0644212306291,0.0445906317979,0.0445906317979,0.0133771901019,0.0133771901019
gradient,1,0.0599999986589,0.070000000298,0.0599999986589,True,predictive_flow,False,native,0.15,0.0722938071191,0.0722938071191,1,1,0.044806066677,1,1,,0.625324757099,1.00336574197,0.410399984121,0.423701393306,,,,,0.062849457562,0.0446925102919,0.0446925102919,0.0134077536874,0.0134077536315
gradient,1,0.070000000298,0.0799999982119,0.070000000298,True,predictive_flow,False,native,0.15,0.0653274161369,0.0653274161369,1,1,0.0443831953406,1,1,,0.624006379843,1.00376210928,0.405599983931,0.461531553864,,,,,0.0607566966861,0.0447969773412,0.0447969773412,0.0134390938096,0.0134390937723
gradient,1,0.0799999982119,0.0899999961257,0.0799999982119,True,predictive_flow,False,native,0.15,0.0618777460605,0.0618777460605,1,1,0.0447314947844,1,1,,0.623590604067,1.00511359572,0.400799984932,0.453810326159,,,,,0.0593214283139,0.0449355082959,0.0449355082959,0.0134806530923,0.0134806531295
gradient,1,0.0899999961257,0.0999999940395,0.0899999961257,True,predictive_flow,False,native,0.15,0.0474230192974,0.0474230192974,1,1,0.0461000424623,1,1,,0.62315374136,1.00538886666,0.397599983811,0.48587003082,,,,,0.0586228444427,0.0450684390962,0.0450684390962,0.0135205321573,0.0135205322877
gradient,1,0.0999999940395,0.109999999404,0.0999999940395,True,predictive_flow,False,native,0.15,0.0519785605744,0.0519785605744,1,1,0.0458646373451,1,1,,0.621800715923,1.0052765882,0.397599984407,0.492518398464,,,,,0.0568316810578,0.0450366875529,0.0450366875529,0.0135110069998,0.0135110068694
gradient,1,0.109999999404,0.119999997318,0.109999999404,True,predictive_flow,False,native,0.15,0.0559383341298,0.0559383341298,1,1,0.0462807191908,1,1,,0.620804258585,1.00550365567,0.399199982882,0.530788717866,,,,,0.0567152770609,0.0449845895171,0.0449845895171,0.013495377358,0.0134953773394
gradient,1,0.119999997318,0.129999995232,0.119999997318,True,predictive_flow,False,native,0.15,0.041652070675,0.041652070675,1,1,0.0461420893669,1,1,,0.620601183176,1.00625301957,0.399199983478,0.518988769948,,,,,0.0559984274954,0.0449722715467,0.0449722715467,0.0134916821681,0.0134916820563
gradient,1,0.129999995232,0.140000000596,0.129999995232,True,predictive_flow,False,native,0.15,0.0451024879888,0.0451024879888,1,1,0.0487117409706,1,1,,0.620520296097,1.00731178641,0.397599982023,0.50628714405,,,,,0.0539443490654,0.0449603508413,0.0449603508413,0.0134881057963,0.0134881058149
gradient,1,0.140000000596,0.149999991059,0.140000000596,True,predictive_flow,False,native,0.15,0.0405878032371,0.0405878032371,1,1,0.0474111093581,1,1,,0.619291776419,1.00817357302,0.397599982023,0.53487942487,,,,,0.0537682821602,0.0449301601946,0.0449301601946,0.0134790485911,0.013479048647
gradient,1,0.149999991059,0.159999996424,0.149999991059,True,predictive_flow,False,native,0.15,0.0360658264533,0.0360658264533,1,1,0.0480978046358,1,1,,0.617665629387,1.01022974133,0.395199980736,0.549518870115,,,,,0.053934205398,0.0448153056204,0.0448153056204,0.0134445920959,0.013444592189
gradient,1,0.159999996424,0.170000001788,0.159999996424,True,predictive_flow,False,native,0.15,0.0349655443057,0.0349655443057,1,1,0.0506753620505,1,1,,0.617250337601,1.01260559082,0.399999982119,0.548676622212,,,,,0.0539734090865,0.0447441788018,0.0447441788018,0.0134232540429,0.0134232542291
gradient,1,0.170000001788,0.179999992251,0.170000001788,True,predictive_flow,False,native,0.15,0.0297349645756,0.0297349645756,1,1,0.0501925411075,1,1,,0.617232817411,1.0146971333,0.401599982977,0.536497489512,,,,,0.0530351766199,0.044688250348,0.044688250348,0.0134064756334,0.0134064756893
gradient,1,0.179999992251,0.189999997616,0.179999992251,True,predictive_flow,False,native,0.15,0.0276934546884,0.0276934546884,1,1,0.0505317208916,1,1,,0.61651911974,1.01634369969,0.400799984336,0.525857455879,,,,,0.0519026436657,0.0446467225254,0.0446467225254,0.0133940174617,0.0133940173499
gradient,1,0.189999997616,0.199999988079,0.189999997616,True,predictive_flow,False,native,0.15,0.0300690596458,0.0300690596458,1,1,0.0510800397396,1,1,,0.61556091547,1.01801451564,0.411999986768,0.531266811043,,,,,0.051889417842,0.0446232539415,0.0446232539415,0.0133869767003,0.013386976812
gradient,1,0.199999988079,0.209999993443,0.199999988079,True,predictive_flow,False,native,0.15,0.0253966997378,0.0253966997378,1,1,0.052394496724,1,1,,0.615226222277,1.02006180167,0.408799983859,0.513828090727,,,,,0.0524581690878,0.0446158669889,0.0446158669889,0.0133847608045,0.0133847607113
gradient,1,0.209999993443,0.219999998808,0.209999993443,True,predictive_flow,False,native,0.15,0.0254270797689,0.0254270797689,1,1,0.0519615964592,1,1,,0.614477804899,1.02144722104,0.408799983859,0.531323781013,,,,,0.0513760691136,0.044579263106,0.044579263106,0.0133737795241,0.0133737795427
gradient,1,0.219999998808,0.229999989271,0.219999998808,True,predictive_flow,False,native,0.15,0.0254665327352,0.0254665327352,1,1,0.0534418824315,1,1,,0.613089104891,1.02215062261,0.406399982572,0.553625229299,,,,,0.0513305701315,0.0445105321705,0.0445105321705,0.0133531603217,0.01335316021
gradient,1,0.229999989271,0.239999994636,0.229999989271,True,predictive_flow,False,native,0.15,0.0372757851519,0.0372757851519,1,1,0.0531226042658,1,1,,0.612142605782,1.02283805132,0.400799984336,0.606754643526,,,,,0.0508629396558,0.0444018406421,0.0444018406421,0.0133205528744,0.0133205527999
gradient,1,0.239999994636,0.25,0.239999994636,True,predictive_flow,False,native,0.15,0.0273165068263,0.0273165068263,1,1,0.0517866443098,1,1,,0.611556555033,1.02380196333,0.403999983668,0.594228300191,,,,,0.0508633350581,0.0443435440212,0.0443435440212,0.0133030637912,0.0133030637912
gradient,1,0.25,0.259999990463,0.25,True,predictive_flow,False,native,0.15,0.028695998881,0.028695998881,1,1,0.0519534541667,1,1,,0.610681710243,1.02483570457,0.403199983835,0.596436093822,,,,,0.0501216590405,0.044288520664,0.044288520664,0.0132865566947,0.0132865567692
gradient,1,0.259999990463,0.269999980927,0.259999990463,True,predictive_flow,False,native,0.15,0.0243945795344,0.0243945795344,1,1,0.0498652791977,1,1,,0.609558885098,1.02553024888,0.401599983573,0.625953795314,,,,,0.0501470305771,0.0442760466784,0.0442760466784,0.0132828145474,0.0132828144543
gradient,1,0.269999980927,0.280000001192,0.269999980927,True,predictive_flow,False,native,0.15,0.0187218608428,0.0187218608428,1,1,0.0508513620496,1,1,,0.609004400969,1.02573156953,0.399199982285,0.610471188389,,,,,0.0502467305213,0.0443370337039,0.0443370337039,0.0133011105098,0.0133011106402
gradient,1,0.280000001192,0.289999991655,0.280000001192,True,predictive_flow,False,native,0.15,0.0206742807163,0.0206742807163,1,1,0.0514510551095,1,1,,0.609083445072,1.02687315464,0.402399982214,0.628482782859,,,,,0.0501183913648,0.0443806203455,0.0443806203455,0.0133141868189,0.0133141866699
gradient,1,0.289999991655,0.299999982119,0.289999991655,True,predictive_flow,False,native,0.15,0.0251457468234,0.0251457468234,1,1,0.0511125976592,1,1,,0.608878840208,1.02719083667,0.403999983072,0.612168251425,,,,,0.0500636858493,0.0443604110181,0.0443604110181,0.013308123704,0.0133081238903
gradient,1,0.299999982119,0.310000002384,0.299999982119,True,predictive_flow,False,native,0.15,0.0171497828409,0.0171497828409,1,1,0.049642252028,1,1,,0.608766816854,1.02696884513,0.403999983072,0.578725067303,,,,,0.0500825279206,0.044350091517,0.044350091517,0.0133050279692,0.0133050279692
gradient,1,0.310000002384,0.319999992847,0.310000002384,True,predictive_flow,False,native,0.15,0.0219054747629,0.0219054747629,1,1,0.0488942623883,1,1,,0.609048857689,1.02652557492,0.404799984097,0.597251116335,,,,,0.0498239054531,0.044381070286,0.044381070286,0.0133143216744,0.0133143216744
gradient,1,0.319999992847,0.329999983311,0.319999992847,True,predictive_flow,False,native,0.15,0.0206860384671,0.0206860384671,1,1,0.0461967846751,1,1,,0.60857891798,1.02633666992,0.404799982905,0.617299504876,,,,,0.0498701576144,0.0443988720328,0.0443988720328,0.0133196620643,0.0133196621574
gradient,1,0.329999983311,0.340000003576,0.329999983311,True,predictive_flow,False,native,0.15,0.0218313153129,0.0218313153129,1,1,0.0460515937954,1,1,,0.608708908558,1.02603815198,0.403999983668,0.627425699532,,,,,0.0499791426212,0.0444451387227,0.0444451387227,0.0133335420676,0.0133335421607
gradient,1,0.340000003576,0.34999999404,0.340000003576,True,predictive_flow,False,native,0.15,0.0202639988245,0.0202639988245,1,1,0.0436975823343,1,1,,0.608595795631,1.02591270566,0.403199982643,0.634607653916,,,,,0.0493266329914,0.044478764087,0.044478764087,0.0133436297812,0.0133436297625
gradient,1,0.34999999404,0.359999984503,0.34999999404,True,predictive_flow,False,native,0.15,0.0201673610252,0.0201673610252,1,1,0.0431918309629,1,1,,0.608178325891,1.02636263728,0.403999982476,0.652911034822,,,,,0.0493273475766,0.0444575509429,0.0444575509429,0.0133372658305,0.0133372658677
gradient,1,0.359999984503,0.370000004768,0.359999984503,True,predictive_flow,False,native,0.15,0.0186039183312,0.0186039183312,1,1,0.0435898452997,1,1,,0.608699021339,1.026619519,0.403199982047,0.639986270964,,,,,0.0497977821529,0.0445057410747,0.0445057410747,0.0133517228253,0.0133517228253
gradient,1,0.370000004768,0.379999995232,0.370000004768,True,predictive_flow,False,native,0.15,0.0195342098363,0.0195342098363,1,1,0.041687790826,1,1,,0.608604928255,1.02632640123,0.402399982214,0.630548305213,,,,,0.0496920196712,0.0445355736464,0.0445355736464,0.0133606728911,0.013360672649
gradient,1,0.379999995232,0.389999985695,0.379999995232,True,predictive_flow,False,native,0.15,0.0140192070085,0.0140192070085,1,1,0.0413317917287,1,1,,0.608527693748,1.0259422648,0.404799982309,0.602186201066,,,,,0.0497290202975,0.0445487731695,0.0445487731695,0.0133646326512,0.0133646325395
gradient,1,0.389999985695,0.399999976158,0.389999985695,True,predictive_flow,False,native,0.15,0.0150686520117,0.0150686520117,1,1,0.0411191026866,1,1,,0.608402638435,1.02519612789,0.406399982572,0.620449742377,,,,,0.0498678020388,0.0445498806983,0.0445498806983,0.0133649646491,0.0133649647422
gradient,1,0.399999976158,0.409999996424,0.399999976158,True,predictive_flow,False,native,0.15,0.0145912805956,0.0145912805956,1,1,0.0404256936908,1,1,,0.608190898895,1.02482114077,0.405599982142,0.639442444444,,,,,0.0495009306818,0.044537268877,0.044537268877,0.0133611810766,0.013361181207
gradient,1,0.409999996424,0.419999986887,0.409999996424,True,predictive_flow,False,native,0.15,0.0122689983563,0.0122689983563,1,1,0.0380100361258,1,1,,0.608847894669,1.02515044212,0.407199982405,0.664584665969,,,,,0.0497744437307,0.0445953482389,0.0445953482389,0.013378604874,0.0133786049858
gradient,1,0.419999986887,0.42999997735,0.419999986887,True,predictive_flow,False,native,0.15,0.0137574663293,0.0137574663293,1,1,0.0371136236191,1,1,,0.608252134323,1.02516683936,0.40639998138,0.616921976805,,,,,0.0495370287448,0.0445119202882,0.0445119202882,0.0133535768278,0.0133535766602
gradient,1,0.42999997735,0.439999997616,0.42999997735,True,predictive_flow,False,native,0.15,0.0122192013694,0.0122192013694,1,1,0.0387262286246,1,1,,0.608073678017,1.02521564722,0.403999981284,0.603021396175,,,,,0.0495148480684,0.0444923778623,0.0444923778623,0.0133477141708,0.0133477140218
gradient,1,0.439999997616,0.449999988079,0.439999997616,True,predictive_flow,False,native,0.15,0.0114871935337,0.0114871935337,1,1,0.0371416522563,1,1,,0.608911991119,1.02532197356,0.405599981546,0.61828410808,,,,,0.0499202821404,0.0445776453614,0.0445776453614,0.0133732941188,0.0133732941002
gradient,1,0.449999988079,0.459999978542,0.449999988079,True,predictive_flow,False,native,0.15,0.0105060988478,0.0105060988478,1,1,0.0373231258988,1,1,,0.6092663908,1.02527091742,0.40399998188,0.584076607265,,,,,0.0497538477927,0.0446327807754,0.0446327807754,0.0133898350038,0.0133898348361
gradient,1,0.459999978542,0.469999998808,0.459999978542,True,predictive_flow,False,native,0.15,0.012366897976,0.012366897976,1,1,0.0393116693944,1,1,,0.608653632402,1.02419100881,0.404799982309,0.576840906329,,,,,0.0496980752796,0.044648398459,0.044648398459,0.0133945198916,0.0133945201151
gradient,1,0.469999998808,0.479999989271,0.469999998808,True,predictive_flow,False,native,0.15,0.00980649498524,0.00980649498524,1,1,0.0366089245677,1,1,,0.608769338131,1.02365759134,0.404799982309,0.59817954734,,,,,0.0507065719366,0.0447418511659,0.0447418511659,0.0134225558676,0.0134225559048
gradient,1,0.479999989271,0.489999979734,0.479999989271,True,predictive_flow,False,native,0.15,0.0102248406521,0.0102248406521,1,1,0.0361665132642,1,1,,0.608736838102,1.02327086091,0.405599982142,0.59704706803,,,,,0.0505616404861,0.0448249851167,0.0448249851167,0.0134474960528,0.0134474960156
gradient,1,0.489999979734,0.5,0.489999979734,True,predictive_flow,False,native,0.15,0.00962708004517,0.00962708004517,1,1,0.033739656657,1,1,,0.608348151445,1.02276064277,0.405599982142,0.604907665551,,,,,0.0504422350228,0.0448861672729,0.0448861672729,0.0134658507444,0.0134658507816
gradient,1,0.5,0.509999990463,0.5,False,predictive_flow,,native,,,,,,,,,,,,,,,,,,,,,0,
gradient,1,0.509999990463,0.519999980927,0.509999990463,False,predictive_flow,,native,,,,,,,,,,,,,,,,,,,,,0,
gradient,1,0.519999980927,0.530000030994,0.519999980927,False,predictive_flow,,native,,,,,,,,,,,,,,,,,,,,,0,
gradient,1,0.530000030994,0.540000021458,0.530000030994,False,predictive_flow,,native,,,,,,,,,,,,,,,,,,,,,0,
gradient,1,0.540000021458,0.550000011921,0.540000021458,False,predictive_flow,,native,,,,,,,,,,,,,,,,,,,,,0,
gradient,1,0.550000011921,0.560000002384,0.550000011921,False,predictive_flow,,native,,,,,,,,,,,,,,,,,,,,,0,
gradient,1,0.560000002384,0.569999992847,0.560000002384,False,predictive_flow,,native,,,,,,,,,,,,,,,,,,,,,0,
gradient,1,0.569999992847,0.579999983311,0.569999992847,False,predictive_flow,,native,,,,,,,,,,,,,,,,,,,,,0,
gradient,1,0.579999983311,0.590000033379,0.579999983311,False,predictive_flow,,native,,,,,,,,,,,,,,,,,,,,,0,
gradient,1,0.590000033379,0.600000023842,0.590000033379,False,predictive_flow,,native,,,,,,,,,,,,,,,,,,,,,0,
gradient,1,0.600000023842,0.610000014305,0.600000023842,False,predictive_flow,,native,,,,,,,,,,,,,,,,,,,,,0,
gradient,1,0.610000014305,0.620000004768,0.610000014305,False,predictive_flow,,native,,,,,,,,,,,,,,,,,,,,,0,
gradient,1,0.620000004768,0.629999995232,0.620000004768,False,predictive_flow,,native,,,,,,,,,,,,,,,,,,,,,0,
gradient,1,0.629999995232,0.639999985695,0.629999995232,False,predictive_flow,,native,,,,,,,,,,,,,,,,,,,,,0,
gradient,1,0.639999985695,0.650000035763,0.639999985695,False,predictive_flow,,native,,,,,,,,,,,,,,,,,,,,,0,
gradient,1,0.650000035763,0.660000026226,0.650000035763,False,predictive_flow,,native,,,,,,,,,,,,,,,,,,,,,0,
gradient,1,0.660000026226,0.670000016689,0.660000026226,False,predictive_flow,,native,,,,,,,,,,,,,,,,,,,,,0,
gradient,1,0.670000016689,0.680000007153,0.670000016689,False,predictive_flow,,native,,,,,,,,,,,,,,,,,,,,,0,
gradient,1,0.680000007153,0.689999997616,0.680000007153,False,predictive_flow,,native,,,,,,,,,,,,,,,,,,,,,0,
gradient,1,0.689999997616,0.699999988079,0.689999997616,False,predictive_flow,,native,,,,,,,,,,,,,,,,,,,,,0,
gradient,1,0.699999988079,0.709999978542,0.699999988079,False,predictive_flow,,native,,,,,,,,,,,,,,,,,,,,,0,
gradient,1,0.709999978542,0.72000002861,0.709999978542,False,predictive_flow,,native,,,,,,,,,,,,,,,,,,,,,0,
gradient,1,0.72000002861,0.730000019073,0.72000002861,False,predictive_flow,,native,,,,,,,,,,,,,,,,,,,,,0,
gradient,1,0.730000019073,0.740000009537,0.730000019073,False,predictive_flow,,native,,,,,,,,,,,,,,,,,,,,,0,
gradient,1,0.740000009537,0.75,0.740000009537,False,predictive_flow,,native,,,,,,,,,,,,,,,,,,,,,0,
gradient,1,0.75,0.759999990463,0.75,False,predictive_flow,,native,,,,,,,,,,,,,,,,,,,,,0,
gradient,1,0.759999990463,0.769999980927,0.759999990463,False,predictive_flow,,native,,,,,,,,,,,,,,,,,,,,,0,
gradient,1,0.769999980927,0.780000030994,0.769999980927,False,predictive_flow,,native,,,,,,,,,,,,,,,,,,,,,0,
gradient,1,0.780000030994,0.790000021458,0.780000030994,False,predictive_flow,,native,,,,,,,,,,,,,,,,,,,,,0,
gradient,1,0.790000021458,0.800000011921,0.790000021458,False,predictive_flow,,native,,,,,,,,,,,,,,,,,,,,,0,
gradient,1,0.800000011921,0.810000002384,0.800000011921,False,predictive_flow,,native,,,,,,,,,,,,,,,,,,,,,0,
gradient,1,0.810000002384,0.819999992847,0.810000002384,False,predictive_flow,,native,,,,,,,,,,,,,,,,,,,,,0,
gradient,1,0.819999992847,0.829999983311,0.819999992847,False,predictive_flow,,native,,,,,,,,,,,,,,,,,,,,,0,
gradient,1,0.829999983311,0.840000033379,0.829999983311,False,predictive_flow,,native,,,,,,,,,,,,,,,,,,,,,0,
gradient,1,0.840000033379,0.850000023842,0.840000033379,False,predictive_flow,,native,,,,,,,,,,,,,,,,,,,,,0,
gradient,1,0.850000023842,0.860000014305,0.850000023842,False,predictive_flow,,native,,,,,,,,,,,,,,,,,,,,,0,
gradient,1,0.860000014305,0.870000004768,0.860000014305,False,predictive_flow,,native,,,,,,,,,,,,,,,,,,,,,0,
gradient,1,0.870000004768,0.879999995232,0.870000004768,False,predictive_flow,,native,,,,,,,,,,,,,,,,,,,,,0,
gradient,1,0.879999995232,0.889999985695,0.879999995232,False,predictive_flow,,native,,,,,,,,,,,,,,,,,,,,,0,
gradient,1,0.889999985695,0.899999976158,0.889999985695,False,predictive_flow,,native,,,,,,,,,,,,,,,,,,,,,0,
gradient,1,0.899999976158,0.910000026226,0.899999976158,False,predictive_flow,,native,,,,,,,,,,,,,,,,,,,,,0,
gradient,1,0.910000026226,0.920000016689,0.910000026226,False,predictive_flow,,native,,,,,,,,,,,,,,,,,,,,,0,
gradient,1,0.920000016689,0.930000007153,0.920000016689,False,predictive_flow,,native,,,,,,,,,,,,,,,,,,,,,0,
gradient,1,0.930000007153,0.939999997616,0.930000007153,False,predictive_flow,,native,,,,,,,,,,,,,,,,,,,,,0,
gradient,1,0.939999997616,0.949999988079,0.939999997616,False,predictive_flow,,native,,,,,,,,,,,,,,,,,,,,,0,
gradient,1,0.949999988079,0.959999978542,0.949999988079,False,predictive_flow,,native,,,,,,,,,,,,,,,,,,,,,0,
gradient,1,0.959999978542,0.97000002861,0.959999978542,False,predictive_flow,,native,,,,,,,,,,,,,,,,,,,,,0,
gradient,1,0.97000002861,0.980000019073,0.97000002861,False,predictive_flow,,native,,,,,,,,,,,,,,,,,,,,,0,
gradient,1,0.980000019073,0.990000009537,0.980000019073,False,predictive_flow,,native,,,,,,,,,,,,,,,,,,,,,0,
gradient,1,0.990000009537,1,0.990000009537,False,predictive_flow,,native,,,,,,,,,,,,,,,,,,,,,0,
