arm,batch,time,n_available,mean_reward,mean_standardized_residual,ck2:A:ASN117::all::centroid_x,ck2:A:ASN117::all::centroid_y,ck2:A:ASN117::all::centroid_z,ck2:A:ASN117::all::spread
unguided,0,0,50,-0.0293540017624,0.088164127025,2.18970181823,-9.837577388,6.37463085812,1.60540204467
unguided,0,0.01,50,-0.000525651246463,0.0133518391087,2.28102404324,-10.2515180737,6.74826147258,0.108968666536
unguided,0,0.02,50,-0.00051479017453,0.0115924644556,2.26814648679,-10.2295596483,6.76059122783,0.111203477969
unguided,0,0.03,50,-0.000321009059516,0.00760911346643,2.25668627749,-10.2070789622,6.77258710509,0.130454223728
unguided,0,0.04,50,-0.00023016869177,0.00597316162982,2.24649795968,-10.1824345182,6.78237518516,0.157417133068
unguided,0,0.05,50,-0.000428708338101,0.0122247670896,2.23641530698,-10.1589055211,6.79057689899,0.188906226099
unguided,0,0.06,50,-0.000482075051899,0.0125299682146,2.2266111052,-10.1330307939,6.79878748457,0.221666532043
unguided,0,0.07,50,-0.000263665833801,0.00872800911274,2.21683999867,-10.1072372453,6.80671787383,0.254637637538
unguided,0,0.08,50,-0.000298438638709,0.00897262226841,2.20779657664,-10.0814004946,6.81473279551,0.288274590902
unguided,0,0.09,50,-0.000422559738417,0.0118038513884,2.19831926005,-10.0549418844,6.82168215931,0.323242199695
unguided,0,0.1,50,-0.00034489938691,0.00979286428766,2.1888973658,-10.0289475271,6.82950508861,0.357038216762
unguided,0,0.11,50,-0.000307285039151,0.00978531919455,2.17903484778,-10.0012902171,6.83621550284,0.391514354078
unguided,0,0.12,50,-0.000398607452263,0.0133157674362,2.16870186231,-9.97382135056,6.84298934025,0.425448525129
unguided,0,0.13,50,-0.000392197135376,0.0124340381301,2.15885602711,-9.94542214657,6.8481339456,0.459534982679
unguided,0,0.14,50,-0.0003478065136,0.0119746030623,2.14959155674,-9.91716624281,6.85308307408,0.493167349428
unguided,0,0.15,50,-0.000793930608311,0.0185207491843,2.14011908279,-9.88890127475,6.85644970939,0.52753778605
unguided,0,0.16,50,-0.00096824244926,0.0211023389436,2.13142162247,-9.86089591677,6.85889522482,0.561005271626
unguided,0,0.17,50,-0.00140822110937,0.0268577554019,2.122580636,-9.8322222516,6.86075365625,0.594192593881
unguided,0,0.18,50,-0.00174216378921,0.0314476118925,2.11353344283,-9.80275001608,6.86219060584,0.627536480061
unguided,0,0.19,50,-0.00225585523377,0.0385898923625,2.10407805757,-9.77253704418,6.86320165273,0.660454582943
unguided,0,0.2,50,-0.00221152164368,0.0381063542857,2.09548737665,-9.74101328688,6.86418591251,0.692869841178
unguided,0,0.21,50,-0.00335505758202,0.0495447103957,2.08743775243,-9.70972624508,6.86390663705,0.725896836331
unguided,0,0.22,50,-0.00400024479483,0.0549808492004,2.07873715654,-9.678151249,6.86304644269,0.758097296411
unguided,0,0.23,50,-0.00464927588825,0.0590809765948,2.07070871826,-9.64679051214,6.86136039251,0.790337566385
unguided,0,0.24,50,-0.00471489306353,0.0589159187985,2.06231918438,-9.6151938508,6.85833774001,0.822578619641
unguided,0,0.25,50,-0.00465492644492,0.0586567986239,2.05394478946,-9.58341224535,6.85508030929,0.854363149729
unguided,0,0.26,50,-0.00507967145422,0.0614075795863,2.04597058493,-9.55167803461,6.85183580202,0.886011500538
unguided,0,0.27,50,-0.00655641108507,0.0723255528295,2.03801496182,-9.51843579689,6.84726316686,0.918025314633
unguided,0,0.28,50,-0.00764528193797,0.0782096227187,2.03016130804,-9.48531673665,6.84179462047,0.949302783462
unguided,0,0.29,50,-0.00956441966455,0.0899724516789,2.0225622083,-9.45209214357,6.83660516127,0.980022638166
unguided,0,0.3,50,-0.0103984217845,0.0919048167658,2.01479914101,-9.41765532598,6.83014036916,1.01042845491
unguided,0,0.31,50,-0.0108082976538,0.0927578207692,2.00669934651,-9.38318375966,6.82432511972,1.04053607369
unguided,0,0.32,50,-0.011993169083,0.0986951331511,1.998875453,-9.34826139524,6.81732886956,1.07032927979
unguided,0,0.33,50,-0.0131396676854,0.104156232063,1.99093178678,-9.31415078408,6.80976475101,1.10004197997
unguided,0,0.34,50,-0.0151147785389,0.112236040104,1.98317246145,-9.27946109716,6.80098067205,1.12993836015
unguided,0,0.35,50,-0.0161737314855,0.116233663771,1.97561969149,-9.2438632889,6.79150293638,1.16000035683
unguided,0,0.36,50,-0.0163288819774,0.116762701294,1.96771908361,-9.20874618472,6.78234924569,1.1888078716
unguided,0,0.37,50,-0.0171940074527,0.120925390149,1.95969851288,-9.17240606257,6.77253504958,1.2177140346
unguided,0,0.38,50,-0.0175185940065,0.121313647403,1.9525188595,-9.13700882129,6.76297277885,1.24611008319
unguided,0,0.39,50,-0.0185470047656,0.123157984211,1.94542363473,-9.10107579986,6.75225164025,1.27496033471
unguided,0,0.4,50,-0.0195737377206,0.125760723264,1.9372965204,-9.06453234764,6.74064563633,1.30323118445
unguided,0,0.41,50,-0.0208313346647,0.132145168996,1.92883241549,-9.02754068345,6.72817880845,1.33160609772
unguided,0,0.42,50,-0.0206522983512,0.1297652323,1.9210561163,-8.99055190775,6.71590059396,1.35930829493
unguided,0,0.43,50,-0.0202084351343,0.129742015108,1.91357597983,-8.95370277269,6.70262702166,1.38630531235
unguided,0,0.44,50,-0.0191865036226,0.126407735015,1.90601916981,-8.91731239512,6.69013247603,1.41256224994
unguided,0,0.45,50,-0.0191890367279,0.126070744071,1.89903535909,-8.88044041323,6.67569907751,1.43947790228
unguided,0,0.46,50,-0.0204908375782,0.130706481169,1.8920571116,-8.8430542365,6.66125711109,1.46628624576
unguided,0,0.47,50,-0.0204939388409,0.130645218001,1.88457529907,-8.80532085921,6.64644655473,1.49237165482
unguided,0,0.48,50,-0.0208874476182,0.132377731751,1.87701142669,-8.76696949658,6.63201008005,1.51846311404
unguided,0,0.49,50,-0.020627310957,0.130889971927,1.86949329175,-8.72963691219,6.61713311337,1.54365240205
unguided,0,0.5,50,-0.0211883169218,0.133168384697,1.86184913226,-8.69132315878,6.60245309583,1.56855581154
unguided,1,0,50,-0.0301773759663,0.102320702381,2.19840171336,-9.85986010803,6.38576992595,1.58823351697
unguided,1,0.01,50,-0.000336372996992,0.00923691913149,2.27861767242,-10.2512711426,6.74627929142,0.108675123851
unguided,1,0.02,50,-0.000248896403543,0.0107399916966,2.26776772298,-10.2289208158,6.75991229358,0.11177656791
unguided,1,0.03,50,-0.000197696791803,0.00759360508891,2.25865255057,-10.2058852328,6.77202334249,0.130488647306
unguided,1,0.04,50,-0.000252171746652,0.010159316425,2.24935316165,-10.1823977093,6.78077849519,0.157744272076
unguided,1,0.05,50,-0.000298365232645,0.0125692967633,2.23864314211,-10.1579790261,6.78960339405,0.18962534974
unguided,1,0.06,50,-0.000268777313999,0.0103133988826,2.22773970811,-10.133446476,6.79778571874,0.222082996997
unguided,1,0.07,50,-0.000278235334869,0.0116562673102,2.21829367944,-10.1070250701,6.80577770567,0.255334238162
unguided,1,0.08,50,-0.000308413627145,0.0117290564701,2.20814297445,-10.0809864965,6.81503491912,0.288153654856
unguided,1,0.09,50,-0.000280291758449,0.00925490388296,2.19861158423,-10.0541107481,6.82304567608,0.320421291514
unguided,1,0.1,50,-0.000253858959002,0.00960958744283,2.18826847671,-10.0263470112,6.82996321441,0.354662994157
unguided,1,0.11,50,-0.000260463942528,0.0079797177085,2.17777229516,-9.99956474295,6.83667743243,0.388823529601
unguided,1,0.12,50,-0.000191491340892,0.00809181071658,2.16821210431,-9.97248328271,6.84290022192,0.423845476626
unguided,1,0.13,50,-0.000288682191587,0.00935216512018,2.15857441391,-9.94417800985,6.84847619537,0.458312695202
unguided,1,0.14,50,-0.000141434509359,0.00605129290586,2.14922777152,-9.9163484414,6.85265169385,0.491114988634
unguided,1,0.15,50,-0.000121971954307,0.00517222730863,2.13996713373,-9.88824313234,6.85741123612,0.52420246321
unguided,1,0.16,50,-0.000210818149976,0.00824806479153,2.13114344906,-9.85897896091,6.86022585539,0.557713648961
unguided,1,0.17,50,-0.00034113719993,0.010747626119,2.12082718314,-9.82960321175,6.86329784677,0.591312194679
unguided,1,0.18,50,-0.000390368615893,0.0125480261627,2.11175141484,-9.79968785832,6.86513539476,0.624372773102
unguided,1,0.19,50,-0.000600865686042,0.0160863316156,2.10323024524,-9.76968207556,6.8660682239,0.656844940251
unguided,1,0.2,50,-0.000801492895813,0.0192755594022,2.09422451525,-9.73993867944,6.86554122463,0.689563534897
unguided,1,0.21,50,-0.0016483865562,0.0312022220328,2.08518369917,-9.70917940455,6.86449272464,0.723046293676
unguided,1,0.22,50,-0.00212831332684,0.0373222269689,2.07657857922,-9.67852801372,6.86417714791,0.755149222767
unguided,1,0.23,50,-0.00275042011254,0.0427270010686,2.06810797039,-9.64785890881,6.86238431646,0.787466273513
unguided,1,0.24,50,-0.00306619161384,0.0460567156713,2.05945512968,-9.61656553691,6.85934889588,0.820047649621
unguided,1,0.25,50,-0.00369072482718,0.0504001527147,2.05111032461,-9.58505456694,6.85608794368,0.85217085741
unguided,1,0.26,50,-0.00433134336373,0.0547855713505,2.04372293061,-9.55320244401,6.85220796479,0.884068121133
unguided,1,0.27,50,-0.00519173565191,0.0619039469265,2.03519310581,-9.52134256525,6.84814856708,0.915810286206
unguided,1,0.28,50,-0.00611431466247,0.067315533374,2.02810246692,-9.4890998662,6.84360901933,0.947769721381
unguided,1,0.29,50,-0.0080567793158,0.0798188854872,2.02013658003,-9.4563201026,6.83781775735,0.979093697663
unguided,1,0.3,50,-0.00896602086283,0.0852377678357,2.01208829995,-9.42287064593,6.83185602301,1.01027699785
unguided,1,0.31,50,-0.00977894939853,0.0897355999028,2.00466489819,-9.38978302611,6.82537822039,1.04118526777
unguided,1,0.32,50,-0.0113911087053,0.0981656295693,1.99690077456,-9.356486342,6.81832917844,1.07178234797
unguided,1,0.33,50,-0.0124825439919,0.102785806203,1.98920201409,-9.32230657777,6.81056910042,1.10195517145
unguided,1,0.34,50,-0.0137019840678,0.110125576201,1.98162557613,-9.28813353742,6.80203914881,1.13217355992
unguided,1,0.35,50,-0.014787928863,0.116069545727,1.9741879786,-9.25388698338,6.79262814323,1.16256816829
unguided,1,0.36,50,-0.0145596618945,0.11556438783,1.96684014281,-9.21932971569,6.78273836565,1.19211774432
unguided,1,0.37,50,-0.0154680575905,0.119141640263,1.95962976957,-9.18389825851,6.77309225475,1.22145825152
unguided,1,0.38,50,-0.0152979029119,0.118366539447,1.95207429014,-9.14875599039,6.76243823047,1.25013363536
unguided,1,0.39,50,-0.0159352594071,0.120199003444,1.94408082126,-9.11317787368,6.75149566862,1.27873787959
unguided,1,0.4,50,-0.0166375790153,0.123839827072,1.93609559646,-9.07699821724,6.74018114639,1.30718084734
unguided,1,0.41,50,-0.017751485584,0.128432066954,1.92775620841,-9.04152174287,6.72845984839,1.33523303567
unguided,1,0.42,50,-0.0170105967997,0.125780973314,1.92063724746,-9.00500096465,6.71658605103,1.36279038494
unguided,1,0.43,50,-0.0172948903018,0.126086419642,1.91354095462,-8.96915811819,6.7037124722,1.3903042181
unguided,1,0.44,50,-0.0168940455103,0.123926034354,1.90617579068,-8.93374279168,6.6899017576,1.41693210169
unguided,1,0.45,50,-0.0160844101267,0.119911772206,1.89938475894,-8.89772575523,6.67610543941,1.44358102073
unguided,1,0.46,50,-0.0164780844935,0.122981288447,1.89267617275,-8.86103522062,6.6624776934,1.47001397413
unguided,1,0.47,50,-0.0174296967532,0.125983222182,1.88571947017,-8.82409873208,6.64812103921,1.49592224867
unguided,1,0.48,50,-0.0184999949027,0.128682026677,1.87774956854,-8.78589846888,6.63274419408,1.52182192825
unguided,1,0.49,50,-0.0182299676419,0.127408374334,1.87017424774,-8.74781686983,6.61757014729,1.54719865194
unguided,1,0.5,50,-0.0188797994423,0.128935358861,1.86274959873,-8.70983949896,6.60209279408,1.57200722957
gradient_zero,0,0,50,-0.0293540017624,0.088164127025,2.18970181823,-9.837577388,6.37463085812,1.60540204467
gradient_zero,0,0.01,50,-0.000525651246463,0.0133518391087,2.28102404324,-10.2515180737,6.74826147258,0.108968666536
gradient_zero,0,0.02,50,-0.00051479017453,0.0115924644556,2.26814648679,-10.2295596483,6.76059122783,0.111203477969
gradient_zero,0,0.03,50,-0.000321009059516,0.00760911346643,2.25668627749,-10.2070789622,6.77258710509,0.130454223728
gradient_zero,0,0.04,50,-0.00023016869177,0.00597316162982,2.24649795968,-10.1824345182,6.78237518516,0.157417133068
gradient_zero,0,0.05,50,-0.000428708338101,0.0122247670896,2.23641530698,-10.1589055211,6.79057689899,0.188906226099
gradient_zero,0,0.06,50,-0.000482075051899,0.0125299682146,2.2266111052,-10.1330307939,6.79878748457,0.221666532043
gradient_zero,0,0.07,50,-0.000263665833801,0.00872800911274,2.21683999867,-10.1072372453,6.80671787383,0.254637637538
gradient_zero,0,0.08,50,-0.000298438638709,0.00897262226841,2.20779657664,-10.0814004946,6.81473279551,0.288274590902
gradient_zero,0,0.09,50,-0.000422559738417,0.0118038513884,2.19831926005,-10.0549418844,6.82168215931,0.323242199695
gradient_zero,0,0.1,50,-0.00034489938691,0.00979286428766,2.1888973658,-10.0289475271,6.82950508861,0.357038216762
gradient_zero,0,0.11,50,-0.000307285039151,0.00978531919455,2.17903484778,-10.0012902171,6.83621550284,0.391514354078
gradient_zero,0,0.12,50,-0.000398607452263,0.0133157674362,2.16870186231,-9.97382135056,6.84298934025,0.425448525129
gradient_zero,0,0.13,50,-0.000392197135376,0.0124340381301,2.15885602711,-9.94542214657,6.8481339456,0.459534982679
gradient_zero,0,0.14,50,-0.0003478065136,0.0119746030623,2.14959155674,-9.91716624281,6.85308307408,0.493167349428
gradient_zero,0,0.15,50,-0.000793930608311,0.0185207491843,2.14011908279,-9.88890127475,6.85644970939,0.52753778605
gradient_zero,0,0.16,50,-0.00096824244926,0.0211023389436,2.13142162247,-9.86089591677,6.85889522482,0.561005271626
gradient_zero,0,0.17,50,-0.00140822110937,0.0268577554019,2.122580636,-9.8322222516,6.86075365625,0.594192593881
gradient_zero,0,0.18,50,-0.00174216378921,0.0314476118925,2.11353344283,-9.80275001608,6.86219060584,0.627536480061
gradient_zero,0,0.19,50,-0.00225585523377,0.0385898923625,2.10407805757,-9.77253704418,6.86320165273,0.660454582943
gradient_zero,0,0.2,50,-0.00221152164368,0.0381063542857,2.09548737665,-9.74101328688,6.86418591251,0.692869841178
gradient_zero,0,0.21,50,-0.00335505758202,0.0495447103957,2.08743775243,-9.70972624508,6.86390663705,0.725896836331
gradient_zero,0,0.22,50,-0.00400024479483,0.0549808492004,2.07873715654,-9.678151249,6.86304644269,0.758097296411
gradient_zero,0,0.23,50,-0.00464927588825,0.0590809765948,2.07070871826,-9.64679051214,6.86136039251,0.790337566385
gradient_zero,0,0.24,50,-0.00471489306353,0.0589159187985,2.06231918438,-9.6151938508,6.85833774001,0.822578619641
gradient_zero,0,0.25,50,-0.00465492644492,0.0586567986239,2.05394478946,-9.58341224535,6.85508030929,0.854363149729
gradient_zero,0,0.26,50,-0.00507967145422,0.0614075795863,2.04597058493,-9.55167803461,6.85183580202,0.886011500538
gradient_zero,0,0.27,50,-0.00655641108507,0.0723255528295,2.03801496182,-9.51843579689,6.84726316686,0.918025314633
gradient_zero,0,0.28,50,-0.00764528193797,0.0782096227187,2.03016130804,-9.48531673665,6.84179462047,0.949302783462
gradient_zero,0,0.29,50,-0.00956441966455,0.0899724516789,2.0225622083,-9.45209214357,6.83660516127,0.980022638166
gradient_zero,0,0.3,50,-0.0103984217845,0.0919048167658,2.01479914101,-9.41765532598,6.83014036916,1.01042845491
gradient_zero,0,0.31,50,-0.0108082976538,0.0927578207692,2.00669934651,-9.38318375966,6.82432511972,1.04053607369
gradient_zero,0,0.32,50,-0.011993169083,0.0986951331511,1.998875453,-9.34826139524,6.81732886956,1.07032927979
gradient_zero,0,0.33,50,-0.0131396676854,0.104156232063,1.99093178678,-9.31415078408,6.80976475101,1.10004197997
gradient_zero,0,0.34,50,-0.0151147785389,0.112236040104,1.98317246145,-9.27946109716,6.80098067205,1.12993836015
gradient_zero,0,0.35,50,-0.0161737314855,0.116233663771,1.97561969149,-9.2438632889,6.79150293638,1.16000035683
gradient_zero,0,0.36,50,-0.0163288819774,0.116762701294,1.96771908361,-9.20874618472,6.78234924569,1.1888078716
gradient_zero,0,0.37,50,-0.0171940074527,0.120925390149,1.95969851288,-9.17240606257,6.77253504958,1.2177140346
gradient_zero,0,0.38,50,-0.0175185940065,0.121313647403,1.9525188595,-9.13700882129,6.76297277885,1.24611008319
gradient_zero,0,0.39,50,-0.0185470047656,0.123157984211,1.94542363473,-9.10107579986,6.75225164025,1.27496033471
gradient_zero,0,0.4,50,-0.0195737377206,0.125760723264,1.9372965204,-9.06453234764,6.74064563633,1.30323118445
gradient_zero,0,0.41,50,-0.0208313346647,0.132145168996,1.92883241549,-9.02754068345,6.72817880845,1.33160609772
gradient_zero,0,0.42,50,-0.0206522983512,0.1297652323,1.9210561163,-8.99055190775,6.71590059396,1.35930829493
gradient_zero,0,0.43,50,-0.0202084351343,0.129742015108,1.91357597983,-8.95370277269,6.70262702166,1.38630531235
gradient_zero,0,0.44,50,-0.0191865036226,0.126407735015,1.90601916981,-8.91731239512,6.69013247603,1.41256224994
gradient_zero,0,0.45,50,-0.0191890367279,0.126070744071,1.89903535909,-8.88044041323,6.67569907751,1.43947790228
gradient_zero,0,0.46,50,-0.0204908375782,0.130706481169,1.8920571116,-8.8430542365,6.66125711109,1.46628624576
gradient_zero,0,0.47,50,-0.0204939388409,0.130645218001,1.88457529907,-8.80532085921,6.64644655473,1.49237165482
gradient_zero,0,0.48,50,-0.0208874476182,0.132377731751,1.87701142669,-8.76696949658,6.63201008005,1.51846311404
gradient_zero,0,0.49,50,-0.020627310957,0.130889971927,1.86949329175,-8.72963691219,6.61713311337,1.54365240205
gradient_zero,0,0.5,50,-0.0211883169218,0.133168384697,1.86184913226,-8.69132315878,6.60245309583,1.56855581154
gradient_zero,1,0,50,-0.0301773759663,0.102320702381,2.19840171336,-9.85986010803,6.38576992595,1.58823351697
gradient_zero,1,0.01,50,-0.000336372996992,0.00923691913149,2.27861767242,-10.2512711426,6.74627929142,0.108675123851
gradient_zero,1,0.02,50,-0.000248896403543,0.0107399916966,2.26776772298,-10.2289208158,6.75991229358,0.11177656791
gradient_zero,1,0.03,50,-0.000197696791803,0.00759360508891,2.25865255057,-10.2058852328,6.77202334249,0.130488647306
gradient_zero,1,0.04,50,-0.000252171746652,0.010159316425,2.24935316165,-10.1823977093,6.78077849519,0.157744272076
gradient_zero,1,0.05,50,-0.000298365232645,0.0125692967633,2.23864314211,-10.1579790261,6.78960339405,0.18962534974
gradient_zero,1,0.06,50,-0.000268777313999,0.0103133988826,2.22773970811,-10.133446476,6.79778571874,0.222082996997
gradient_zero,1,0.07,50,-0.000278235334869,0.0116562673102,2.21829367944,-10.1070250701,6.80577770567,0.255334238162
gradient_zero,1,0.08,50,-0.000308413627145,0.0117290564701,2.20814297445,-10.0809864965,6.81503491912,0.288153654856
gradient_zero,1,0.09,50,-0.000280291758449,0.00925490388296,2.19861158423,-10.0541107481,6.82304567608,0.320421291514
gradient_zero,1,0.1,50,-0.000253858959002,0.00960958744283,2.18826847671,-10.0263470112,6.82996321441,0.354662994157
gradient_zero,1,0.11,50,-0.000260463942528,0.0079797177085,2.17777229516,-9.99956474295,6.83667743243,0.388823529601
gradient_zero,1,0.12,50,-0.000191491340892,0.00809181071658,2.16821210431,-9.97248328271,6.84290022192,0.423845476626
gradient_zero,1,0.13,50,-0.000288682191587,0.00935216512018,2.15857441391,-9.94417800985,6.84847619537,0.458312695202
gradient_zero,1,0.14,50,-0.000141434509359,0.00605129290586,2.14922777152,-9.9163484414,6.85265169385,0.491114988634
gradient_zero,1,0.15,50,-0.000121971954307,0.00517222730863,2.13996713373,-9.88824313234,6.85741123612,0.52420246321
gradient_zero,1,0.16,50,-0.000210818149976,0.00824806479153,2.13114344906,-9.85897896091,6.86022585539,0.557713648961
gradient_zero,1,0.17,50,-0.00034113719993,0.010747626119,2.12082718314,-9.82960321175,6.86329784677,0.591312194679
gradient_zero,1,0.18,50,-0.000390368615893,0.0125480261627,2.11175141484,-9.79968785832,6.86513539476,0.624372773102
gradient_zero,1,0.19,50,-0.000600865686042,0.0160863316156,2.10323024524,-9.76968207556,6.8660682239,0.656844940251
gradient_zero,1,0.2,50,-0.000801492895813,0.0192755594022,2.09422451525,-9.73993867944,6.86554122463,0.689563534897
gradient_zero,1,0.21,50,-0.0016483865562,0.0312022220328,2.08518369917,-9.70917940455,6.86449272464,0.723046293676
gradient_zero,1,0.22,50,-0.00212831332684,0.0373222269689,2.07657857922,-9.67852801372,6.86417714791,0.755149222767
gradient_zero,1,0.23,50,-0.00275042011254,0.0427270010686,2.06810797039,-9.64785890881,6.86238431646,0.787466273513
gradient_zero,1,0.24,50,-0.00306619161384,0.0460567156713,2.05945512968,-9.61656553691,6.85934889588,0.820047649621
gradient_zero,1,0.25,50,-0.00369072482718,0.0504001527147,2.05111032461,-9.58505456694,6.85608794368,0.85217085741
gradient_zero,1,0.26,50,-0.00433134336373,0.0547855713505,2.04372293061,-9.55320244401,6.85220796479,0.884068121133
gradient_zero,1,0.27,50,-0.00519173565191,0.0619039469265,2.03519310581,-9.52134256525,6.84814856708,0.915810286206
gradient_zero,1,0.28,50,-0.00611431466247,0.067315533374,2.02810246692,-9.4890998662,6.84360901933,0.947769721381
gradient_zero,1,0.29,50,-0.0080567793158,0.0798188854872,2.02013658003,-9.4563201026,6.83781775735,0.979093697663
gradient_zero,1,0.3,50,-0.00896602086283,0.0852377678357,2.01208829995,-9.42287064593,6.83185602301,1.01027699785
gradient_zero,1,0.31,50,-0.00977894939853,0.0897355999028,2.00466489819,-9.38978302611,6.82537822039,1.04118526777
gradient_zero,1,0.32,50,-0.0113911087053,0.0981656295693,1.99690077456,-9.356486342,6.81832917844,1.07178234797
gradient_zero,1,0.33,50,-0.0124825439919,0.102785806203,1.98920201409,-9.32230657777,6.81056910042,1.10195517145
gradient_zero,1,0.34,50,-0.0137019840678,0.110125576201,1.98162557613,-9.28813353742,6.80203914881,1.13217355992
gradient_zero,1,0.35,50,-0.014787928863,0.116069545727,1.9741879786,-9.25388698338,6.79262814323,1.16256816829
gradient_zero,1,0.36,50,-0.0145596618945,0.11556438783,1.96684014281,-9.21932971569,6.78273836565,1.19211774432
gradient_zero,1,0.37,50,-0.0154680575905,0.119141640263,1.95962976957,-9.18389825851,6.77309225475,1.22145825152
gradient_zero,1,0.38,50,-0.0152979029119,0.118366539447,1.95207429014,-9.14875599039,6.76243823047,1.25013363536
gradient_zero,1,0.39,50,-0.0159352594071,0.120199003444,1.94408082126,-9.11317787368,6.75149566862,1.27873787959
gradient_zero,1,0.4,50,-0.0166375790153,0.123839827072,1.93609559646,-9.07699821724,6.74018114639,1.30718084734
gradient_zero,1,0.41,50,-0.017751485584,0.128432066954,1.92775620841,-9.04152174287,6.72845984839,1.33523303567
gradient_zero,1,0.42,50,-0.0170105967997,0.125780973314,1.92063724746,-9.00500096465,6.71658605103,1.36279038494
gradient_zero,1,0.43,50,-0.0172948903018,0.126086419642,1.91354095462,-8.96915811819,6.7037124722,1.3903042181
gradient_zero,1,0.44,50,-0.0168940455103,0.123926034354,1.90617579068,-8.93374279168,6.6899017576,1.41693210169
gradient_zero,1,0.45,50,-0.0160844101267,0.119911772206,1.89938475894,-8.89772575523,6.67610543941,1.44358102073
gradient_zero,1,0.46,50,-0.0164780844935,0.122981288447,1.89267617275,-8.86103522062,6.6624776934,1.47001397413
gradient_zero,1,0.47,50,-0.0174296967532,0.125983222182,1.88571947017,-8.82409873208,6.64812103921,1.49592224867
gradient_zero,1,0.48,50,-0.0184999949027,0.128682026677,1.87774956854,-8.78589846888,6.63274419408,1.52182192825
gradient_zero,1,0.49,50,-0.0182299676419,0.127408374334,1.87017424774,-8.74781686983,6.61757014729,1.54719865194
gradient_zero,1,0.5,50,-0.0188797994423,0.128935358861,1.86274959873,-8.70983949896,6.60209279408,1.57200722957
gradient,0,0,50,-0.0293540017624,0.088164127025,2.18970181823,-9.837577388,6.37463085812,1.60540204467
gradient,0,0.01,50,-1.97663434926e-05,0.00150687245495,2.2810440535,-10.2516146411,6.74835859098,0.106190989615
gradient,0,0.02,50,-0.000298993632193,0.00862097186386,2.26815133038,-10.2295989731,6.76062828519,0.110202450284
gradient,0,0.03,50,-0.00021993381126,0.00597200444363,2.25669036325,-10.2071042123,6.77261498897,0.129892099868
gradient,0,0.04,50,-0.000154304631714,0.00488886535617,2.2465018464,-10.1824601222,6.7823997461,0.15701121712
gradient,0,0.05,50,-0.000301662734795,0.0103593364269,2.23641775141,-10.1589434928,6.79061016206,0.188469639633
gradient,0,0.06,50,-0.000314399195616,0.0102026760598,2.22661224132,-10.133081426,6.7988300728,0.221189720852
gradient,0,0.07,50,-0.000145501233033,0.00659981267552,2.21684014025,-10.1072974388,6.80676331221,0.254169449057
gradient,0,0.08,50,-0.000162228903888,0.00676641347927,2.20779598813,-10.081473494,6.81478150789,0.287796679351
gradient,0,0.09,50,-0.000253329780545,0.00927220138193,2.19831794976,-10.055029667,6.82173624568,0.322710381103
gradient,0,0.1,50,-0.000182477213658,0.00721570181426,2.18889882642,-10.0290556491,6.82955400699,0.356502404031
gradient,0,0.11,50,-0.000159765292243,0.0072304357778,2.17903958664,-10.0014128518,6.83624297445,0.390978329865
gradient,0,0.12,50,-0.000237861349002,0.0100286889124,2.16871220599,-9.97395590091,6.84301474482,0.424886222074
gradient,0,0.13,50,-0.00024059645831,0.00915906021817,2.15887164759,-9.94555568971,6.84817004935,0.458965230606
gradient,0,0.14,50,-0.000211252130373,0.00894259075338,2.14960918059,-9.91731359755,6.85312018272,0.492597394001
gradient,0,0.15,50,-0.000527091733998,0.0144593535134,2.14014754915,-9.8890983941,6.85651148977,0.526897693744
gradient,0,0.16,50,-0.000615766208544,0.0165249718734,2.13146731677,-9.8611410738,6.85896268016,0.560306235747
gradient,0,0.17,50,-0.000886949614084,0.0208695449077,2.12263499572,-9.83252167779,6.86080997978,0.59337004012
gradient,0,0.18,50,-0.00104342622864,0.0239618618449,2.11358944379,-9.80309319267,6.86222489812,0.626543363011
gradient,0,0.19,50,-0.00133879268593,0.0294641595637,2.10413078491,-9.77288925694,6.86320387108,0.659271548048
gradient,0,0.2,50,-0.00121908407587,0.0275759547596,2.09554536329,-9.74137707,6.86416135151,0.691537268139
gradient,0,0.21,50,-0.00192155651123,0.0371696813851,2.08750353416,-9.71012136694,6.86390419409,0.724324566043
gradient,0,0.22,50,-0.00222272695096,0.0405713569746,2.07881346792,-9.67857554894,6.86305607036,0.756304334669
gradient,0,0.23,50,-0.00248797748536,0.0425304346976,2.07080422643,-9.64724985605,6.86139069914,0.788260651554
gradient,0,0.24,50,-0.00236949946203,0.0408665291627,2.06244455503,-9.61563367762,6.85840221563,0.820256279714
gradient,0,0.25,50,-0.0021904418074,0.0402793622782,2.05406155321,-9.58376405866,6.85520719009,0.851777084884
gradient,0,0.26,50,-0.00230893869287,0.0412606150592,2.04606963362,-9.55183279614,6.85200471472,0.883126389481
gradient,0,0.27,50,-0.0030990487249,0.0497847453915,2.03808521087,-9.51838743657,6.84749281626,0.914722031985
gradient,0,0.28,50,-0.00350835273788,0.0526671841599,2.0302057166,-9.48503243602,6.84208913904,0.945535148503
gradient,0,0.29,50,-0.00445001037662,0.0610795189611,2.02252349858,-9.45152264906,6.83705487189,0.975708706076
gradient,0,0.3,50,-0.00458124825677,0.0602202629066,2.01468098754,-9.41673692004,6.83072494319,1.00559880312
gradient,0,0.31,50,-0.00456289983792,0.0589254898897,2.00649816909,-9.38188575761,6.82503458813,1.0352097464
gradient,0,0.32,50,-0.00503910190554,0.0622788606512,1.99861933299,-9.34655958239,6.81829761862,1.06459822318
gradient,0,0.33,50,-0.00538028851506,0.0644321963518,1.99062806426,-9.31201084012,6.81100780683,1.09396243797
gradient,0,0.34,50,-0.00627710858063,0.0699214740153,1.98283055667,-9.27691352582,6.80251339993,1.12345066112
gradient,0,0.35,50,-0.0066081521552,0.0711632675102,1.97525641144,-9.24086350992,6.79333633139,1.15317255343
gradient,0,0.36,50,-0.00644276950757,0.0701813008273,1.96732383921,-9.20539158641,6.78448964838,1.18165606574
gradient,0,0.37,50,-0.00664668063817,0.0720776996559,1.95926498335,-9.16871372564,6.77500918333,1.21023648543
gradient,0,0.38,50,-0.00658843432013,0.0706788620725,1.95205625759,-9.13296779822,6.76581757223,1.23831473351
gradient,0,0.39,50,-0.00702113646219,0.0718194798654,1.94492602724,-9.09671109831,6.75550721075,1.26694278555
gradient,0,0.4,50,-0.00739467207932,0.0729885686923,1.93676009448,-9.05989635949,6.74425871532,1.29503750213
gradient,0,0.41,50,-0.00794295050391,0.0774049912053,1.92825234128,-9.02268967336,6.73221339678,1.32322686707
gradient,0,0.42,50,-0.00778567665505,0.0746473625423,1.9204310147,-8.98543514588,6.72039752288,1.35081779934
gradient,0,0.43,50,-0.00756650104813,0.074372516374,1.91290712007,-8.94830799175,6.70752211016,1.37776094202
gradient,0,0.44,50,-0.00700608215034,0.071099545449,1.90530635176,-8.91164653548,6.69536482668,1.40399098369
gradient,0,0.45,50,-0.00695838312586,0.0708658464171,1.89832981585,-8.87457759221,6.68128531714,1.43087737915
gradient,0,0.46,50,-0.0076869808968,0.0747968457106,1.89136450273,-8.83705904192,6.66716714599,1.45760370853
gradient,0,0.47,50,-0.00783504066092,0.0753089006121,1.88391377865,-8.79918737816,6.65264248959,1.48364081474
gradient,0,0.48,50,-0.00809782603041,0.0768294779078,1.87633991917,-8.76071232541,6.63848013604,1.50963558824
gradient,0,0.49,50,-0.00790186033759,0.0748752960358,1.86882612808,-8.72315761289,6.6238465918,1.53481414952
gradient,0,0.5,50,-0.00836238238688,0.0769526774731,1.8611711245,-8.68464359209,6.60937031394,1.55969402593
gradient,1,0,50,-0.0301773759663,0.102320702381,2.19840171336,-9.85986010803,6.38576992595,1.58823351697
gradient,1,0.01,50,-3.81124952888e-05,0.00123529444824,2.27863723823,-10.2513426333,6.74634158077,0.106599846491
gradient,1,0.02,50,-0.00015264189661,0.00767239162375,2.26777288203,-10.2289510982,6.75993926595,0.110992450357
gradient,1,0.03,50,-0.000141395522058,0.0062058936087,2.25865524397,-10.2059065662,6.77204424646,0.129986899328
gradient,1,0.04,50,-0.000179730132259,0.00819421750943,2.24935565953,-10.182422163,6.78080266835,0.157292365514
gradient,1,0.05,50,-0.000198389440989,0.010017686553,2.23864440244,-10.1580097433,6.7896357118,0.189155853864
gradient,1,0.06,50,-0.00017857202958,0.00780707738129,2.22774047426,-10.1334794099,6.79782136353,0.22160688387
gradient,1,0.07,50,-0.000183171018417,0.00931646760979,2.21829177862,-10.1070593018,6.80581728289,0.254818442497
gradient,1,0.08,50,-0.000199770828664,0.00894909780422,2.20814244799,-10.0810339458,6.81507623798,0.287583814411
gradient,1,0.09,50,-0.000179282469352,0.00705004900357,2.19861460302,-10.0541815733,6.82308006334,0.319842923062
gradient,1,0.1,50,-0.000153054012231,0.00730366391832,2.18827549622,-10.0264539358,6.82999218833,0.354071216819
gradient,1,0.11,50,-0.00015453571601,0.00578324429727,2.17778324919,-9.9996971431,6.83670122452,0.388229245733
gradient,1,0.12,50,-0.00010001139373,0.00562117716422,2.16822738525,-9.97263661703,6.84291851394,0.423261344791
gradient,1,0.13,50,-0.000162143521759,0.00678313822781,2.15859429317,-9.94432482142,6.84849503895,0.457729549467
gradient,1,0.14,50,-6.45520329442e-05,0.00363906586966,2.14925651226,-9.91648026799,6.85266193572,0.490570796153
gradient,1,0.15,50,-5.98100725952e-05,0.00361100450554,2.14000066391,-9.88833303673,6.85742561786,0.523689890159
gradient,1,0.16,50,-0.000118572463764,0.00620295791472,2.13118290303,-9.85901867339,6.86024748596,0.557201633055
gradient,1,0.17,50,-0.000207675553817,0.00815189734585,2.12087362843,-9.82959104466,6.86335071165,0.590790864572
gradient,1,0.18,50,-0.00024209716213,0.00966443730001,2.11180603401,-9.79962729203,6.86524077419,0.623848921855
gradient,1,0.19,50,-0.000380876520568,0.0129994922313,2.10329205899,-9.76963468964,6.86622778892,0.656297471771
gradient,1,0.2,50,-0.000505396045632,0.0153277625485,2.09429270329,-9.73992967102,6.86575889463,0.688981931247
gradient,1,0.21,50,-0.00110779025149,0.0258997210329,2.08525842905,-9.70924801539,6.86480984448,0.722338144264
gradient,1,0.22,50,-0.00137832417879,0.0304568093412,2.07665134642,-9.67867005913,6.86460107952,0.75427630953
gradient,1,0.23,50,-0.00171603364046,0.0339248095609,2.06817109963,-9.64807767651,6.86293608742,0.786355071443
gradient,1,0.24,50,-0.00182484733994,0.0353172685736,2.05950950579,-9.6168188722,6.86003442584,0.818671652347
gradient,1,0.25,50,-0.00212224740029,0.0376896859969,2.05115497015,-9.58530246597,6.85688821087,0.8504855518
gradient,1,0.26,50,-0.00238633824253,0.0402935892222,2.04374993579,-9.55341417537,6.85315247431,0.88207573873
gradient,1,0.27,50,-0.00279574926779,0.045362246838,2.03520133663,-9.52146134418,6.84924131608,0.913454453868
gradient,1,0.28,50,-0.00319699611332,0.0485007234426,2.02809033858,-9.48914532173,6.84487290827,0.944989975557
gradient,1,0.29,50,-0.00428509856361,0.0583020914537,2.0200943249,-9.45626931813,6.83934676363,0.975815445876
gradient,1,0.3,50,-0.00459832304982,0.0610452941601,2.01199525063,-9.42273455465,6.83370750167,1.0065171942
gradient,1,0.31,50,-0.00482572529422,0.0630008271702,2.0045086129,-9.38957749163,6.82755541357,1.03697007131
gradient,1,0.32,50,-0.00556713776989,0.0686693925451,1.99666315791,-9.35624368147,6.82079547182,1.06708052549
gradient,1,0.33,50,-0.00593221427874,0.0704537512243,1.98890003174,-9.32208768584,6.81330432822,1.0967873113
gradient,1,0.34,50,-0.00636549662184,0.0747636655771,1.98124919031,-9.28795419384,6.80501303121,1.12648585575
gradient,1,0.35,50,-0.00667414506249,0.0775878189341,1.97376456966,-9.25380515933,6.79586847505,1.15641710566
gradient,1,0.36,50,-0.00618886746583,0.07420656872,1.96639596856,-9.21937130547,6.78620148781,1.18561842306
gradient,1,0.37,50,-0.00644578493062,0.0755375322293,1.95915983758,-9.18406798297,6.77685386166,1.21461267786
gradient,1,0.38,50,-0.00606126898834,0.0729877561654,1.95159108338,-9.14905017692,6.76646258307,1.24302637656
gradient,1,0.39,50,-0.00623855446391,0.0730861040914,1.94358622019,-9.11366686028,6.75581079662,1.27140667725
gradient,1,0.4,50,-0.00644055200782,0.0753489562107,1.93554018464,-9.07771365769,6.74486485701,1.29961039691
gradient,1,0.41,50,-0.00691078306074,0.0784701052114,1.92710578797,-9.04248296464,6.73342033656,1.32740089583
gradient,1,0.42,50,-0.00626189193738,0.0746525353485,1.91986488361,-9.00627324417,6.72169956191,1.35474565788
gradient,1,0.43,50,-0.00629042261382,0.0740625478386,1.91263868215,-8.97076581007,6.70898944329,1.38211499404
gradient,1,0.44,50,-0.00598491148454,0.0714077565837,1.90514084894,-8.93568063597,6.69527847324,1.40865653551
gradient,1,0.45,50,-0.00543785698353,0.0671861308911,1.8982247827,-8.89999213015,6.68155235354,1.43523990486
gradient,1,0.46,50,-0.00561837473055,0.0702266165519,1.89140014694,-8.86360958205,6.66802398499,1.4616409754
gradient,1,0.47,50,-0.00611843889244,0.0727389680656,1.88434928941,-8.82700951793,6.65371403827,1.48743141532
gradient,1,0.48,50,-0.00670367211115,0.0746580215355,1.87628473893,-8.78913315627,6.63840675752,1.51323142784
gradient,1,0.49,50,-0.00652844037567,0.0732227293868,1.8686322267,-8.75143188958,6.62326085477,1.53854895601
gradient,1,0.5,50,-0.00692660575324,0.0745575903101,1.86110606085,-8.71380574871,6.60774961752,1.56332132761
