label,round,n,valid_connected,pb_fast_pass,unique_smiles,unique_scaffolds,all_pic50_on_rescore_mean,all_pic50_on_rescore_n,valid_pic50_on_rescore_mean,valid_pic50_on_rescore_n,unique_valid_pic50_on_rescore_mean,unique_valid_pic50_on_rescore_n,all_mmff_relief_per_heavy_median,all_mmff_relief_per_heavy_n,all_relax_rms_surround_A_mean,all_relax_rms_surround_A_n,actual_x_window_end_symmetric_shape_A,shape_improvement_fraction_vs_native,inference_commit,coordinate_program_sha256,learning_reference_sha256
Original Steer,,100,98,98,24,15,7.51035056114,100,7.50114429727,98,7.26822153727,24,0.39867933214,98,0.202920621558,98,,,,,
Native,0,100,98,98,69,63,7.43427485943,100,7.43703975969,98,7.27186834639,69,0.548773397424,98,0.327214248448,98,0.237427045236,0,,,
coordinate_r01_spread,1,100,98,98,72,64,7.40558877468,100,7.40776412828,98,7.2368273139,72,0.549577004576,98,0.343860821012,98,0.233446107771,0.0167669924096,635e79afacb84a23d9ce851a3a5971c514c7da70,45c23a09ff59bca46edb9f991cb5cc47f5c055c1c52fb73a334952aca85c8dd8,a50c74a8c0218c49d32f16442acad5b43fcad771c16cbaec948f74acff4f2f47
coordinate_r02_global,2,100,98,98,71,64,7.42727509022,100,7.42987557333,98,7.2559163201,71,0.545973289023,98,0.340162112511,98,0.231873320829,0.0233912880539,a06b1fdb604fbd2aa0fdfb866e8e419340717c7a,3f16bbb26e6cd453f54600f4d7532ed2f57362353dc7002de5a93edd5f9e85d5,76d5b601860a501d7b0bfe34b1d3aa30c216dad96797773c1c2e0e0df8c52e97
coordinate_r03_anchor,3,100,100,99,69,63,7.45576219559,100,7.45576219559,100,7.29651551316,69,0.570957823646,100,0.366831964417,100,0.231283977804,0.025873494852,ba8fa5e25ff3be5267aaa976b1680cc661ad54d3,76404078f8a718edb3a1a19d42428ce449b6fc31f977bd3f85190184f6c8c562,16b60305e81722ea6894ec74fea8deb382ac1d0ff4ddd531b0eecf1188e195c6
coordinate_r04_flowdose,4,100,97,97,71,63,7.4394659996,100,7.45072119506,97,7.30792267893,71,0.548593119262,97,0.317770406698,97,0.237242440699,0.000777521099313,5f4268e5e5a2e08d820db61f2f0f7addf33d7466,9ff6374ad5946d005474e3a02d575efb350d1e7150817dc932e7a29005de0745,16b60305e81722ea6894ec74fea8deb382ac1d0ff4ddd531b0eecf1188e195c6
coordinate_r05_val116,5,100,97,97,71,64,7.42821855068,100,7.43912066135,97,7.30905401875,71,0.548918544441,97,0.312728200866,97,0.238066895017,-0.00269493216284,7cca3c1dee2b4c7c3ab0507cd62e0a6e2be2a340,c997c0616934cd0b05d302c5ed477204903a3570198303faa7bff89606349b1b,534066f674d08872060537fc1e5a530689b7a3a6b5a07b9a8f051e1b49cb7861
coordinate_r06_replay,6,100,100,99,69,63,7.45576219559,100,7.45576219559,100,7.29651551316,69,0.570957823646,100,0.366831964417,100,0.231283977804,0.025873494852,70ef1a1ee6e94f764467ec15d72c7dd6c0147f77,d69933a1ae054b0830148f5ed1075be6e3dd47e6eed2197d7f4c8bb5dc321a9b,16b60305e81722ea6894ec74fea8deb382ac1d0ff4ddd531b0eecf1188e195c6
coordinate_r07_firstcap,7,100,99,99,74,66,7.4338162756,100,7.44134002262,99,7.30998515438,74,0.54886339196,99,0.320539145073,99,0.237648040347,-0.000930791649013,12b4f66c420d2095b0d6457fe4f5a6863b127c72,0e4176c2b7023eb982341966aaf18574b6665c977d69cd402f294c77f0c1830c,16b60305e81722ea6894ec74fea8deb382ac1d0ff4ddd531b0eecf1188e195c6
coordinate_r08_half,8,100,99,99,71,66,7.43583310127,100,7.4462055293,99,7.30078924878,71,0.548076951176,99,0.359083327272,99,0.231343112514,0.025624430089,707643bf36f7a430cd97bd033936563e75a06c80,256e56338604375872a7954b2800d7d398ca61113db8244c9b47015f345b3360,16b60305e81722ea6894ec74fea8deb382ac1d0ff4ddd531b0eecf1188e195c6
coordinate_r09_pairguard,9,100,98,98,73,66,7.42239548683,100,7.42266355242,98,7.27956944949,73,0.552816224228,98,0.350712826853,98,0.23704590005,0.00160531495626,6368f7d3786376fe653cef5f7083d0b2097dfc4a,df6e20577dff16b68df1973d6520a0f17fbd38a7b9791170b5bdb4e7589936a2,16b60305e81722ea6894ec74fea8deb382ac1d0ff4ddd531b0eecf1188e195c6
