arm,batch,score_time,state_time,reference_time,active,dose_reference,first_controlled_update,initial_update_dose,atom_step_cap_A,raw_gradient_l2_native_mean,post_projection_l2_native_mean,projection_retained_squared_fraction_mean,backtrack_factor_mean,max_actual_pair_distance_change_A_mean,dose_gate_mean,conditional_supported_fraction,unconditional_fallback_fraction,conditional_component_ESS_mean,background_support_gate_mean,contrast_amplitude_gate_mean,bounded_response_gate_mean,observed_native_rms_A,predictive_flow_rms_A,calibration_rms_A,injection_rms_A,requested_rms_A
unguided,17,0,0.00999999977648,,False,predictive_flow,,native,,,,,,,,,,,,,,,,,0,
unguided,17,0.00999999977648,0.019999999553,,False,predictive_flow,,native,,,,,,,,,,,,,,,,,0,
unguided,17,0.019999999553,0.0299999993294,,False,predictive_flow,,native,,,,,,,,,,,,,,,,,0,
unguided,17,0.0299999993294,0.0399999991059,,False,predictive_flow,,native,,,,,,,,,,,,,,,,,0,
unguided,17,0.0399999991059,0.0499999970198,,False,predictive_flow,,native,,,,,,,,,,,,,,,,,0,
unguided,17,0.0499999970198,0.0599999986589,,False,predictive_flow,,native,,,,,,,,,,,,,,,,,0,
unguided,17,0.0599999986589,0.070000000298,,False,predictive_flow,,native,,,,,,,,,,,,,,,,,0,
unguided,17,0.070000000298,0.0799999982119,,False,predictive_flow,,native,,,,,,,,,,,,,,,,,0,
unguided,17,0.0799999982119,0.0899999961257,,False,predictive_flow,,native,,,,,,,,,,,,,,,,,0,
unguided,17,0.0899999961257,0.0999999940395,,False,predictive_flow,,native,,,,,,,,,,,,,,,,,0,
unguided,17,0.0999999940395,0.109999999404,,False,predictive_flow,,native,,,,,,,,,,,,,,,,,0,
unguided,17,0.109999999404,0.119999997318,,False,predictive_flow,,native,,,,,,,,,,,,,,,,,0,
unguided,17,0.119999997318,0.129999995232,,False,predictive_flow,,native,,,,,,,,,,,,,,,,,0,
unguided,17,0.129999995232,0.140000000596,,False,predictive_flow,,native,,,,,,,,,,,,,,,,,0,
unguided,17,0.140000000596,0.149999991059,,False,predictive_flow,,native,,,,,,,,,,,,,,,,,0,
unguided,17,0.149999991059,0.159999996424,,False,predictive_flow,,native,,,,,,,,,,,,,,,,,0,
unguided,17,0.159999996424,0.170000001788,,False,predictive_flow,,native,,,,,,,,,,,,,,,,,0,
unguided,17,0.170000001788,0.179999992251,,False,predictive_flow,,native,,,,,,,,,,,,,,,,,0,
unguided,17,0.179999992251,0.189999997616,,False,predictive_flow,,native,,,,,,,,,,,,,,,,,0,
unguided,17,0.189999997616,0.199999988079,,False,predictive_flow,,native,,,,,,,,,,,,,,,,,0,
unguided,17,0.199999988079,0.209999993443,,False,predictive_flow,,native,,,,,,,,,,,,,,,,,0,
unguided,17,0.209999993443,0.219999998808,,False,predictive_flow,,native,,,,,,,,,,,,,,,,,0,
unguided,17,0.219999998808,0.229999989271,,False,predictive_flow,,native,,,,,,,,,,,,,,,,,0,
unguided,17,0.229999989271,0.239999994636,,False,predictive_flow,,native,,,,,,,,,,,,,,,,,0,
unguided,17,0.239999994636,0.25,,False,predictive_flow,,native,,,,,,,,,,,,,,,,,0,
unguided,17,0.25,0.259999990463,,False,predictive_flow,,native,,,,,,,,,,,,,,,,,0,
unguided,17,0.259999990463,0.269999980927,,False,predictive_flow,,native,,,,,,,,,,,,,,,,,0,
unguided,17,0.269999980927,0.280000001192,,False,predictive_flow,,native,,,,,,,,,,,,,,,,,0,
unguided,17,0.280000001192,0.289999991655,,False,predictive_flow,,native,,,,,,,,,,,,,,,,,0,
unguided,17,0.289999991655,0.299999982119,,False,predictive_flow,,native,,,,,,,,,,,,,,,,,0,
unguided,17,0.299999982119,0.310000002384,,False,predictive_flow,,native,,,,,,,,,,,,,,,,,0,
unguided,17,0.310000002384,0.319999992847,,False,predictive_flow,,native,,,,,,,,,,,,,,,,,0,
unguided,17,0.319999992847,0.329999983311,,False,predictive_flow,,native,,,,,,,,,,,,,,,,,0,
unguided,17,0.329999983311,0.340000003576,,False,predictive_flow,,native,,,,,,,,,,,,,,,,,0,
unguided,17,0.340000003576,0.34999999404,,False,predictive_flow,,native,,,,,,,,,,,,,,,,,0,
unguided,17,0.34999999404,0.359999984503,,False,predictive_flow,,native,,,,,,,,,,,,,,,,,0,
unguided,17,0.359999984503,0.370000004768,,False,predictive_flow,,native,,,,,,,,,,,,,,,,,0,
unguided,17,0.370000004768,0.379999995232,,False,predictive_flow,,native,,,,,,,,,,,,,,,,,0,
unguided,17,0.379999995232,0.389999985695,,False,predictive_flow,,native,,,,,,,,,,,,,,,,,0,
unguided,17,0.389999985695,0.399999976158,,False,predictive_flow,,native,,,,,,,,,,,,,,,,,0,
unguided,17,0.399999976158,0.409999996424,,False,predictive_flow,,native,,,,,,,,,,,,,,,,,0,
unguided,17,0.409999996424,0.419999986887,,False,predictive_flow,,native,,,,,,,,,,,,,,,,,0,
unguided,17,0.419999986887,0.42999997735,,False,predictive_flow,,native,,,,,,,,,,,,,,,,,0,
unguided,17,0.42999997735,0.439999997616,,False,predictive_flow,,native,,,,,,,,,,,,,,,,,0,
unguided,17,0.439999997616,0.449999988079,,False,predictive_flow,,native,,,,,,,,,,,,,,,,,0,
unguided,17,0.449999988079,0.459999978542,,False,predictive_flow,,native,,,,,,,,,,,,,,,,,0,
unguided,17,0.459999978542,0.469999998808,,False,predictive_flow,,native,,,,,,,,,,,,,,,,,0,
unguided,17,0.469999998808,0.479999989271,,False,predictive_flow,,native,,,,,,,,,,,,,,,,,0,
unguided,17,0.479999989271,0.489999979734,,False,predictive_flow,,native,,,,,,,,,,,,,,,,,0,
unguided,17,0.489999979734,0.5,,False,predictive_flow,,native,,,,,,,,,,,,,,,,,0,
unguided,17,0.5,0.509999990463,,False,predictive_flow,,native,,,,,,,,,,,,,,,,,0,
unguided,17,0.509999990463,0.519999980927,,False,predictive_flow,,native,,,,,,,,,,,,,,,,,0,
unguided,17,0.519999980927,0.530000030994,,False,predictive_flow,,native,,,,,,,,,,,,,,,,,0,
unguided,17,0.530000030994,0.540000021458,,False,predictive_flow,,native,,,,,,,,,,,,,,,,,0,
unguided,17,0.540000021458,0.550000011921,,False,predictive_flow,,native,,,,,,,,,,,,,,,,,0,
unguided,17,0.550000011921,0.560000002384,,False,predictive_flow,,native,,,,,,,,,,,,,,,,,0,
unguided,17,0.560000002384,0.569999992847,,False,predictive_flow,,native,,,,,,,,,,,,,,,,,0,
unguided,17,0.569999992847,0.579999983311,,False,predictive_flow,,native,,,,,,,,,,,,,,,,,0,
unguided,17,0.579999983311,0.590000033379,,False,predictive_flow,,native,,,,,,,,,,,,,,,,,0,
unguided,17,0.590000033379,0.600000023842,,False,predictive_flow,,native,,,,,,,,,,,,,,,,,0,
unguided,17,0.600000023842,0.610000014305,,False,predictive_flow,,native,,,,,,,,,,,,,,,,,0,
unguided,17,0.610000014305,0.620000004768,,False,predictive_flow,,native,,,,,,,,,,,,,,,,,0,
unguided,17,0.620000004768,0.629999995232,,False,predictive_flow,,native,,,,,,,,,,,,,,,,,0,
unguided,17,0.629999995232,0.639999985695,,False,predictive_flow,,native,,,,,,,,,,,,,,,,,0,
unguided,17,0.639999985695,0.650000035763,,False,predictive_flow,,native,,,,,,,,,,,,,,,,,0,
unguided,17,0.650000035763,0.660000026226,,False,predictive_flow,,native,,,,,,,,,,,,,,,,,0,
unguided,17,0.660000026226,0.670000016689,,False,predictive_flow,,native,,,,,,,,,,,,,,,,,0,
unguided,17,0.670000016689,0.680000007153,,False,predictive_flow,,native,,,,,,,,,,,,,,,,,0,
unguided,17,0.680000007153,0.689999997616,,False,predictive_flow,,native,,,,,,,,,,,,,,,,,0,
unguided,17,0.689999997616,0.699999988079,,False,predictive_flow,,native,,,,,,,,,,,,,,,,,0,
unguided,17,0.699999988079,0.709999978542,,False,predictive_flow,,native,,,,,,,,,,,,,,,,,0,
unguided,17,0.709999978542,0.72000002861,,False,predictive_flow,,native,,,,,,,,,,,,,,,,,0,
unguided,17,0.72000002861,0.730000019073,,False,predictive_flow,,native,,,,,,,,,,,,,,,,,0,
unguided,17,0.730000019073,0.740000009537,,False,predictive_flow,,native,,,,,,,,,,,,,,,,,0,
unguided,17,0.740000009537,0.75,,False,predictive_flow,,native,,,,,,,,,,,,,,,,,0,
unguided,17,0.75,0.759999990463,,False,predictive_flow,,native,,,,,,,,,,,,,,,,,0,
unguided,17,0.759999990463,0.769999980927,,False,predictive_flow,,native,,,,,,,,,,,,,,,,,0,
unguided,17,0.769999980927,0.780000030994,,False,predictive_flow,,native,,,,,,,,,,,,,,,,,0,
unguided,17,0.780000030994,0.790000021458,,False,predictive_flow,,native,,,,,,,,,,,,,,,,,0,
unguided,17,0.790000021458,0.800000011921,,False,predictive_flow,,native,,,,,,,,,,,,,,,,,0,
unguided,17,0.800000011921,0.810000002384,,False,predictive_flow,,native,,,,,,,,,,,,,,,,,0,
unguided,17,0.810000002384,0.819999992847,,False,predictive_flow,,native,,,,,,,,,,,,,,,,,0,
unguided,17,0.819999992847,0.829999983311,,False,predictive_flow,,native,,,,,,,,,,,,,,,,,0,
unguided,17,0.829999983311,0.840000033379,,False,predictive_flow,,native,,,,,,,,,,,,,,,,,0,
unguided,17,0.840000033379,0.850000023842,,False,predictive_flow,,native,,,,,,,,,,,,,,,,,0,
unguided,17,0.850000023842,0.860000014305,,False,predictive_flow,,native,,,,,,,,,,,,,,,,,0,
unguided,17,0.860000014305,0.870000004768,,False,predictive_flow,,native,,,,,,,,,,,,,,,,,0,
unguided,17,0.870000004768,0.879999995232,,False,predictive_flow,,native,,,,,,,,,,,,,,,,,0,
unguided,17,0.879999995232,0.889999985695,,False,predictive_flow,,native,,,,,,,,,,,,,,,,,0,
unguided,17,0.889999985695,0.899999976158,,False,predictive_flow,,native,,,,,,,,,,,,,,,,,0,
unguided,17,0.899999976158,0.910000026226,,False,predictive_flow,,native,,,,,,,,,,,,,,,,,0,
unguided,17,0.910000026226,0.920000016689,,False,predictive_flow,,native,,,,,,,,,,,,,,,,,0,
unguided,17,0.920000016689,0.930000007153,,False,predictive_flow,,native,,,,,,,,,,,,,,,,,0,
unguided,17,0.930000007153,0.939999997616,,False,predictive_flow,,native,,,,,,,,,,,,,,,,,0,
unguided,17,0.939999997616,0.949999988079,,False,predictive_flow,,native,,,,,,,,,,,,,,,,,0,
unguided,17,0.949999988079,0.959999978542,,False,predictive_flow,,native,,,,,,,,,,,,,,,,,0,
unguided,17,0.959999978542,0.97000002861,,False,predictive_flow,,native,,,,,,,,,,,,,,,,,0,
unguided,17,0.97000002861,0.980000019073,,False,predictive_flow,,native,,,,,,,,,,,,,,,,,0,
unguided,17,0.980000019073,0.990000009537,,False,predictive_flow,,native,,,,,,,,,,,,,,,,,0,
unguided,17,0.990000009537,1,,False,predictive_flow,,native,,,,,,,,,,,,,,,,,0,
gradient,17,0,0.00999999977648,0,True,predictive_flow,True,native,0.025,61.8189619064,61.8189619064,1,1,0.00474586185068,0.927598490715,1,,,,,,1.66856134415,0.0360921629518,0.0360921629518,0.00167488127714,0.00167488129577
gradient,17,0.00999999977648,0.019999999553,0.00999999977648,True,predictive_flow,False,native,0.025,43.1254131699,43.1254131699,1,1,0.00517199277878,0.882751008272,1,,,,,,0.106597024947,0.043363955766,0.043363955766,0.00191418744624,0.00191418743227
gradient,17,0.019999999553,0.0299999993294,0.019999999553,True,predictive_flow,False,native,0.025,80.8744319916,80.8744319916,1,1,0.00703885674477,0.925835677385,1,,,,,,0.0842636980116,0.0436325515062,0.0436325515062,0.0020200469275,0.00202004692983
gradient,17,0.0299999993294,0.0399999991059,0.0299999993294,True,predictive_flow,False,native,0.025,75.9604423904,75.9604423904,1,1,0.00446642696857,0.907456632853,1,,,,,,0.0750540336221,0.0439718674123,0.0439718674123,0.00199471876491,0.00199471877655
gradient,17,0.0399999991059,0.0499999970198,0.0399999991059,True,predictive_flow,False,native,0.025,79.9919947815,79.9919947815,1,1,0.00478610023856,0.905210852623,1,,,,,,0.0693716223538,0.044223267436,0.044223267436,0.00200160929235,0.00200160930865
gradient,17,0.0499999970198,0.0599999986589,0.0499999970198,True,predictive_flow,False,native,0.025,54.5944828033,54.5944828033,1,1,0.00506480842829,0.894428412914,1,,,,,,0.0663021922857,0.0444485995173,0.0444485995173,0.00198734272271,0.00198734273436
gradient,17,0.0599999986589,0.070000000298,0.0599999986589,True,predictive_flow,False,native,0.025,62.6157481384,62.6157481384,1,1,0.00473021358252,0.892744852304,1,,,,,,0.0626552294195,0.0445605433732,0.0445605433732,0.00198902339209,0.00198902339675
gradient,17,0.070000000298,0.0799999982119,0.070000000298,True,predictive_flow,False,native,0.025,71.859512558,71.859512558,1,1,0.00387179881334,0.900117099285,1,,,,,,0.0612543430924,0.0446887107193,0.0446887107193,0.00201165334787,0.00201165330829
gradient,17,0.0799999982119,0.0899999961257,0.0799999982119,True,predictive_flow,False,native,0.025,56.5476080513,56.5476080513,1,1,0.00436101675034,0.870205454826,1,,,,,,0.0585543674231,0.0448667506874,0.0448667506874,0.00195300872438,0.00195300873136
gradient,17,0.0899999961257,0.0999999940395,0.0899999961257,True,predictive_flow,False,native,0.025,65.8940418434,65.8940418434,1,1,0.00520988345146,0.907764475346,1,,,,,,0.0577307707816,0.0450385905057,0.0450385905057,0.0020443742699,0.0020443742862
gradient,17,0.0999999940395,0.109999999404,0.0999999940395,True,predictive_flow,False,native,0.025,54.4727077103,54.4727077103,1,1,0.00500479161739,0.904050214291,1,,,,,,0.0575388583541,0.0450814156979,0.0450814156979,0.00203792030225,0.00203792033251
gradient,17,0.109999999404,0.119999997318,0.109999999404,True,predictive_flow,False,native,0.025,50.881526413,50.881526413,1,1,0.00362478971481,0.880348314047,1,,,,,,0.0561918997765,0.045057624504,0.045057624504,0.00198421266861,0.00198421268258
gradient,17,0.119999997318,0.129999995232,0.119999997318,True,predictive_flow,False,native,0.025,39.3089719105,39.3089719105,1,1,0.00382851660252,0.839339013696,1,,,,,,0.0550748555362,0.0450662100315,0.0450662100315,0.00189287139801,0.00189287140267
gradient,17,0.129999995232,0.140000000596,0.129999995232,True,predictive_flow,False,native,0.025,51.723400135,51.723400135,1,1,0.00358183026314,0.881309506893,1,,,,,,0.0548680043221,0.0450497438759,0.0450497438759,0.00198616465088,0.00198616463924
gradient,17,0.140000000596,0.149999991059,0.140000000596,True,predictive_flow,False,native,0.025,48.0266841888,48.0266841888,1,1,0.0049815517664,0.871160992384,1,,,,,,0.0543794041872,0.044966237247,0.044966237247,0.00195991801564,0.00195991802262
gradient,17,0.149999991059,0.159999996424,0.149999991059,True,predictive_flow,False,native,0.025,65.6252475739,65.6252475739,1,1,0.0053625947237,0.896561219692,1,,,,,,0.0531063210964,0.0448383877426,0.0448383877426,0.00201110357186,0.00201110359281
gradient,17,0.159999996424,0.170000001788,0.159999996424,True,predictive_flow,False,native,0.025,56.5197971916,56.5197971916,1,1,0.00548089802265,0.896718571186,1,,,,,,0.0528427242488,0.0447868996114,0.0447868996114,0.00201006049989,0.00201006052084
gradient,17,0.170000001788,0.179999992251,0.170000001788,True,predictive_flow,False,native,0.025,49.6373112679,49.6373112679,1,1,0.00459814727306,0.870758256912,1,,,,,,0.0517684479803,0.0447687976062,0.0447687976062,0.00195223614806,0.00195223612944
gradient,17,0.179999992251,0.189999997616,0.179999992251,True,predictive_flow,False,native,0.025,46.782563324,46.782563324,1,1,0.0047734951973,0.877621871233,1,,,,,,0.0515340767801,0.0447660700232,0.0447660700232,0.00196557772579,0.00196557768388
gradient,17,0.189999997616,0.199999988079,0.189999997616,True,predictive_flow,False,native,0.025,46.2298824215,46.2298824215,1,1,0.00487801373005,0.895411640406,1,,,,,,0.0517539811879,0.0447670204192,0.0447670204192,0.00200542519568,0.00200542520033
gradient,17,0.199999988079,0.209999993443,0.199999988079,True,predictive_flow,False,native,0.025,36.2126956367,36.2126956367,1,1,0.00558121681213,0.873016158342,1,,,,,,0.0514695575833,0.0447844685614,0.0447844685614,0.0019568605395,0.00195686052786
gradient,17,0.209999993443,0.219999998808,0.209999993443,True,predictive_flow,False,native,0.025,36.2306301689,36.2306301689,1,1,0.00524207830429,0.878939584494,1,,,,,,0.0506819878519,0.0447473413497,0.0447473413497,0.00196865246864,0.00196865243837
gradient,17,0.219999998808,0.229999989271,0.219999998808,True,predictive_flow,False,native,0.025,32.6054116154,32.6054116154,1,1,0.00489530563354,0.875470290184,1,,,,,,0.0510327903181,0.0446923162043,0.0446923162043,0.00195765712997,0.00195765714627
gradient,17,0.229999989271,0.239999994636,0.229999989271,True,predictive_flow,False,native,0.025,31.6252423286,31.6252423286,1,1,0.00550769686699,0.884736498594,1,,,,,,0.0506230584532,0.0446096283942,0.0446096283942,0.00197441295022,0.00197441295488
gradient,17,0.239999994636,0.25,0.239999994636,True,predictive_flow,False,native,0.025,27.4572385454,27.4572385454,1,1,0.00522846758366,0.869268285036,1,,,,,,0.0501186417043,0.0445626666397,0.0445626666397,0.00193825864466,0.00193825862836
gradient,17,0.25,0.259999990463,0.25,True,predictive_flow,False,native,0.025,25.0871704674,25.0871704674,1,1,0.00533289194107,0.882089986801,1,,,,,,0.0506909301132,0.0445001871884,0.0445001871884,0.00196396330139,0.00196396328742
gradient,17,0.259999990463,0.269999980927,0.259999990463,True,predictive_flow,False,native,0.025,38.600874691,38.600874691,1,1,0.00616727948189,0.914577684402,1,,,,,,0.0501771044731,0.0444732595235,0.0444732595235,0.0020344462269,0.00203444623156
gradient,17,0.269999980927,0.280000001192,0.269999980927,True,predictive_flow,False,native,0.025,38.7189410973,38.7189410973,1,1,0.00595509648323,0.924711632729,1,,,,,,0.0494012410194,0.0445226404071,0.0445226404071,0.00205943019129,0.00205943021458
gradient,17,0.280000001192,0.289999991655,0.280000001192,True,predictive_flow,False,native,0.025,49.8439664459,49.8439664459,1,1,0.00583369195461,0.939386714697,1,,,,,,0.049888208285,0.0445788704604,0.0445788704604,0.00209471215028,0.00209471215727
gradient,17,0.289999991655,0.299999982119,0.289999991655,True,predictive_flow,False,native,0.025,44.7296584511,44.7296584511,1,1,0.00612815618515,0.931337656975,1,,,,,,0.0498216167837,0.0445912570506,0.0445912570506,0.00207774979994,0.00207774980925
gradient,17,0.299999982119,0.310000002384,0.299999982119,True,predictive_flow,False,native,0.025,46.3363377762,46.3363377762,1,1,0.00575298190117,0.938842221498,1,,,,,,0.0498746269196,0.0446265812218,0.0446265812218,0.00209607030964,0.00209607029334
gradient,17,0.310000002384,0.319999992847,0.310000002384,True,predictive_flow,False,native,0.025,49.5953613663,49.5953613663,1,1,0.00633085489273,0.941886634827,1,,,,,,0.0501950135082,0.0446500063688,0.0446500063688,0.00210354101146,0.0021035410068
gradient,17,0.319999992847,0.329999983311,0.319999992847,True,predictive_flow,False,native,0.025,43.3808724213,43.3808724213,1,1,0.00561334848404,0.938613107204,1,,,,,,0.0495853505284,0.0446599289775,0.0446599289775,0.0020967443171,0.0020967443008
gradient,17,0.329999983311,0.340000003576,0.329999983311,True,predictive_flow,False,native,0.025,40.176247139,40.176247139,1,1,0.00588828921318,0.934068692923,1,,,,,,0.0494195279479,0.044705709368,0.044705709368,0.00208902324317,0.00208902325248
gradient,17,0.340000003576,0.34999999404,0.340000003576,True,predictive_flow,False,native,0.025,41.6817063904,41.6817063904,1,1,0.00580181598663,0.937085903883,1,,,,,,0.0496695374697,0.0447748820484,0.0447748820484,0.00209906890523,0.0020990689029
gradient,17,0.34999999404,0.359999984503,0.34999999404,True,predictive_flow,False,native,0.025,42.6162268066,42.6162268066,1,1,0.00542183279991,0.937438485622,1,,,,,,0.0490436517447,0.0447719685733,0.0447719685733,0.00209985935595,0.00209985934664
gradient,17,0.359999984503,0.370000004768,0.359999984503,True,predictive_flow,False,native,0.025,39.8742697525,39.8742697525,1,1,0.00622341275215,0.934203846455,1,,,,,,0.0500045051426,0.0448660901189,0.0448660901189,0.00209692923352,0.00209692923818
gradient,17,0.370000004768,0.379999995232,0.370000004768,True,predictive_flow,False,native,0.025,35.7028709412,35.7028709412,1,1,0.00683022975922,0.933480550051,1,,,,,,0.0489175072312,0.0448868450522,0.0448868450522,0.00209613335785,0.00209613334155
gradient,17,0.379999995232,0.389999985695,0.379999995232,True,predictive_flow,False,native,0.025,36.6299477005,36.6299477005,1,1,0.0068599832058,0.933094428778,1,,,,,,0.0487970305234,0.0449185878038,0.0449185878038,0.00209683406865,0.00209683411522
gradient,17,0.389999985695,0.399999976158,0.389999985695,True,predictive_flow,False,native,0.025,34.9198564434,34.9198564434,1,1,0.00644753694534,0.924132041931,1,,,,,,0.0495254024118,0.0449507394433,0.0449507394433,0.0020783478627,0.00207834785106
gradient,17,0.399999976158,0.409999996424,0.399999976158,True,predictive_flow,False,native,0.025,33.4410126591,33.4410126591,1,1,0.00658833861351,0.928653068542,1,,,,,,0.0486680879444,0.0448980838805,0.0448980838805,0.00208583994769,0.00208583995933
gradient,17,0.409999996424,0.419999986887,0.409999996424,True,predictive_flow,False,native,0.025,27.9969389725,27.9969389725,1,1,0.00694566607475,0.918757222891,1,,,,,,0.0492112829536,0.0449419458956,0.0449419458956,0.00206581022125,0.00206581024686
gradient,17,0.419999986887,0.42999997735,0.419999986887,True,predictive_flow,False,native,0.025,25.6615191746,25.6615191746,1,1,0.00705057859421,0.910873452425,1,,,,,,0.0482893143594,0.0448269727081,0.0448269727081,0.00204305275343,0.00204305273946
gradient,17,0.42999997735,0.439999997616,0.42999997735,True,predictive_flow,False,native,0.025,21.4161541176,21.4161541176,1,1,0.00679874777794,0.89790599823,1,,,,,,0.0480914509296,0.0448015724123,0.0448015724123,0.00201310655801,0.00201310654171
gradient,17,0.439999997616,0.449999988079,0.439999997616,True,predictive_flow,False,native,0.025,22.7332378435,22.7332378435,1,1,0.00634905219078,0.888554813862,1,,,,,,0.0488541732728,0.0448692245781,0.0448692245781,0.00199502515374,0.00199502515839
gradient,17,0.449999988079,0.459999978542,0.449999988079,True,predictive_flow,False,native,0.025,17.3057711363,17.3057711363,1,1,0.0066310942173,0.880073587894,1,,,,,,0.0489071565121,0.0449297219515,0.0449297219515,0.0019786601793,0.00197866020491
gradient,17,0.459999978542,0.469999998808,0.459999978542,True,predictive_flow,False,native,0.025,15.4761987972,15.4761987972,1,1,0.0064031124115,0.871947891116,1,,,,,,0.0482352993637,0.0449185523391,0.0449185523391,0.00196033597225,0.00196033597225
gradient,17,0.469999998808,0.479999989271,0.469999998808,True,predictive_flow,False,native,0.025,14.9751822567,14.9751822567,1,1,0.00617067337036,0.863466077447,1,,,,,,0.0491815409064,0.044998941943,0.044998941943,0.00194512730348,0.00194512728951
gradient,17,0.479999989271,0.489999979734,0.479999989271,True,predictive_flow,False,native,0.025,14.4256420898,14.4256420898,1,1,0.00652370452881,0.864257788658,1,,,,,,0.0484871182591,0.0450386239588,0.0450386239588,0.00194810146932,0.00194810146466
gradient,17,0.489999979734,0.5,0.489999979734,True,predictive_flow,False,native,0.025,10.9323596668,10.9323596668,1,1,0.0060204911232,0.844985485077,1,,,,,,0.0490271660686,0.045074255988,0.045074255988,0.00190614226507,0.00190614226973
gradient,17,0.5,0.509999990463,,False,predictive_flow,,native,,,,,,,,,,,,,,,,,0,
gradient,17,0.509999990463,0.519999980927,,False,predictive_flow,,native,,,,,,,,,,,,,,,,,0,
gradient,17,0.519999980927,0.530000030994,,False,predictive_flow,,native,,,,,,,,,,,,,,,,,0,
gradient,17,0.530000030994,0.540000021458,,False,predictive_flow,,native,,,,,,,,,,,,,,,,,0,
gradient,17,0.540000021458,0.550000011921,,False,predictive_flow,,native,,,,,,,,,,,,,,,,,0,
gradient,17,0.550000011921,0.560000002384,,False,predictive_flow,,native,,,,,,,,,,,,,,,,,0,
gradient,17,0.560000002384,0.569999992847,,False,predictive_flow,,native,,,,,,,,,,,,,,,,,0,
gradient,17,0.569999992847,0.579999983311,,False,predictive_flow,,native,,,,,,,,,,,,,,,,,0,
gradient,17,0.579999983311,0.590000033379,,False,predictive_flow,,native,,,,,,,,,,,,,,,,,0,
gradient,17,0.590000033379,0.600000023842,,False,predictive_flow,,native,,,,,,,,,,,,,,,,,0,
gradient,17,0.600000023842,0.610000014305,,False,predictive_flow,,native,,,,,,,,,,,,,,,,,0,
gradient,17,0.610000014305,0.620000004768,,False,predictive_flow,,native,,,,,,,,,,,,,,,,,0,
gradient,17,0.620000004768,0.629999995232,,False,predictive_flow,,native,,,,,,,,,,,,,,,,,0,
gradient,17,0.629999995232,0.639999985695,,False,predictive_flow,,native,,,,,,,,,,,,,,,,,0,
gradient,17,0.639999985695,0.650000035763,,False,predictive_flow,,native,,,,,,,,,,,,,,,,,0,
gradient,17,0.650000035763,0.660000026226,,False,predictive_flow,,native,,,,,,,,,,,,,,,,,0,
gradient,17,0.660000026226,0.670000016689,,False,predictive_flow,,native,,,,,,,,,,,,,,,,,0,
gradient,17,0.670000016689,0.680000007153,,False,predictive_flow,,native,,,,,,,,,,,,,,,,,0,
gradient,17,0.680000007153,0.689999997616,,False,predictive_flow,,native,,,,,,,,,,,,,,,,,0,
gradient,17,0.689999997616,0.699999988079,,False,predictive_flow,,native,,,,,,,,,,,,,,,,,0,
gradient,17,0.699999988079,0.709999978542,,False,predictive_flow,,native,,,,,,,,,,,,,,,,,0,
gradient,17,0.709999978542,0.72000002861,,False,predictive_flow,,native,,,,,,,,,,,,,,,,,0,
gradient,17,0.72000002861,0.730000019073,,False,predictive_flow,,native,,,,,,,,,,,,,,,,,0,
gradient,17,0.730000019073,0.740000009537,,False,predictive_flow,,native,,,,,,,,,,,,,,,,,0,
gradient,17,0.740000009537,0.75,,False,predictive_flow,,native,,,,,,,,,,,,,,,,,0,
gradient,17,0.75,0.759999990463,,False,predictive_flow,,native,,,,,,,,,,,,,,,,,0,
gradient,17,0.759999990463,0.769999980927,,False,predictive_flow,,native,,,,,,,,,,,,,,,,,0,
gradient,17,0.769999980927,0.780000030994,,False,predictive_flow,,native,,,,,,,,,,,,,,,,,0,
gradient,17,0.780000030994,0.790000021458,,False,predictive_flow,,native,,,,,,,,,,,,,,,,,0,
gradient,17,0.790000021458,0.800000011921,,False,predictive_flow,,native,,,,,,,,,,,,,,,,,0,
gradient,17,0.800000011921,0.810000002384,,False,predictive_flow,,native,,,,,,,,,,,,,,,,,0,
gradient,17,0.810000002384,0.819999992847,,False,predictive_flow,,native,,,,,,,,,,,,,,,,,0,
gradient,17,0.819999992847,0.829999983311,,False,predictive_flow,,native,,,,,,,,,,,,,,,,,0,
gradient,17,0.829999983311,0.840000033379,,False,predictive_flow,,native,,,,,,,,,,,,,,,,,0,
gradient,17,0.840000033379,0.850000023842,,False,predictive_flow,,native,,,,,,,,,,,,,,,,,0,
gradient,17,0.850000023842,0.860000014305,,False,predictive_flow,,native,,,,,,,,,,,,,,,,,0,
gradient,17,0.860000014305,0.870000004768,,False,predictive_flow,,native,,,,,,,,,,,,,,,,,0,
gradient,17,0.870000004768,0.879999995232,,False,predictive_flow,,native,,,,,,,,,,,,,,,,,0,
gradient,17,0.879999995232,0.889999985695,,False,predictive_flow,,native,,,,,,,,,,,,,,,,,0,
gradient,17,0.889999985695,0.899999976158,,False,predictive_flow,,native,,,,,,,,,,,,,,,,,0,
gradient,17,0.899999976158,0.910000026226,,False,predictive_flow,,native,,,,,,,,,,,,,,,,,0,
gradient,17,0.910000026226,0.920000016689,,False,predictive_flow,,native,,,,,,,,,,,,,,,,,0,
gradient,17,0.920000016689,0.930000007153,,False,predictive_flow,,native,,,,,,,,,,,,,,,,,0,
gradient,17,0.930000007153,0.939999997616,,False,predictive_flow,,native,,,,,,,,,,,,,,,,,0,
gradient,17,0.939999997616,0.949999988079,,False,predictive_flow,,native,,,,,,,,,,,,,,,,,0,
gradient,17,0.949999988079,0.959999978542,,False,predictive_flow,,native,,,,,,,,,,,,,,,,,0,
gradient,17,0.959999978542,0.97000002861,,False,predictive_flow,,native,,,,,,,,,,,,,,,,,0,
gradient,17,0.97000002861,0.980000019073,,False,predictive_flow,,native,,,,,,,,,,,,,,,,,0,
gradient,17,0.980000019073,0.990000009537,,False,predictive_flow,,native,,,,,,,,,,,,,,,,,0,
gradient,17,0.990000009537,1,,False,predictive_flow,,native,,,,,,,,,,,,,,,,,0,
