affinity_semantics,arm,batch,build_success,decode_status,gap_rescore,node_id,pic50_off_rescore,pic50_off_upstream,pic50_on_rescore,pic50_on_upstream,root_slot,seed,slot,structure_evaluation,valid_connected,sanitized,pb_fast_pass,connected,radicals,smiles,scaffold,mw,qed,heavy_atoms,min_protein_distance_A,severe_pairs_below_1_2A,patch_atoms,surround_atoms,patch_clash_atom_fraction,surround_clash_atom_fraction,ck2:A:ASN117::hetero_distance_softmin,ck2:A:VAL116::hetero_distance_softmin,terminal_patch_q_over_r2,terminal_patch_in_window_end_set,energy_status,mmff_H_relax_status,mmff_full_relax_status,mmff_pose_Hrelaxed_kcal_mol,mmff_local_min_kcal_mol,mmff_relief_kcal_mol,mmff_relief_per_heavy,relax_rms_patch_A,relax_rms_surround_A,pb_fast_failed_checks,failure_reason
"FLOWR head prediction, not measured affinity",gradient,47,True,built,0.2353382110595703,gradient_b047_final_000,7.290016174316406,7.280149459838867,7.525354385375977,7.531581878662109,0,4700183,0,deferred_local,True,True,True,True,0.0,O=C(O)c1cn2c3cnccc3c3nc4cccc(Cl)c4nc3c2n1,c1ccc2nc3c(nc2c1)c1ccncc1n1ccnc31,349.7370000000001,0.3683239276505028,25.0,3.0404599010676034,0.0,4.0,21.0,0.0,0.0,6.717779468407303,4.050987294822853,7.97188660397456,False,converged,0.0,0.0,162.75968330902032,149.8175469358422,12.94213637317813,0.5176854549271251,0.09818698073537506,0.16815940403244795,[],
"FLOWR head prediction, not measured affinity",gradient,47,True,built,0.5655899047851562,gradient_b047_final_001,7.444728851318359,7.436230659484863,8.010318756103516,8.018674850463867,1,4700183,1,deferred_local,True,True,True,True,0.0,O=C(O)c1ccc2c3cnccc3c3c4cccc(Cl)c4[nH]c3c2c1,c1ccc2c(c1)[nH]c1c3ccccc3c3cnccc3c21,346.7730000000001,0.40065193489096657,25.0,2.9792564475049805,0.0,4.0,21.0,0.0,0.0,6.008441822542607,3.7113029890322045,4.015859842840785,False,converged,0.0,0.0,82.17815679513384,69.08872305380716,13.089433741326687,0.5235773496530675,0.09414911433999029,0.18782357376519998,[],
"FLOWR head prediction, not measured affinity",gradient,47,True,built,1.0442419052124023,gradient_b047_final_002,7.062352180480957,7.010518550872803,8.10659408569336,8.099780082702637,2,4700183,2,deferred_local,True,True,True,True,0.0,O=C(O)c1ccc2c(c1)nc(Nc1cccc(Cl)c1)c1ccncc12,c1ccc(Nc2nc3ccccc3c3cnccc23)cc1,349.7770000000001,0.5155344149379018,25.0,2.925196453231818,0.0,4.0,21.0,0.0,0.0,6.109876679019264,3.7309543780408405,1.2418365435557772,False,converged,0.0,0.0,51.91426598932955,39.35209624382736,12.562169745502189,0.5024867898200875,0.27688057367257285,0.3338836876052371,[],
"FLOWR head prediction, not measured affinity",gradient,47,True,built,0.5385918617248535,gradient_b047_final_003,6.32200288772583,6.312216281890869,6.860594749450684,6.8542327880859375,3,4700183,3,deferred_local,True,True,True,True,0.0,OCc1ccc2c3cnccc3c3nc4cccc(O)c4nc3c2c1,c1ccc2nc3c4ccncc4c4ccccc4c3nc2c1,327.343,0.3625532924296795,25.0,2.9323530278600503,0.0,4.0,21.0,0.0,0.0,6.116964779158392,3.735757370751236,1.1561351320353084,False,converged,0.0,0.0,156.97498966580125,148.1059727627895,8.869016903011754,0.3547606761204702,0.7695612843073061,0.8162949198683811,[],
"FLOWR head prediction, not measured affinity",gradient,47,True,built,0.12474822998046875,gradient_b047_final_004,7.153570175170898,7.130690574645996,7.278318405151367,7.280139923095703,4,4700183,4,deferred_local,True,True,True,True,0.0,Oc1cc2c3ccncc3c3nc4cccc(Cl)c4nc3c2cc1O,c1ccc2nc3c4cnccc4c4ccccc4c3nc2c1,347.76100000000014,0.24393180230836417,25.0,3.046676494148998,0.0,4.0,21.0,0.0,0.0,6.5232005046227854,4.1320101796733315,2.461277482955428,False,converged,0.0,0.0,136.93609058113424,130.59451064531515,6.341579935819084,0.25366319743276333,0.08882901491842468,0.10417523133609756,[],
"FLOWR head prediction, not measured affinity",gradient,47,True,built,0.5989608764648438,gradient_b047_final_005,6.819689750671387,6.8173017501831055,7.4186506271362305,7.417016506195068,5,4700183,5,deferred_local,True,True,True,True,0.0,Oc1cc2c3cnccc3c3nc4cccc(Cl)c4nc3c2cc1O,c1ccc2nc3c4ccncc4c4ccccc4c3nc2c1,347.761,0.24393180230836417,25.0,3.1951861933226993,0.0,4.0,21.0,0.0,0.0,6.846116011490061,4.0910640919928385,14.71392327970268,False,converged,0.0,0.0,142.79042641219974,136.3747915956284,6.415634816571327,0.25662539266285306,0.08664313758741907,0.11142881623555975,[],
"FLOWR head prediction, not measured affinity",gradient,47,True,built,0.3003978729248047,gradient_b047_final_006,7.494324684143066,7.450972080230713,7.794722557067871,7.796833038330078,6,4700183,6,deferred_local,True,True,True,True,0.0,O=C(O)c1ccc2c3cnccc3c3c4cccc(Cl)c4[nH]c3c2c1,c1ccc2c(c1)[nH]c1c3ccccc3c3cnccc3c21,346.7730000000001,0.40065193489096657,25.0,2.9702596755166026,0.0,4.0,21.0,0.0,0.0,6.016958301118124,3.713595158879832,3.7368821208445975,False,converged,0.0,0.0,69.2703669013907,58.523589321819074,10.746777579571628,0.4298711031828651,0.09020818622919206,0.12842939376766282,[],
"FLOWR head prediction, not measured affinity",gradient,47,True,built,0.683021068572998,gradient_b047_final_007,6.749492168426514,6.715032577514648,7.432513236999512,7.429466724395752,7,4700183,7,deferred_local,True,True,True,True,0.0,Cn1ncc2c1C=C(c1cccc(Cl)c1)Nc1cc(C(=O)[O-])ccc1-2,C1=C(c2ccccc2)Nc2ccccc2-c2cn[nH]c21,350.7850000000001,0.7708967136439236,25.0,2.9189303880017428,0.0,6.0,19.0,0.0,0.0,6.038130073152368,3.6943139412974753,2.5162852426194293,False,converged,0.0,0.0,112.49921401651868,87.27663171924614,25.222582297272538,1.0089032918909016,1.0456811404120325,1.3509690016015576,[],
"FLOWR head prediction, not measured affinity",gradient,47,True,built,1.069760799407959,gradient_b047_final_008,6.141272068023682,6.126095294952393,7.211032867431641,7.198007583618164,8,4700183,8,deferred_local,True,True,True,True,0.0,Nc1ncc2cc(C(=O)O)cc3c2c1-c1ccc2ccc(O)cc2c1-3,c1ccc2c3c(ccc2c1)-c1cncc2cccc-3c12,328.32700000000006,0.43168446812647493,25.0,2.6819639613536936,0.0,5.0,20.0,0.0,0.0,5.768333673048029,3.5398886751880805,10.608094796406743,False,converged,0.0,0.0,65.19107626509708,53.252816482549946,11.938259782547135,0.4775303913018854,0.052954459561081794,0.14989066583182564,[],
"FLOWR head prediction, not measured affinity",gradient,47,True,built,1.6518077850341797,gradient_b047_final_009,6.476645469665527,6.4907941818237305,8.128453254699707,8.062766075134277,9,4700183,9,deferred_local,True,True,True,True,0.0,O=C(O)c1ccc2c3cnccc3c3nc4ccccc4cc3c2c1,c1ccc2nc3c4ccncc4c4ccccc4c3cc2c1,324.33900000000006,0.35564046208164973,25.0,2.977677715939051,0.0,4.0,21.0,0.0,0.0,5.995496985039317,3.7205185543879566,4.876683283242563,False,converged,0.0,0.0,113.9288368771923,96.51567607224362,17.413160804948674,0.696526432197947,0.12896303166009515,0.23789189970929683,[],
"FLOWR head prediction, not measured affinity",gradient,47,True,built,1.0634117126464844,gradient_b047_final_010,6.917071342468262,6.869524002075195,7.980483055114746,7.973568916320801,10,4700183,10,deferred_local,True,True,True,True,0.0,O=C(O)c1ccc2c(c1)nc(Nc1cccc(Cl)c1)c1ccncc12,c1ccc(Nc2nc3ccccc3c3cnccc23)cc1,349.7770000000001,0.5155344149379018,25.0,2.905787392429117,0.0,4.0,21.0,0.0,0.0,6.076262630806498,3.7075141558904416,1.6817747808526178,False,converged,0.0,0.0,49.68015904084971,37.52090508682529,12.159253954024422,0.4863701581609769,0.28630630300760873,0.3139378194751345,[],
"FLOWR head prediction, not measured affinity",gradient,47,True,built,0.2412557601928711,gradient_b047_final_011,6.652898788452148,6.6396484375,6.8941545486450195,6.882905006408691,11,4700183,11,deferred_local,True,True,True,True,0.0,COc1ccc2c(c1)C(=C1Nc3cccc(C)c3N1)c1ccncc1-2,c1ccc2c(c1)NC(=C1c3ccccc3-c3cnccc31)N2,327.387,0.534795775538592,25.0,2.875786673242646,0.0,4.0,21.0,0.0,0.0,6.207731054015965,3.663246849351465,1.0641679080196182,False,converged,0.0,0.0,123.41255289109893,106.23513432239427,17.177418568704653,0.6870967427481861,0.1352213148875962,0.14288408159098365,[],
"FLOWR head prediction, not measured affinity",gradient,47,True,built,-0.7360639572143555,gradient_b047_final_012,7.9020209312438965,7.914093494415283,7.165956974029541,7.172415733337402,12,4700183,12,deferred_local,True,True,True,True,0.0,Oc1ccc(-c2ccnc3ccc(-c4cccc(Cl)c4)nc23)cc1O,c1ccc(-c2ccc3nccc(-c4ccccc4)c3n2)cc1,348.78900000000016,0.49857046131129984,25.0,2.9855322406565996,0.0,6.0,19.0,0.0,0.0,6.366811389306548,3.862116067400052,0.33327676518289157,True,converged,0.0,0.0,105.25960384600413,91.61315420555434,13.646449640449788,0.5458579856179915,0.38674339018972753,0.5853245682761415,[],
"FLOWR head prediction, not measured affinity",gradient,47,True,built,-0.6262607574462891,gradient_b047_final_013,7.811092376708984,7.813522815704346,7.184831619262695,7.200161933898926,13,4700183,13,deferred_local,True,True,True,True,0.0,O=c1[nH]ccc2nc3c4cc(O)c(O)cc4c4ccccc4c3nc12,O=c1[nH]ccc2nc3c4ccccc4c4ccccc4c3nc12,329.315,0.23012826600537226,25.0,2.96468902247774,0.0,4.0,21.0,0.0,0.0,9.633046014385624,7.621016121780884,362.7682434129979,False,converged,0.0,0.0,163.44160307808104,154.78117944155866,8.660423636522381,0.34641694546089524,0.08937851022516217,0.11063586979021864,[],
"FLOWR head prediction, not measured affinity",gradient,47,True,built,0.9709939956665039,gradient_b047_final_014,6.9947614669799805,6.953544616699219,7.965755462646484,7.956549644470215,14,4700183,14,deferred_local,True,True,True,True,0.0,O=C(O)c1ccc2c(c1)nc(Nc1cccc(Cl)c1)c1ccncc12,c1ccc(Nc2nc3ccccc3c3cnccc23)cc1,349.77700000000004,0.5155344149379018,25.0,2.894504106060311,0.0,4.0,21.0,0.0,0.0,6.090615689943941,3.7040438850374118,1.3045217132128937,False,converged,0.0,0.0,52.71497244323411,39.352096243751646,13.362876199482464,0.5345150479792986,0.2752466873248579,0.3347972031215983,[],
"FLOWR head prediction, not measured affinity",gradient,47,True,built,0.6739788055419922,gradient_b047_final_015,6.141515254974365,6.143672466278076,6.815494060516357,6.801360130310059,15,4700183,15,deferred_local,True,True,True,True,0.0,O=C(O)c1ccc2c(c1)c1c(=O)c3ccccc3oc1c1cnoc21,O=c1c2ccccc2oc2c3cnoc3c3ccccc3c12,331.283,0.3692449789235844,25.0,3.049540294864129,0.0,5.0,20.0,0.0,0.0,6.086428731841735,3.8004101003951005,3.6360054909362476,False,converged,0.0,0.0,95.10464073915949,82.39415964587312,12.710481093286376,0.508419243731455,0.18944420415049695,0.30611683152415786,[],
"FLOWR head prediction, not measured affinity",gradient,47,True,built,0.45294618606567383,gradient_b047_final_016,6.8202080726623535,6.838754177093506,7.273154258728027,7.26779842376709,16,4700183,16,deferred_local,True,True,True,True,0.0,O=C(O)C1=CC2=c3cnccc3=C(c3ccc4ccccc4c3)C2=N1,C1=CC2=c3cnccc3=C(c3ccc4ccccc4c3)C2=N1,324.3390000000001,0.7843454854105075,25.0,2.9512303078546758,0.0,4.0,21.0,0.0,0.0,6.193276937530427,3.7265325123516457,0.23704657303786109,True,converged,0.0,0.0,141.7418870853432,107.20500159090527,34.536885494437925,1.381475419777517,0.5156866079801856,0.4723206399670669,[],
"FLOWR head prediction, not measured affinity",gradient,47,True,built,1.199838638305664,gradient_b047_final_017,6.337298393249512,6.319394588470459,7.537137031555176,7.491973876953125,17,4700183,17,deferred_local,True,True,True,True,0.0,O=C(O)c1ccc2c(c1)c1c(c3ccncc32)Oc2cccnc2N1,c1cnc2c(c1)Oc1c(c3ccccc3c3cnccc13)N2,329.3150000000001,0.4452985518826842,25.0,2.9857147385508873,0.0,4.0,21.0,0.0,0.0,6.078054289209781,3.7979085929004066,3.8985932129054626,False,converged,0.0,0.0,84.27631793231174,71.60616805920796,12.670149873103782,0.5068059949241512,0.08834594068144264,0.1383947437958985,[],
"FLOWR head prediction, not measured affinity",gradient,47,True,built,0.7237801551818848,gradient_b047_final_018,7.024620056152344,6.975496292114258,7.7484002113342285,7.745029926300049,18,4700183,18,deferred_local,True,True,True,True,0.0,Oc1cc2c3c(cc(-c4ccccc4)nc3c1O)-c1ccncc1O2,c1ccc(-c2cc3c4c(cccc4n2)Oc2cnccc2-3)cc1,328.32700000000006,0.4437179429766221,25.0,2.9222682713946715,0.0,4.0,21.0,0.0,0.0,6.262760180302905,3.7588639934946246,0.23858580590817127,True,converged,0.0,0.0,100.41472076205054,91.89546683014227,8.519253931908267,0.3407701572763307,0.3658243859009604,0.2834968802228165,[],
"FLOWR head prediction, not measured affinity",gradient,47,True,built,1.1583504676818848,gradient_b047_final_019,6.687087535858154,6.594265460968018,7.845438003540039,7.767279624938965,19,4700183,19,deferred_local,True,True,True,True,0.0,NC(=O)c1[nH]c2c3c(cc4cccc(Cl)c42)-c2ccncc2C(=O)c13,O=C1c2cnccc2-c2cc3ccccc3c3[nH]cc1c23,347.7610000000001,0.4844591844680697,25.0,2.9700277810148528,0.0,4.0,21.0,0.0,0.0,6.434643034422332,3.8199574977308557,2.7446638579818576,False,converged,0.0,0.0,46.6007473347961,33.856192578418074,12.744554756378022,0.509782190255121,0.1592165141774271,0.20316538470427775,[],
"FLOWR head prediction, not measured affinity",gradient,47,True,built,1.055572509765625,gradient_b047_final_020,6.925751686096191,6.8812384605407715,7.981324195861816,7.97526741027832,20,4700183,20,deferred_local,True,True,True,True,0.0,O=C(O)c1ccc2c(c1)nc(Nc1cccc(Cl)c1)c1ccncc12,c1ccc(Nc2nc3ccccc3c3cnccc23)cc1,349.7770000000001,0.5155344149379018,25.0,2.9061219812664447,0.0,4.0,21.0,0.0,0.0,6.080445112342054,3.7089423102567234,1.6006172749257088,False,converged,0.0,0.0,39.06103231657232,27.624970888340087,11.436061428232236,0.45744245712928944,0.22717765120547584,0.325984236399236,[],
"FLOWR head prediction, not measured affinity",gradient,47,True,built,0.7882452011108398,gradient_b047_final_021,7.22905158996582,7.189538478851318,8.01729679107666,7.979768753051758,21,4700183,21,deferred_local,True,True,True,True,0.0,O=C(O)c1ccc2c(c1)nc(Nc1cccc(Cl)c1)c1ccncc12,c1ccc(Nc2nc3ccccc3c3cnccc23)cc1,349.7770000000001,0.5155344149379018,25.0,2.9272262468077184,0.0,4.0,21.0,0.0,0.0,6.112031107753733,3.7327054753228297,1.2195077601556708,False,converged,0.0,0.0,39.04420532708854,27.624970888303473,11.419234438785068,0.45676937755140273,0.22560840372356697,0.32838435415399936,[],
"FLOWR head prediction, not measured affinity",gradient,47,False,decoder_returned_none,0.4050102233886719,gradient_b047_final_022,7.373318672180176,7.327241897583008,7.778328895568848,7.785259246826172,22,4700183,22,deferred_local,False,False,False,,,,,,,,,,,,,,,,,,,,,,,,,,,,"AtomValenceException: Explicit valence for atom # 16 C, 5, is greater than permitted"
"FLOWR head prediction, not measured affinity",gradient,47,True,built,1.7527399063110352,gradient_b047_final_023,6.378863334655762,6.344821929931641,8.131603240966797,8.14914321899414,23,4700183,23,deferred_local,True,True,True,True,0.0,O=C(O)c1ccc2c3cnccc3c3nc4ccccc4nc3c2c1,c1ccc2nc3c4ccncc4c4ccccc4c3nc2c1,325.32700000000006,0.3694068544638749,25.0,2.98675002134427,0.0,4.0,21.0,0.0,0.0,6.045338050514687,3.756370542277302,3.879385635856859,False,converged,0.0,0.0,137.33124859736873,129.04565851758497,8.28559007978376,0.3314236031913504,0.07641643889461076,0.10941453778579756,[],
"FLOWR head prediction, not measured affinity",gradient,47,True,built,0.697385311126709,gradient_b047_final_024,7.22959041595459,7.209239482879639,7.926975727081299,7.92271614074707,24,4700183,24,deferred_local,True,True,True,True,0.0,O=C([O-])c1ccc2c3cnccc3c3c4cccc(Cl)c4[nH]c3c2c1,c1ccc2c(c1)[nH]c1c3ccccc3c3cnccc3c21,345.76500000000004,0.4660740933357744,25.0,2.958365158326469,0.0,4.0,21.0,0.0,0.0,6.0025235505845265,3.7013556786916704,3.9684914729283354,False,converged,0.0,0.0,92.61372259405248,81.40511398338184,11.208608610670638,0.4483443444268255,0.10458589256581105,0.14058418068201317,[],
"FLOWR head prediction, not measured affinity",gradient,47,True,built,0.47979021072387695,gradient_b047_final_025,6.853699684143066,6.849660873413086,7.333489894866943,7.329494476318359,25,4700183,25,deferred_local,True,True,True,True,0.0,O=C(O)c1cc2c3cnccc3c3cc4cccc(Cl)c4cc3n2n1,c1ccc2cc3c(cc2c1)c1ccncc1c1ccnn13,347.7610000000001,0.35684756645984744,25.0,3.0295315627997677,0.0,4.0,21.0,0.0,0.0,6.4805608595300725,3.8742106107417658,2.799187596790995,False,converged,0.0,0.0,109.21494525435554,91.37523651173943,17.83970874261611,0.7135883497046445,0.19056613830264504,0.19362274981385513,[],
"FLOWR head prediction, not measured affinity",gradient,47,True,built,0.7371840476989746,gradient_b047_final_026,6.453016757965088,6.5044732093811035,7.1902008056640625,7.232588768005371,26,4700183,26,deferred_local,True,True,True,True,0.0,O=C(O)c1ccc2c(c1)c1cc3c(Cl)cccc3nc1c1cnoc21,c1ccc2nc3c(cc2c1)c1ccccc1c1oncc31,348.74500000000006,0.33923883876572475,25.0,2.871389402362557,0.0,5.0,20.0,0.0,0.0,6.044232042745121,3.661802220202186,1.8295188031865848,False,converged,0.0,0.0,85.14215764483895,71.14118134401457,14.000976300824377,0.5600390520329751,0.06625210630656893,0.2626218031228399,[],
"FLOWR head prediction, not measured affinity",gradient,47,True,built,0.3769073486328125,gradient_b047_final_027,6.857664108276367,6.818159103393555,7.23457145690918,7.266957759857178,27,4700183,27,deferred_local,True,True,True,True,0.0,O=C(O)c1cc2c3cnccc3c3nc4cccc(Cl)c4cc3n2n1,c1ccc2nc3c4ccncc4c4ccnn4c3cc2c1,348.749,0.3664235574925168,25.0,3.002404531371483,0.0,4.0,21.0,0.0,0.0,6.596749411730566,3.945279286412556,5.439361141000014,False,converged,0.0,0.0,98.50016697832817,83.49238409946146,15.007782878866706,0.6003113151546683,0.09910663969441513,0.1683606993159311,[],
"FLOWR head prediction, not measured affinity",gradient,47,True,built,0.5962800979614258,gradient_b047_final_028,6.769291877746582,6.763599395751953,7.365571975708008,7.353582382202148,28,4700183,28,deferred_local,True,True,True,True,0.0,O=C(O)c1ccc2c(c1)c1cc3c(Cl)cccc3nc1c1cn[nH]c21,c1ccc2nc3c(cc2c1)c1ccccc1c1[nH]ncc31,347.7610000000001,0.3379760857293359,25.0,2.879895890479377,0.0,5.0,20.0,0.0,0.0,5.981386586393857,3.644391739719158,3.3640342457193078,False,converged,0.0,0.0,86.6207321961424,71.87384771092735,14.746884485215048,0.5898753794086019,0.08920252145769121,0.16736488103721744,[],
"FLOWR head prediction, not measured affinity",gradient,47,True,built,0.8306465148925781,gradient_b047_final_029,7.208723068237305,7.1749114990234375,8.039369583129883,8.05904483795166,29,4700183,29,deferred_local,True,True,True,True,0.0,O=C(O)c1ccc2c3cnccc3c3nc4ccc(Cl)cc4n3c2c1,c1ccc2c(c1)nc1c3ccncc3c3ccccc3n21,347.7610000000001,0.4519189764159978,25.0,2.815344470930687,0.0,4.0,21.0,0.0,0.0,6.08821170795724,3.730771331274123,1.7652809844938526,False,converged,0.0,0.0,88.40977959971303,73.77436364580907,14.635415953903959,0.5854166381561583,0.1328595632468246,0.22348726671515748,[],
"FLOWR head prediction, not measured affinity",gradient,47,True,built,1.0224647521972656,gradient_b047_final_030,5.805385589599609,5.83579158782959,6.827850341796875,6.946243762969971,30,4700183,30,deferred_local,True,True,True,True,0.0,NC(=O)c1cc2c3ccccc3c3c(O)cc4ccccc4c3c2o1,c1ccc2c(c1)ccc1c3ccccc3c3ccoc3c21,327.33900000000006,0.4382238453267507,25.0,2.961275221927202,0.0,5.0,20.0,0.0,0.0,7.57062076411046,5.636006508696484,90.05565610636057,False,converged,0.0,0.0,78.9127429024461,65.20897761832705,13.703765284119044,0.5481506113647617,0.15686721501416528,0.1292079427954745,[],
"FLOWR head prediction, not measured affinity",gradient,47,True,built,0.648226261138916,gradient_b047_final_031,7.027560710906982,6.990242004394531,7.675786972045898,7.670085430145264,31,4700183,31,deferred_local,True,True,True,True,0.0,O=C(O)c1ccc2c3cnccc3c3c4cccc(Cl)c4nn3c2c1,c1ccc2c(c1)nn1c3ccccc3c3cnccc3c21,347.76100000000014,0.4519189764159978,25.0,2.97924118191193,0.0,4.0,21.0,0.0,0.0,6.060703537410382,3.7678899291008325,3.6169637761852442,False,converged,0.0,0.0,106.98740667211474,90.99631783317705,15.9910888389377,0.639643553557508,0.14857650067898914,0.10561704198866968,[],
"FLOWR head prediction, not measured affinity",gradient,47,True,built,0.1935863494873047,gradient_b047_final_032,7.287042617797852,7.247885704040527,7.480628967285156,7.399087905883789,32,4700183,32,deferred_local,True,True,True,True,0.0,Oc1cc2c3ccncc3c3nc4cccc(Cl)c4nc3c2cc1O,c1ccc2nc3c4cnccc4c4ccccc4c3nc2c1,347.761,0.24393180230836423,25.0,3.094978466807161,0.0,4.0,21.0,0.0,0.0,6.454282315332574,3.969832409511647,0.7887251169202991,True,converged,0.0,0.0,145.24767334213612,136.23530807386507,9.012365268271054,0.36049461073084216,0.08476703596981253,0.08697890063848104,[],
"FLOWR head prediction, not measured affinity",gradient,47,True,built,1.1070747375488281,gradient_b047_final_033,7.040738105773926,6.985466957092285,8.147812843322754,8.14700698852539,33,4700183,33,deferred_local,True,True,True,True,0.0,O=C(O)c1ccc2c(c1)nc(Nc1cccc(Cl)c1)c1ccncc12,c1ccc(Nc2nc3ccccc3c3cnccc23)cc1,349.77700000000004,0.5155344149379018,25.0,2.91471596729424,0.0,4.0,21.0,0.0,0.0,6.075020476029672,3.7135253836663753,1.8116758470905854,False,converged,0.0,0.0,38.85892249514739,27.62497088840149,11.2339516067459,0.44935806426983604,0.22227181839319465,0.3263296894745197,[],
"FLOWR head prediction, not measured affinity",gradient,47,True,built,0.8959989547729492,gradient_b047_final_034,7.064949035644531,7.019326210021973,7.9609479904174805,7.955221652984619,34,4700183,34,deferred_local,True,True,True,True,0.0,O=C(O)c1ccc2c(c1)nc(Nc1cccc(Cl)c1)c1ccncc12,c1ccc(Nc2nc3ccccc3c3cnccc23)cc1,349.7770000000001,0.5155344149379018,25.0,2.9158471324814004,0.0,4.0,21.0,0.0,0.0,6.111728493234604,3.7248149392473686,1.1221086880800213,False,converged,0.0,0.0,40.00116774911193,27.97516936768188,12.02599838143005,0.481039935257202,0.21748549480569557,0.34673776528808226,[],
"FLOWR head prediction, not measured affinity",gradient,47,True,built,0.9377589225769043,gradient_b047_final_035,7.011987209320068,6.976844310760498,7.949746131896973,7.942732810974121,35,4700183,35,deferred_local,True,True,True,True,0.0,O=C([O-])c1ccc2c(c1)nc(Nc1cccc(Cl)c1)c1ccncc12,c1ccc(Nc2nc3ccccc3c3cnccc23)cc1,348.7690000000002,0.5728034401708366,25.0,2.914081311494242,0.0,4.0,21.0,0.0,0.0,6.111032951429332,3.722999995824839,1.113958356975771,False,converged,0.0,0.0,68.04839395213301,57.544330628720225,10.504063323412787,0.42016253293651146,0.25393852237936304,0.363470111080498,[],
"FLOWR head prediction, not measured affinity",gradient,47,True,built,0.3223094940185547,gradient_b047_final_036,7.009721755981445,7.0062479972839355,7.33203125,7.342034339904785,36,4700183,36,deferred_local,True,True,True,True,0.0,O=C(O)c1cc2c3cc4c(Cl)cccc4nc3c3ccncc3c2s1,c1ccc2nc3c(cc2c1)c1ccsc1c1cnccc13,364.81300000000005,0.3147639843729008,25.0,2.960727824370222,0.0,4.0,21.0,0.0,0.0,6.407079472658473,3.86421110941411,0.9564193863266195,True,converged,0.0,0.0,70.4527314932052,56.15429588936399,14.298435603841213,0.5719374241536486,0.06947861227489094,0.17614757219441815,[],
"FLOWR head prediction, not measured affinity",gradient,47,True,built,0.31663990020751953,gradient_b047_final_037,7.483826637268066,7.442778587341309,7.800466537475586,7.803196907043457,37,4700183,37,deferred_local,True,True,True,True,0.0,O=C(O)c1ccc2c3cnccc3c3c4cccc(Cl)c4[nH]c3c2c1,c1ccc2c(c1)[nH]c1c3ccccc3c3cnccc3c21,346.7730000000001,0.40065193489096657,25.0,2.9637529401081983,0.0,4.0,21.0,0.0,0.0,6.030928211418297,3.7132471879308353,3.1939785291477576,False,converged,0.0,0.0,81.68293745187232,69.08872305570733,12.594214396164986,0.5037685758465994,0.10314009909906996,0.18958782574523197,[],
"FLOWR head prediction, not measured affinity",gradient,47,True,built,-0.25141048431396484,gradient_b047_final_038,7.726398468017578,7.735907554626465,7.474987983703613,7.442006587982178,38,4700183,38,deferred_local,True,True,True,True,0.0,Oc1cc2c3c(c4cnccc4c2cc1O)Oc1cccc(Cl)c1N3,c1ccc2c(c1)Nc1c(c3cnccc3c3ccccc13)O2,350.7610000000001,0.2607926328858938,25.0,3.0143511324993324,0.0,4.0,21.0,0.0,0.0,6.508425859990558,4.032584974364934,1.35716128058481,False,converged,0.0,0.0,101.2337059854813,94.59500330303317,6.638702682448127,0.26554810729792505,0.09128238115871824,0.12575851108829647,[],
"FLOWR head prediction, not measured affinity",gradient,47,True,built,0.44922351837158203,gradient_b047_final_039,7.724184989929199,7.682116508483887,8.173408508300781,8.173134803771973,39,4700183,39,deferred_local,True,True,True,True,0.0,O=C([O-])c1ccc2c3cnccc3c3c4cccc(Cl)c4[nH]c3c2c1,c1ccc2c(c1)[nH]c1c3ccccc3c3cnccc3c21,345.7650000000001,0.4660740933357744,25.0,2.983062064389542,0.0,4.0,21.0,0.0,0.0,6.016745807909663,3.721384413717698,3.974361439458683,False,converged,0.0,0.0,92.24217049598036,81.40511398354887,10.837056512431488,0.4334822604972595,0.10533210088285647,0.1429011614741123,[],
"FLOWR head prediction, not measured affinity",gradient,47,True,built,1.0387639999389648,gradient_b047_final_040,6.959307670593262,6.918192386627197,7.998071670532227,7.989697456359863,40,4700183,40,deferred_local,True,True,True,True,0.0,O=C(O)c1ccc2c(c1)nc(Nc1cccc(Cl)c1)c1ccncc12,c1ccc(Nc2nc3ccccc3c3cnccc23)cc1,349.77700000000004,0.5155344149379018,25.0,2.9130617758640143,0.0,4.0,21.0,0.0,0.0,6.101744304066225,3.719788634256395,1.2660826299922971,False,converged,0.0,0.0,52.07750728827223,39.35209624381153,12.7254110444607,0.509016441778428,0.28246897591379505,0.33216764687869893,[],
"FLOWR head prediction, not measured affinity",gradient,47,True,built,0.6411628723144531,gradient_b047_final_041,7.266261100769043,7.243003845214844,7.907423973083496,7.90385103225708,41,4700183,41,deferred_local,True,True,True,True,0.0,O=C(O)c1ccc2c3cnccc3c3c4cccc(Cl)c4[nH]c3c2c1,c1ccc2c(c1)[nH]c1c3ccccc3c3cnccc3c21,346.7730000000001,0.40065193489096657,25.0,2.978650006294799,0.0,4.0,21.0,0.0,0.0,5.98504222044885,3.7105259356761744,5.019896756253406,False,converged,0.0,0.0,82.38643139065566,69.08872305417981,13.29770833647585,0.531908333459034,0.08618732767517263,0.18226498770105481,[],
"FLOWR head prediction, not measured affinity",gradient,47,True,built,1.511385440826416,gradient_b047_final_042,6.226818561553955,6.21176815032959,7.738204002380371,7.783114433288574,42,4700183,42,deferred_local,True,True,True,True,0.0,O=C(O)c1ccc2c3cnsc3c3nc4ccccc4c(O)c3c2c1,c1ccc2nc3c(cc2c1)c1ccccc1c1cnsc13,346.3670000000001,0.3434394619855932,25.0,2.893980727302793,0.0,4.0,21.0,0.0,0.0,6.102464504917122,3.721612001768296,1.2748066267050264,False,converged,0.0,0.0,91.8470960189866,74.13364811102863,17.71344790795797,0.7085379163183189,0.10491330623918166,0.1396123787770736,[],
"FLOWR head prediction, not measured affinity",gradient,47,True,built,0.42737245559692383,gradient_b047_final_043,7.208370685577393,7.20470666885376,7.635743141174316,7.638883590698242,43,4700183,43,deferred_local,True,True,True,True,0.0,O=C(O)c1cc2c3cc4c(Cl)cccc4cc3c3ccncc3c2s1,c1ccc2cc3c(cc2c1)c1ccncc1c1sccc31,363.8250000000002,0.2886200234371748,25.0,2.9311280575914838,0.0,4.0,21.0,0.0,0.0,6.400066997871631,3.828398674723943,1.4602955402210063,False,converged,0.0,0.0,75.09604933723563,60.187160279551186,14.90888905768444,0.5963555623073776,0.10754535717856126,0.18083310534946379,[],
"FLOWR head prediction, not measured affinity",gradient,47,True,built,0.32387542724609375,gradient_b047_final_044,7.311180114746094,7.2927374839782715,7.6350555419921875,7.634139537811279,44,4700183,44,deferred_local,True,True,True,True,0.0,O=C(O)c1cn2c3cnccc3c3nc4cccc(Br)c4cc3c2n1,c1ccc2nc3c4ccncc4n4ccnc4c3cc2c1,393.2000000000001,0.3434660687089079,25.0,2.9964395154916774,0.0,4.0,21.0,0.0,0.0,6.712731933130378,3.951695295918463,12.228055518734005,False,converged,0.0,0.0,91.24170492496026,76.3198640841884,14.921840840771864,0.5968736336308745,0.08509250270306833,0.1611526026384503,[],
"FLOWR head prediction, not measured affinity",gradient,47,True,built,1.0593538284301758,gradient_b047_final_045,7.056192398071289,7.002257823944092,8.115546226501465,8.108247756958008,45,4700183,45,deferred_local,True,True,True,True,0.0,O=C(O)c1ccc2c(c1)nc(Nc1cccc(Cl)c1)c1ccncc12,c1ccc(Nc2nc3ccccc3c3cnccc23)cc1,349.77700000000004,0.5155344149379018,25.0,2.9116166523084734,0.0,4.0,21.0,0.0,0.0,6.105433601556379,3.7204093835647276,1.19612148715811,False,converged,0.0,0.0,38.754481374395894,27.975169367685353,10.77931200671054,0.43117248026842164,0.22303723818764148,0.3396003604650444,[],
"FLOWR head prediction, not measured affinity",gradient,47,True,built,0.9865741729736328,gradient_b047_final_046,7.055477142333984,7.005865097045898,8.042051315307617,8.034875869750977,46,4700183,46,deferred_local,True,True,True,True,0.0,O=C(O)c1ccc2c(c1)nc(Nc1cccc(Cl)c1)c1ccncc12,c1ccc(Nc2nc3ccccc3c3cnccc23)cc1,349.7770000000001,0.5155344149379018,25.0,2.913609172486935,0.0,4.0,21.0,0.0,0.0,6.103250842583457,3.721225043582056,1.2526980150991345,False,converged,0.0,0.0,39.21690671037427,27.975169367672976,11.241737342701292,0.44966949370805165,0.21898609408571879,0.33904860844066287,[],
"FLOWR head prediction, not measured affinity",gradient,47,True,built,0.6321158409118652,gradient_b047_final_047,6.888597011566162,6.879085063934326,7.520712852478027,7.521748065948486,47,4700183,47,deferred_local,True,True,True,True,0.0,Oc1cc2nc(Nc3cc(Cl)ccc3O)c3ccncc3c2cc1O,c1ccc(Nc2nc3ccccc3c3cnccc23)cc1,353.76500000000004,0.3166695677067093,25.0,3.14292028852149,0.0,4.0,21.0,0.0,0.0,6.953089664632102,4.103894163501357,23.364068699356743,False,converged,0.0,0.0,38.316391419889726,30.17527878892063,8.141112630969097,0.32564450523876387,0.2367378745538596,0.32328774264736154,[],
"FLOWR head prediction, not measured affinity",gradient,47,True,built,0.6735720634460449,gradient_b047_final_048,6.6780009269714355,6.677431106567383,7.3515729904174805,7.349030494689941,48,4700183,48,deferred_local,True,True,True,True,0.0,Oc1cc2c(cc1O)-c1cnccc1C2=C1Nc2cccc(Cl)c2O1,c1ccc2c(c1)NC(=C1c3ccccc3-c3cnccc31)O2,350.7610000000001,0.41109018837369204,25.0,3.0026781079562954,0.0,4.0,21.0,0.0,0.0,6.643057519650282,3.851490488168419,13.02391585448598,False,converged,0.0,0.0,106.72825798828976,92.9232752388525,13.804982749437258,0.5521993099774903,0.2098696299254471,0.1564956629841324,[],
"FLOWR head prediction, not measured affinity",gradient,47,True,built,1.495356559753418,gradient_b047_final_049,6.756531715393066,6.75211238861084,8.251888275146484,8.259572982788086,49,4700183,49,deferred_local,True,True,True,True,0.0,O=C(O)c1cc2c3c(c4c(c2s1)=CN=C4)C(=O)c1cccc(Cl)c1N=3,O=C1c2ccccc2N=c2c1c1c(c3sccc23)=CN=C1,366.7850000000001,0.5622152323101275,25.0,2.9149297298562793,0.0,5.0,20.0,0.0,0.0,6.420181937208529,3.805834255071006,2.6661084435977753,False,converged,0.0,0.0,78.80903289413611,55.28224336761859,23.52678952651752,0.9410715810607008,0.11169038986823052,0.17875053956133566,[],
"FLOWR head prediction, not measured affinity",gradient,48,True,built,0.8201937675476074,gradient_b048_final_000,7.099603652954102,7.078734874725342,7.919797420501709,7.917260646820068,0,4800186,0,deferred_local,True,True,True,True,0.0,O=C(O)c1ccc2c3cnccc3c3c4cccc(Cl)c4[nH]c3c2c1,c1ccc2c(c1)[nH]c1c3ccccc3c3cnccc3c21,346.773,0.40065193489096657,25.0,2.948756846537198,0.0,4.0,21.0,0.0,0.0,5.990090936650796,3.6834799880397107,3.971343297567934,False,converged,0.0,0.0,70.42792502415303,58.52358932176489,11.904335702388138,0.47617342809552554,0.09283617045320401,0.13412756662130546,[],
"FLOWR head prediction, not measured affinity",gradient,48,True,built,0.7336220741271973,gradient_b048_final_001,6.089939117431641,6.075170516967773,6.823561191558838,6.836264610290527,1,4800186,1,deferred_local,True,True,True,True,0.0,O=C1C=c2c(c3ccncc3c3oc(=O)c4ccccc4c23)=NC1=O,O=C1C=c2c(c3ccncc3c3oc(=O)c4ccccc4c23)=NC1=O,328.283,0.2728817709463724,25.0,3.049451932724963,0.0,4.0,21.0,0.0,0.0,6.556414380656896,3.9640535277299853,3.2071637184734403,False,converged,0.0,0.0,176.08902280393073,143.89250859133483,32.1965142125959,1.287860568503836,0.09444399942644792,0.3626896538965878,[],
"FLOWR head prediction, not measured affinity",gradient,48,True,built,0.26511287689208984,gradient_b048_final_002,6.944597244262695,6.903338432312012,7.209710121154785,7.193721771240234,2,4800186,2,deferred_local,True,True,True,True,0.0,O=C1NC(=O)c2c1cc1cnccc1c2-c1nc2cccc(Cl)c2[nH]1,O=C1NC(=O)c2c1cc1cnccc1c2-c1nc2ccccc2[nH]1,348.7490000000001,0.5164574815686941,25.0,2.932392860787927,0.0,4.0,21.0,0.0,0.0,6.507104939402122,3.8299645748311724,5.491724345767284,False,converged,0.0,0.0,0.9103138088532816,-9.700774910407596,10.611088719260877,0.4244435487704351,0.21569830479052937,0.22676202421947206,[],
"FLOWR head prediction, not measured affinity",gradient,48,True,built,0.843747615814209,gradient_b048_final_003,6.9934587478637695,6.952381134033203,7.8372063636779785,7.831450462341309,3,4800186,3,deferred_local,True,True,True,True,0.0,O=C(O)c1ccc2c(c1)nc(Nc1cccc(Cl)c1)c1ccncc12,c1ccc(Nc2nc3ccccc3c3cnccc23)cc1,349.7770000000001,0.5155344149379018,25.0,2.9231865643506243,0.0,4.0,21.0,0.0,0.0,6.060995643645291,3.713653936789256,2.2075584132572783,False,converged,0.0,0.0,39.038482113349765,27.624970888352976,11.413511224996789,0.45654044899987156,0.22356304292059723,0.3287532757877964,[],
"FLOWR head prediction, not measured affinity",gradient,48,True,built,0.905303955078125,gradient_b048_final_004,6.994039535522461,6.952261924743652,7.899343490600586,7.892242908477783,4,4800186,4,deferred_local,True,True,True,True,0.0,O=C(O)c1ccc2c(c1)nc(Nc1cccc(Cl)c1)c1ccncc12,c1ccc(Nc2nc3ccccc3c3cnccc23)cc1,349.77700000000004,0.5155344149379018,25.0,2.933575581095534,0.0,4.0,21.0,0.0,0.0,6.081279650296817,3.7268474828154163,1.881205803064565,False,converged,0.0,0.0,38.813078593897814,27.975169367744545,10.837909226153268,0.4335163690461307,0.22511945018672508,0.34476483124084156,[],
"FLOWR head prediction, not measured affinity",gradient,48,True,built,0.6302623748779297,gradient_b048_final_005,7.061715126037598,7.032829284667969,7.691977500915527,7.691277503967285,5,4800186,5,deferred_local,True,True,True,True,0.0,O=C(O)c1ccc2c3cnccc3n3c4cccc(Cl)c4nc3c2c1,c1ccc2c(c1)nc1c3ccccc3c3cnccc3n21,347.761,0.4519189764159979,25.0,3.008004805514777,0.0,4.0,21.0,0.0,0.0,6.044660955750714,3.783913317900328,4.882070667196482,False,converged,0.0,0.0,99.53362532133072,86.28649432422043,13.24713099711029,0.5298852398844116,0.12859933206231736,0.12193939123415148,[],
"FLOWR head prediction, not measured affinity",gradient,48,True,built,1.1046247482299805,gradient_b048_final_006,7.056791305541992,7.001247406005859,8.161416053771973,8.160847663879395,6,4800186,6,deferred_local,True,True,True,True,0.0,O=C(O)c1ccc2c(c1)nc(Nc1cccc(Cl)c1)c1ccncc12,c1ccc(Nc2nc3ccccc3c3cnccc23)cc1,349.7770000000001,0.5155344149379018,25.0,2.900441418129317,0.0,4.0,21.0,0.0,0.0,6.0829354621598295,3.7064737307440647,1.5056912044883268,False,converged,0.0,0.0,38.93406872991352,27.624970888446953,11.309097841466567,0.4523639136586627,0.22286760897102542,0.32390749340117153,[],
"FLOWR head prediction, not measured affinity",gradient,48,True,built,0.6668715476989746,gradient_b048_final_007,6.762467861175537,6.758129596710205,7.429339408874512,7.431990623474121,7,4800186,7,deferred_local,True,True,True,True,0.0,O=C(O)C=c1ccc2cncc3cc4c([nH]c5cccc(Cl)c54)c1c23,C=c1ccc2cncc3cc4c5ccccc5[nH]c4c1c23,346.7730000000001,0.4763466055107295,25.0,2.9451001069573195,0.0,5.0,20.0,0.0,0.0,6.1426884357606255,3.786429315463976,1.4049241145950049,False,converged,0.0,0.0,79.5851920327699,56.35282868944324,23.232363343326654,0.9292945337330661,0.17111817418963612,0.2389174221313975,[],
"FLOWR head prediction, not measured affinity",gradient,48,True,built,0.8311710357666016,gradient_b048_final_008,7.161891937255859,7.114725589752197,7.993062973022461,7.993156433105469,8,4800186,8,deferred_local,True,True,True,True,0.0,O=C([O-])c1ccc2c(c1)nc(Nc1cccc(Cl)c1)c1ccncc12,c1ccc(Nc2nc3ccccc3c3cnccc23)cc1,348.7690000000001,0.5728034401708366,25.0,2.918557122963331,0.0,4.0,21.0,0.0,0.0,6.099350275654374,3.7233059843098535,1.3675885715660705,False,converged,0.0,0.0,68.85104673110186,57.54433062882105,11.30671610228081,0.45226864409123235,0.2349959581719992,0.3708940969612017,[],
"FLOWR head prediction, not measured affinity",gradient,48,True,built,1.9606904983520508,gradient_b048_final_009,6.359200477600098,6.322896480560303,8.319890975952148,8.333640098571777,9,4800186,9,deferred_local,True,True,True,True,0.0,O=C(O)c1ccc2c3cnccc3c3nc4ccccc4nc3c2c1,c1ccc2nc3c4ccncc4c4ccccc4c3nc2c1,325.32700000000006,0.36940685446387495,25.0,2.9968731604791055,0.0,4.0,21.0,0.0,0.0,6.093271305819606,3.775282674744525,2.616033048162699,False,converged,0.0,0.0,151.29563031029846,139.88526787837438,11.410362431924085,0.4564144972769634,0.10269821421179103,0.2159662504854727,[],
"FLOWR head prediction, not measured affinity",gradient,48,True,built,-0.019110679626464844,gradient_b048_final_010,7.512359619140625,7.489288330078125,7.49324893951416,7.470017433166504,10,4800186,10,deferred_local,True,True,True,True,0.0,Nc1cccc2nc3c4cnccc4c4cc(O)c(O)cc4c3nc12,c1ccc2nc3c4cnccc4c4ccccc4c3nc2c1,328.3310000000001,0.1738978675896555,25.0,3.1116610901574755,0.0,4.0,21.0,0.0,0.0,6.514363482520825,4.035638708931329,1.4267462558800434,False,converged,0.0,0.0,153.22257009299653,147.42678868637003,5.795781406626503,0.23183125626506013,0.08687283791539888,0.07102423179989449,[],
"FLOWR head prediction, not measured affinity",gradient,48,True,built,1.596229076385498,gradient_b048_final_011,6.2152533531188965,6.202085971832275,7.8114824295043945,7.823624610900879,11,4800186,11,deferred_local,True,True,True,True,0.0,O=C(O)c1ccc2c3cnccc3c3nc4ccccc4nc3c2c1,c1ccc2nc3c4ccncc4c4ccccc4c3nc2c1,325.3270000000001,0.3694068544638749,25.0,2.9807554092880544,0.0,4.0,21.0,0.0,0.0,6.045927011495366,3.7747720699544143,4.482969896415725,False,converged,0.0,0.0,139.98307143552148,128.9356961683051,11.047375267216381,0.4418950106886552,0.09039137190246549,0.12121222597031667,[],
"FLOWR head prediction, not measured affinity",gradient,48,True,built,1.5422248840332031,gradient_b048_final_012,6.598838806152344,6.571897983551025,8.141063690185547,8.150301933288574,12,4800186,12,deferred_local,True,True,True,True,0.0,O=C(O)c1ccc2c3cnccc3c3nc4ccccc4nc3c2c1,c1ccc2nc3c4ccncc4c4ccccc4c3nc2c1,325.32700000000006,0.36940685446387495,25.0,2.99252930645633,0.0,4.0,21.0,0.0,0.0,6.081470297801687,3.7883367091553293,3.4381171473744008,False,converged,0.0,0.0,139.4217679730292,129.04565852018538,10.37610945284382,0.41504437811375283,0.08514482738253405,0.11369074579456251,[],
"FLOWR head prediction, not measured affinity",gradient,48,True,built,0.3959798812866211,gradient_b048_final_013,7.388184547424316,7.3387556076049805,7.7841644287109375,7.789105415344238,13,4800186,13,deferred_local,True,True,True,True,0.0,O=C(O)c1ccc2c3cnccc3c3c4cccc(Cl)c4[nH]c3c2c1,c1ccc2c(c1)[nH]c1c3ccccc3c3cnccc3c21,346.7730000000001,0.40065193489096657,25.0,2.9763052666015284,0.0,4.0,21.0,0.0,0.0,5.991579278464398,3.7052427278226463,4.549839279241582,False,converged,0.0,0.0,70.27068485180635,58.701494478484705,11.569190373321646,0.46276761493286583,0.10196255466948631,0.14513818960204952,[],
"FLOWR head prediction, not measured affinity",gradient,48,True,built,0.8247227668762207,gradient_b048_final_014,6.872276782989502,6.846105575561523,7.696999549865723,7.7030487060546875,14,4800186,14,deferred_local,True,True,True,True,0.0,O=C([O-])c1ccc2c3cnccc3n3c4cccc(Cl)c4nc3c2c1,c1ccc2c(c1)nc1c3ccccc3c3cnccc3n21,346.75300000000004,0.4369276913387954,25.0,2.985435988260343,0.0,4.0,21.0,0.0,0.0,6.040036906691193,3.7762695182057606,4.80919244080227,False,converged,0.0,0.0,128.59994609084367,116.34859035612855,12.25135573471512,0.49005422938860477,0.12571410582189257,0.13074112655892886,[],
"FLOWR head prediction, not measured affinity",gradient,48,True,built,0.9591522216796875,gradient_b048_final_015,6.997922897338867,6.95646333694458,7.957075119018555,7.947260856628418,15,4800186,15,deferred_local,True,True,True,True,0.0,O=C(O)c1ccc2c(c1)nc(Nc1cccc(Cl)c1)c1ccncc12,c1ccc(Nc2nc3ccccc3c3cnccc23)cc1,349.77700000000004,0.5155344149379018,25.0,2.9028408103097907,0.0,4.0,21.0,0.0,0.0,6.095241036536793,3.7109694472736576,1.2916610335122838,False,converged,0.0,0.0,39.11792863315152,27.975169367748627,11.142759265402894,0.4457103706161158,0.22575877717061874,0.3387580051639362,[],
"FLOWR head prediction, not measured affinity",gradient,48,True,built,0.49714183807373047,gradient_b048_final_016,7.5757598876953125,7.52683162689209,8.072901725769043,8.070574760437012,16,4800186,16,deferred_local,True,True,True,True,0.0,O=C(O)c1ccc2c3cnccc3c3c4cccc(Cl)c4[nH]c3c2c1,c1ccc2c(c1)[nH]c1c3ccccc3c3cnccc3c21,346.773,0.4006519348909666,25.0,2.973931742659874,0.0,4.0,21.0,0.0,0.0,6.005165918337135,3.714881566196294,4.262477498153156,False,converged,0.0,0.0,70.99272080441648,58.70149447847224,12.291226325944237,0.49164905303776946,0.10176679024227576,0.14328767200775092,[],
"FLOWR head prediction, not measured affinity",gradient,48,True,built,0.8562583923339844,gradient_b048_final_017,6.867318153381348,6.848831653594971,7.723576545715332,7.727169036865234,17,4800186,17,deferred_local,True,True,True,True,0.0,Cc1cccc2c1nc1c3cc(C(=O)O)ccc3c3cnccc3n21,c1ccc2c(c1)nc1c3ccccc3c3cnccc3n21,327.3430000000001,0.4686597814743569,25.0,2.992254168682868,0.0,4.0,21.0,0.0,0.0,6.03534521959309,3.778651345174963,5.123891145044016,False,converged,0.0,0.0,92.35220281332496,79.18194906358954,13.170253749735423,0.5268101499894169,0.18351575468107464,0.16113243218605514,[],
"FLOWR head prediction, not measured affinity",gradient,48,True,built,0.44878721237182617,gradient_b048_final_018,7.049790859222412,7.056941032409668,7.498578071594238,7.518355846405029,18,4800186,18,deferred_local,True,True,True,True,0.0,Oc1cc2c3cnccc3c3nc4cccc(Cl)c4nc3c2cc1O,c1ccc2nc3c4ccncc4c4ccccc4c3nc2c1,347.7610000000001,0.24393180230836417,25.0,3.2045635475053387,0.0,4.0,21.0,0.0,0.0,6.836065647405274,4.05305228248848,16.022028994573706,False,converged,0.0,0.0,139.87717727934452,133.75262221625854,6.124555063085978,0.24498220252343914,0.07661974599161848,0.10787532563923967,[],
"FLOWR head prediction, not measured affinity",gradient,48,True,built,0.6446642875671387,gradient_b048_final_019,6.553379535675049,6.544677734375,7.1980438232421875,7.203661918640137,19,4800186,19,deferred_local,True,True,True,True,0.0,O=C(O)CN1C=Cc2cncc3cc4c([nH]c5c(Cl)cccc54)c1c23,C1=Cc2cncc3cc4c([nH]c5ccccc54)c(c23)N1,349.7770000000001,0.562541377718019,25.0,2.95405095419832,0.0,5.0,20.0,0.0,0.0,6.242562138470133,3.7759157207600786,0.05437514976998239,True,converged,0.0,0.0,122.5315629759195,85.26565150454843,37.26591147137107,1.4906364588548429,1.7333941398858401,1.5419562251679206,[],
"FLOWR head prediction, not measured affinity",gradient,48,True,built,0.7954721450805664,gradient_b048_final_020,7.224172592163086,7.177874565124512,8.019644737243652,8.020135879516602,20,4800186,20,deferred_local,True,True,True,True,0.0,O=C(O)c1ccc2c(c1)nc(Nc1cccc(Cl)c1)c1ccncc12,c1ccc(Nc2nc3ccccc3c3cnccc23)cc1,349.77700000000004,0.5155344149379016,25.0,2.925936884144975,0.0,4.0,21.0,0.0,0.0,6.103901670155264,3.7294597904403557,1.3538452017560985,False,converged,0.0,0.0,50.16471390629299,37.52090508683139,12.643808819461597,0.5057523527784639,0.279559082846457,0.3265067459183195,[],
"FLOWR head prediction, not measured affinity",gradient,48,True,built,0.8889055252075195,gradient_b048_final_021,7.004868507385254,6.962229251861572,7.893774032592773,7.884310245513916,21,4800186,21,deferred_local,True,True,True,True,0.0,O=C(O)c1ccc2c(c1)nc(Nc1cccc(Cl)c1)c1ccncc12,c1ccc(Nc2nc3ccccc3c3cnccc23)cc1,349.77700000000016,0.5155344149379016,25.0,2.9133889647625164,0.0,4.0,21.0,0.0,0.0,6.092724626109261,3.717140039829106,1.4304983743064075,False,converged,0.0,0.0,39.96200025518385,27.975169367737784,11.986830887446068,0.4794732354978427,0.2247088190626329,0.3479754252976102,[],
"FLOWR head prediction, not measured affinity",gradient,48,True,built,0.5532903671264648,gradient_b048_final_022,7.051573753356934,7.213027477264404,7.604864120483398,7.980690002441406,22,4800186,22,deferred_local,True,True,True,True,0.0,O=c1c2ccccc2[nH]c2c3cc(O)c(O)cc3c3ccccc3c12,O=c1c2ccccc2[nH]c2c3ccccc3c3ccccc3c12,327.339,0.22415936662533292,25.0,3.0758721299819993,0.0,4.0,21.0,0.0,0.0,8.019985015420165,5.984607896114771,118.36855905137114,False,converged,0.0,0.0,109.91720503797569,98.98881922170267,10.928385816273021,0.43713543265092086,0.06486313589666988,0.13992653719753706,[],
"FLOWR head prediction, not measured affinity",gradient,48,True,built,-0.06249809265136719,gradient_b048_final_023,7.712834358215332,7.698269844055176,7.650336265563965,7.646808624267578,23,4800186,23,deferred_local,True,True,True,True,0.0,Oc1cc2c3ccncc3c3nc4cccc(Cl)c4nc3c2cc1O,c1ccc2nc3c4cnccc4c4ccccc4c3nc2c1,347.761,0.24393180230836417,25.0,3.052260657283386,0.0,4.0,21.0,0.0,0.0,6.487748626078435,4.037325160306644,1.2115694104240515,False,converged,0.0,0.0,146.57668290904556,141.00387974865302,5.572803160392539,0.22291212641570154,0.08917086071569558,0.10010963307558479,[],
"FLOWR head prediction, not measured affinity",gradient,48,True,built,0.13204097747802734,gradient_b048_final_024,7.464838981628418,7.441717147827148,7.596879959106445,7.569599151611328,24,4800186,24,deferred_local,True,True,True,True,0.0,Cc1cccc2nc3c4cnccc4c4cc(O)c(O)cc4c3nc12,c1ccc2nc3c4cnccc4c4ccccc4c3nc2c1,327.3430000000001,0.25302223315368233,25.0,3.113673383641903,0.0,4.0,21.0,0.0,0.0,6.477143798157977,3.9943613608548616,1.0059098527814236,False,converged,0.0,0.0,133.36466779532282,128.0352888864203,5.329378908902527,0.21317515635610107,0.08256483441843038,0.07910201599443836,[],
"FLOWR head prediction, not measured affinity",gradient,48,True,built,0.7084550857543945,gradient_b048_final_025,7.206398010253906,7.168990612030029,7.914853096008301,7.906655311584473,25,4800186,25,deferred_local,True,True,True,True,0.0,O=C([O-])c1ccc2c(c1)nc(Nc1cccc(Cl)c1)c1ccncc12,c1ccc(Nc2nc3ccccc3c3cnccc23)cc1,348.7690000000001,0.5728034401708366,25.0,2.8922536230420737,0.0,4.0,21.0,0.0,0.0,6.162031084862661,3.719925724129912,0.389414417656187,True,converged,0.0,0.0,68.3200005829826,57.5443306288357,10.775669954146899,0.43102679816587597,0.2430848975148707,0.3759886421932997,[],
"FLOWR head prediction, not measured affinity",gradient,48,True,built,0.7830667495727539,gradient_b048_final_026,7.116546630859375,7.094176292419434,7.899613380432129,7.89887809753418,26,4800186,26,deferred_local,True,True,True,True,0.0,O=C(O)c1ccc2c3cnccc3c3c4cccc(Cl)c4[nH]c3c2c1,c1ccc2c(c1)[nH]c1c3ccccc3c3cnccc3c21,346.77300000000014,0.40065193489096657,25.0,2.9762140346419987,0.0,4.0,21.0,0.0,0.0,5.9853786410650995,3.706445881300181,4.867111453085401,False,converged,0.0,0.0,70.11002754721792,58.52358932184124,11.586438225376682,0.46345752901506726,0.08543624395857473,0.1424730455677262,[],
"FLOWR head prediction, not measured affinity",gradient,48,True,built,1.9130291938781738,gradient_b048_final_027,6.0937113761901855,6.079021453857422,8.00674057006836,8.01626205444336,27,4800186,27,deferred_local,True,True,True,True,0.0,Nc1nccc2c1c1ccc(C(=O)O)cc1c1[nH]c3ccccc3c21,c1ccc2c(c1)[nH]c1c3ccccc3c3cnccc3c21,327.343,0.4001640949951786,25.0,2.968356981564045,0.0,5.0,20.0,0.0,0.0,6.053787143346837,3.7941249116595164,4.845174736437654,False,converged,0.0,0.0,48.64446990133891,32.670492145983474,15.973977755355435,0.6389591102142174,0.18691449617205902,0.12026008333842028,[],
"FLOWR head prediction, not measured affinity",gradient,48,True,built,0.6304831504821777,gradient_b048_final_028,7.065757751464844,7.037714004516602,7.6962409019470215,7.696272373199463,28,4800186,28,deferred_local,True,True,True,True,0.0,O=C(O)c1ccc2c3cnccc3n3c4cccc(Cl)c4nc3c2c1,c1ccc2c(c1)nc1c3ccccc3c3cnccc3n21,347.76099999999997,0.4519189764159979,25.0,3.01169973270909,0.0,4.0,21.0,0.0,0.0,6.050841558414704,3.7947450866488333,5.00960289662973,False,converged,0.0,0.0,109.47750500037367,95.51362902237663,13.963875977997034,0.5585550391198814,0.17668691806454445,0.15991027994025866,[],
"FLOWR head prediction, not measured affinity",gradient,48,True,built,1.1024994850158691,gradient_b048_final_029,6.397078514099121,6.365020751953125,7.49957799911499,7.5040388107299805,29,4800186,29,deferred_local,True,True,True,True,0.0,O=C(O)c1ccc(-c2cn[nH]c2)c2c1[nH]c1c3ccccc3ccc12,c1ccc2c(c1)ccc1c2[nH]c2cccc(-c3cn[nH]c3)c21,327.3430000000001,0.4442729734709976,25.0,2.666801323683489,0.0,5.0,20.0,0.0,0.0,5.938640415124666,3.473051340254724,3.301382757074496,False,converged,0.0,0.0,85.51800171813306,64.67511619963568,20.842885518497383,0.8337154207398954,0.8986077537714999,0.4447015951150403,[],
"FLOWR head prediction, not measured affinity",gradient,48,True,built,1.0484352111816406,gradient_b048_final_030,7.063831329345703,7.010547637939453,8.112266540527344,8.104945182800293,30,4800186,30,deferred_local,True,True,True,True,0.0,O=C(O)c1ccc2c(c1)nc(Nc1cccc(Cl)c1)c1ccncc12,c1ccc(Nc2nc3ccccc3c3cnccc23)cc1,349.777,0.5155344149379018,25.0,2.9156754431863647,0.0,4.0,21.0,0.0,0.0,6.111483349617596,3.7248201637967844,1.1271278121575141,False,converged,0.0,0.0,38.76531059677409,27.97516936773927,10.790141229034823,0.43160564916139293,0.22356855294047667,0.3392359394341086,[],
"FLOWR head prediction, not measured affinity",gradient,48,True,built,1.521103858947754,gradient_b048_final_031,6.6075239181518555,6.579468727111816,8.12862777709961,8.13632869720459,31,4800186,31,deferred_local,True,True,True,True,0.0,O=C(O)c1ccc2c3cnccc3c3nc4ccccc4nc3c2c1,c1ccc2nc3c4ccncc4c4ccccc4c3nc2c1,325.327,0.36940685446387495,25.0,2.995874177932047,0.0,4.0,21.0,0.0,0.0,6.089346494913875,3.8002969812265905,3.5139460770981787,False,converged,0.0,0.0,151.36692305741303,139.88526787840345,11.481655179009579,0.45926620716038313,0.09677590824664531,0.2064659260233507,[],
"FLOWR head prediction, not measured affinity",gradient,48,False,decoder_returned_none,0.44876861572265625,gradient_b048_final_032,7.0955729484558105,7.085133075714111,7.544341564178467,7.540894508361816,32,4800186,32,deferred_local,False,False,False,,,,,,,,,,,,,,,,,,,,,,,,,,,,"AtomValenceException: Explicit valence for atom # 16 C, 5, is greater than permitted"
"FLOWR head prediction, not measured affinity",gradient,48,True,built,0.2528400421142578,gradient_b048_final_033,6.564129829406738,6.551830291748047,6.816969871520996,6.808821678161621,33,4800186,33,deferred_local,True,True,True,True,0.0,Oc1cc2c(cc1O)c1nc3c(Cl)cccc3n1c1c(O)cccc21,c1ccc2c(c1)nc1c3ccccc3c3ccccc3n21,350.7610000000001,0.28234791531467685,25.0,3.0687356288869223,0.0,5.0,20.0,0.0,0.0,7.209579511723686,5.108906975612447,44.77017023509344,False,converged,0.0,0.0,103.43048534884436,85.9256113921413,17.50487395670305,0.7001949582681221,0.36503734326896303,0.2202173055752032,[],
"FLOWR head prediction, not measured affinity",gradient,48,True,built,1.3619232177734375,gradient_b048_final_034,6.570090293884277,6.548247814178467,7.932013511657715,7.937903881072998,34,4800186,34,deferred_local,True,True,True,True,0.0,O=C(O)c1ccc2c3cnccc3c3nc4ccccc4nc3c2c1,c1ccc2nc3c4ccncc4c4ccccc4c3nc2c1,325.327,0.36940685446387495,25.0,3.0070678559021573,0.0,4.0,21.0,0.0,0.0,6.082502106303249,3.78044545043486,3.1523890512620327,False,converged,0.0,0.0,151.2253949212496,139.8852678789149,11.3401270423347,0.453605081693388,0.09817038712505108,0.2089614075542088,[],
"FLOWR head prediction, not measured affinity",gradient,48,True,built,-0.30754566192626953,gradient_b048_final_035,7.134204864501953,7.129833221435547,6.826659202575684,7.017395973205566,35,4800186,35,deferred_local,True,True,True,True,0.0,Cc1cccc2nc3c4ccccc4c4cc(O)c(F)cc4c3nc12,c1ccc2nc3c4ccccc4c4ccccc4c3nc2c1,328.34600000000006,0.31212789374655203,25.0,3.1386466303169605,0.0,4.0,21.0,0.0,0.0,9.39240995248957,7.322337107077224,308.56210355944006,False,converged,0.0,0.0,153.99255599514407,149.18250715298694,4.81004884215713,0.1924019536862852,0.08781223012211893,0.08489716979933452,[],
"FLOWR head prediction, not measured affinity",gradient,48,True,built,0.47848033905029297,gradient_b048_final_036,6.822650909423828,6.765419960021973,7.301131248474121,7.27288818359375,36,4800186,36,deferred_local,True,True,True,True,0.0,O=C(O)c1ccc2c(c1)c1cc3c(Cl)cccc3nc1c1cn[nH]c21,c1ccc2nc3c(cc2c1)c1ccccc1c1[nH]ncc31,347.7610000000001,0.3379760857293359,25.0,2.9080674923391996,0.0,5.0,20.0,0.0,0.0,5.9568456096298155,3.649295044910064,4.404831172099417,False,converged,0.0,0.0,98.07370359476934,82.90006552503803,15.173638069731311,0.6069455227892524,0.061241363218345043,0.2371520297347639,[],
"FLOWR head prediction, not measured affinity",gradient,48,True,built,0.3865475654602051,gradient_b048_final_037,6.71392822265625,6.715096473693848,7.100475788116455,7.065054893493652,37,4800186,37,deferred_local,True,True,True,True,0.0,O=c1c2c(O)cccc2oc2c3c(c4ccc(CO)cc4c12)CN=C3,O=c1c2ccccc2oc2c3c(c4ccccc4c12)CN=C3,331.327,0.4142588762693805,25.0,2.8892632573028023,0.0,5.0,20.0,0.0,0.0,6.1120994836756095,3.703158442556809,0.9005488569811403,True,converged,0.0,0.0,115.75769563626598,95.44238701558193,20.31530862068405,0.812612344827362,1.7254862550384447,1.559411066895195,[],
"FLOWR head prediction, not measured affinity",gradient,48,True,built,0.8131270408630371,gradient_b048_final_038,7.113348960876465,7.070378303527832,7.926476001739502,7.922348976135254,38,4800186,38,deferred_local,True,True,True,True,0.0,O=C([O-])c1ccc2c(c1)nc(Nc1cccc(Cl)c1)c1ccncc12,c1ccc(Nc2nc3ccccc3c3cnccc23)cc1,348.76900000000006,0.5728034401708367,25.0,2.9180369874283643,0.0,4.0,21.0,0.0,0.0,6.106813507073913,3.7250950571378363,1.2278200572204847,False,converged,0.0,0.0,68.96377673406629,57.54433062874146,11.419446105324823,0.45677784421299295,0.23917297950881405,0.3755574417939393,[],
"FLOWR head prediction, not measured affinity",gradient,48,True,built,0.9977798461914062,gradient_b048_final_039,7.033968925476074,6.985528945922852,8.03174877166748,8.024568557739258,39,4800186,39,deferred_local,True,True,True,True,0.0,O=C(O)c1ccc2c(c1)nc(Nc1cccc(Cl)c1)c1ccncc12,c1ccc(Nc2nc3ccccc3c3cnccc23)cc1,349.7770000000001,0.5155344149379018,25.0,2.921421643652283,0.0,4.0,21.0,0.0,0.0,6.087484084567899,3.721764587827642,1.6280985084365414,False,converged,0.0,0.0,39.05411228131445,27.975169367676983,11.07894291363747,0.4431577165454988,0.21805939898883167,0.3388086365495556,[],
"FLOWR head prediction, not measured affinity",gradient,48,True,built,0.7866415977478027,gradient_b048_final_040,7.177866458892822,7.1363420486450195,7.964508056640625,7.964777946472168,40,4800186,40,deferred_local,True,True,True,True,0.0,O=C(O)c1ccc2c3cnccc3c3c4cccc(Cl)c4[nH]c3c2c1,c1ccc2c(c1)[nH]c1c3ccccc3c3cnccc3c21,346.773,0.40065193489096657,25.0,2.914693663148839,0.0,4.0,21.0,0.0,0.0,5.97499448736639,3.668103227050628,4.16438109597219,False,converged,0.0,0.0,70.71966768255893,58.70149447847825,12.018173204080682,0.48072692816322726,0.10185923229386667,0.1391658729334775,[],
"FLOWR head prediction, not measured affinity",gradient,48,True,built,1.4396958351135254,gradient_b048_final_041,6.379652500152588,6.3429718017578125,7.819348335266113,7.83049201965332,41,4800186,41,deferred_local,True,True,True,True,0.0,O=C(O)c1ccc2c3cnccc3c3nc4ccccc4nc3c2c1,c1ccc2nc3c4ccncc4c4ccccc4c3nc2c1,325.32700000000006,0.36940685446387495,25.0,2.9780852657370303,0.0,4.0,21.0,0.0,0.0,6.026964634865585,3.747551731691104,4.376714631821933,False,converged,0.0,0.0,137.2397426839323,128.9356961672637,8.304046516668592,0.3321618606667437,0.09316832958258654,0.12002362705358463,[],
"FLOWR head prediction, not measured affinity",gradient,48,True,built,0.4912271499633789,gradient_b048_final_042,7.2162041664123535,7.199149131774902,7.707431316375732,7.698822021484375,42,4800186,42,deferred_local,True,True,True,True,0.0,O=C(O)c1ccc2c3cnccc3c3c4cccc(Cl)c4[nH]c3c2c1,c1ccc2c(c1)[nH]c1c3ccccc3c3cnccc3c21,346.77300000000014,0.40065193489096657,25.0,2.9637076323416247,0.0,4.0,21.0,0.0,0.0,6.005565033971887,3.7040154966896193,3.921077656563181,False,converged,0.0,0.0,81.81710138048977,69.08872305364406,12.728378326845714,0.5091351330738285,0.09678030766366912,0.19526200547037303,[],
"FLOWR head prediction, not measured affinity",gradient,48,True,built,0.4255232810974121,gradient_b048_final_043,7.066153049468994,7.073734283447266,7.491676330566406,7.502684593200684,43,4800186,43,deferred_local,True,True,True,True,0.0,Oc1cc2c3cnccc3c3nc4cccc(Cl)c4nc3c2cc1O,c1ccc2nc3c4ccncc4c4ccccc4c3nc2c1,347.7610000000001,0.24393180230836417,25.0,3.203304774759967,0.0,4.0,21.0,0.0,0.0,6.803705963720903,4.048096737381808,13.740757054957701,False,converged,0.0,0.0,139.6231665141971,133.7526222101298,5.870544304067295,0.2348217721626918,0.06882619563310707,0.09908878333180322,[],
"FLOWR head prediction, not measured affinity",gradient,48,True,built,0.8951568603515625,gradient_b048_final_044,7.070267677307129,7.044360160827637,7.965424537658691,7.962689399719238,44,4800186,44,deferred_local,True,True,True,True,0.0,O=C(O)c1ccc2c3cnccc3c3c4cccc(Cl)c4[nH]c3c2c1,c1ccc2c(c1)[nH]c1c3ccccc3c3cnccc3c21,346.7730000000001,0.4006519348909666,25.0,2.948573517821796,0.0,4.0,21.0,0.0,0.0,5.999821157111438,3.676156415961225,3.412406352148681,False,converged,0.0,0.0,84.7190961011371,70.04753455055908,14.67156155057802,0.5868624620231208,0.13837038266573584,0.251401037688823,[],
"FLOWR head prediction, not measured affinity",gradient,48,True,built,-0.7323193550109863,gradient_b048_final_045,7.925522327423096,7.899925231933594,7.193202972412109,7.217822074890137,45,4800186,45,deferred_local,True,True,True,True,0.0,O=C1C=c2c(c3ccccc3c3nc4cc[nH]c(=O)c4cc23)=C[C@@H]1O,O=C1C=c2c(c3ccccc3c3nc4cc[nH]c(=O)c4cc23)=CC1,328.32700000000006,0.3682625333677972,25.0,3.0363287190289565,0.0,4.0,21.0,0.0,0.0,9.57607804116391,7.499118601214619,341.41103346367635,False,converged,0.0,0.0,108.21762497504184,83.76944985064239,24.448175124399455,0.9779270049759782,0.17824541593656631,0.2558834576571195,[],
"FLOWR head prediction, not measured affinity",gradient,48,True,built,0.6357889175415039,gradient_b048_final_046,7.0703840255737305,7.039749622344971,7.706172943115234,7.719511032104492,46,4800186,46,deferred_local,True,True,True,True,0.0,O=C(O)c1ccc2c3cnccc3c3c4cccc(Cl)c4[nH]c3c2c1,c1ccc2c(c1)[nH]c1c3ccccc3c3cnccc3c21,346.77300000000014,0.40065193489096657,25.0,2.954343488831317,0.0,4.0,21.0,0.0,0.0,5.98094440974332,3.686034483230841,4.4227040899447605,False,converged,0.0,0.0,70.54782707935709,58.701494478986746,11.846332600370346,0.47385330401481385,0.10289638280741414,0.1446934517611183,[],
"FLOWR head prediction, not measured affinity",gradient,48,True,built,0.410614013671875,gradient_b048_final_047,7.0522003173828125,7.066568374633789,7.4628143310546875,7.501102447509766,47,4800186,47,deferred_local,True,True,True,True,0.0,OC(O)c1ccc2c3cnccc3n3c4cccc(Cl)c4nc3c2c1,c1ccc2c(c1)nc1c3ccccc3c3cnccc3n21,349.77700000000004,0.3562711258183452,25.0,3.01251357839264,0.0,4.0,21.0,0.0,0.0,6.068862517558092,3.797404524154153,4.278906547287394,False,converged,0.0,0.0,126.3809130597185,59.6552363731965,66.725676686522,2.66902706746088,0.4086974873923519,0.43465787033539593,[],
"FLOWR head prediction, not measured affinity",gradient,48,True,built,0.2640814781188965,gradient_b048_final_048,7.101528167724609,7.1151018142700195,7.365609645843506,7.376126289367676,48,4800186,48,deferred_local,True,True,True,True,0.0,O=C(O)c1cc2c3cc4c(Cl)cccc4cc3c3ccncc3c2s1,c1ccc2cc3c(cc2c1)c1ccncc1c1sccc31,363.8250000000001,0.2886200234371748,25.0,2.944752351217337,0.0,4.0,21.0,0.0,0.0,6.409365699550008,3.808684646203046,2.2202362958062607,False,converged,0.0,0.0,77.61555698918914,60.187160279637446,17.4283967095517,0.697135868382068,0.15762209717359482,0.1720396367512609,[],
"FLOWR head prediction, not measured affinity",gradient,48,True,built,1.9439573287963867,gradient_b048_final_049,6.363947868347168,6.33035945892334,8.307905197143555,8.32201099395752,49,4800186,49,deferred_local,True,True,True,True,0.0,O=C(O)c1ccc2c3cnccc3c3nc4ccccc4nc3c2c1,c1ccc2nc3c4ccncc4c4ccccc4c3nc2c1,325.32700000000006,0.36940685446387495,25.0,2.9978122773115787,0.0,4.0,21.0,0.0,0.0,6.084681935893652,3.7887561824348723,3.3251755135559207,False,converged,0.0,0.0,138.74993828422419,129.04565852069476,9.704279763529428,0.3881711905411771,0.07657595673631429,0.10460720410224027,[],
